city,propertyType,furnishing,bhk,bathrooms,areaSqft,age,floor,totalFloors,price
Gurugram,Villa,Unfurnished,4,3,1985,22,10,13,16640783
Hyderabad,Apartment,Unfurnished,3,3,1370,21,28,29,5732200
Bangalore,Studio,Unfurnished,3,2,1376,14,29,30,7235501
Gurugram,Independent House,Semi-Furnished,5,4,2536,17,3,27,22522207
Chennai,Independent House,Unfurnished,4,3,1847,6,11,31,12513159
Gurugram,Independent House,Unfurnished,2,1,816,21,9,10,6151751
Hyderabad,Plot,Unfurnished,5,4,2426,22,27,28,8307775
Noida,Villa,Furnished,4,4,1951,12,8,31,21516861
Hyderabad,Independent House,Semi-Furnished,1,1,549,4,9,10,4438645
Bangalore,Apartment,Unfurnished,4,3,1899,23,4,5,11391138
Noida,Studio,Furnished,2,2,714,4,25,26,5563073
Chennai,Apartment,Unfurnished,3,3,1125,6,16,22,8146271
Noida,Apartment,Unfurnished,3,3,1475,12,6,29,6498461
Chennai,Apartment,Semi-Furnished,4,3,1743,11,11,22,12516316
Chennai,Apartment,Unfurnished,3,3,1355,19,12,13,6614432
Gurugram,Independent House,Unfurnished,2,1,802,23,14,29,9805821
Noida,Studio,Furnished,3,3,1326,6,1,5,10010524
Hyderabad,Apartment,Unfurnished,2,2,972,4,0,3,4972961
Chennai,Apartment,Semi-Furnished,2,2,1000,10,23,29,6427770
Gurugram,Apartment,Furnished,4,3,1962,15,0,11,17117942
Delhi,Independent House,Unfurnished,2,1,971,2,18,22,12274055
Gurugram,Plot,Unfurnished,2,2,849,24,24,25,4907128
Gurugram,Independent House,Semi-Furnished,4,3,2017,16,1,3,14340679
Chennai,Apartment,Unfurnished,4,3,1951,15,15,16,12369339
Noida,Apartment,Furnished,2,1,1062,24,28,29,7622454
Chennai,Apartment,Semi-Furnished,3,2,1565,0,13,23,13895739
Pune,Apartment,Semi-Furnished,2,1,1064,18,21,25,7050025
Chennai,Plot,Unfurnished,3,2,1438,20,29,30,5247303
Gurugram,Apartment,Unfurnished,3,2,1515,16,16,17,9994510
Chennai,Apartment,Furnished,5,5,2373,16,13,23,16908673
Delhi,Apartment,Unfurnished,5,4,2373,2,17,27,26154706
Gurugram,Apartment,Unfurnished,4,4,1996,9,1,28,13251963
Noida,Apartment,Furnished,3,2,1324,2,17,27,12200854
Hyderabad,Plot,Unfurnished,1,1,413,1,1,34,1514743
Gurugram,Apartment,Semi-Furnished,1,1,757,21,16,22,3860846
Chennai,Independent House,Unfurnished,2,1,721,11,4,9,5086263
Chennai,Villa,Semi-Furnished,1,1,766,12,17,30,8549325
Chennai,Independent House,Unfurnished,1,1,323,20,29,30,1245442
Bangalore,Apartment,Unfurnished,3,2,1254,12,20,21,7225202
Hyderabad,Apartment,Unfurnished,3,2,1694,15,18,19,10118471
Bangalore,Apartment,Semi-Furnished,2,1,1043,4,22,28,8396380
Chennai,Villa,Semi-Furnished,3,3,1424,0,23,24,12881893
Pune,Independent House,Semi-Furnished,3,3,1481,2,27,28,13979281
Hyderabad,Studio,Furnished,3,2,1421,11,28,29,8794175
Gurugram,Apartment,Semi-Furnished,2,1,973,9,25,32,8318039
Delhi,Villa,Furnished,2,2,1002,3,24,25,16484131
Bangalore,Villa,Semi-Furnished,3,3,1641,3,17,19,10707871
Noida,Independent House,Unfurnished,2,1,1146,16,16,32,6375777
Noida,Apartment,Furnished,2,2,889,18,11,12,4901399
Pune,Villa,Unfurnished,5,4,2411,2,11,27,23222866
Delhi,Studio,Semi-Furnished,2,1,1177,11,16,31,12922271
Gurugram,Plot,Unfurnished,2,1,899,4,5,21,3931195
Noida,Plot,Semi-Furnished,4,4,1881,3,5,30,8547220
Delhi,Plot,Unfurnished,4,3,1675,2,12,15,16590857
Pune,Independent House,Semi-Furnished,3,2,1542,2,12,30,13878990
Bangalore,Apartment,Furnished,2,2,1042,11,12,34,6822623
Hyderabad,Independent House,Unfurnished,2,1,939,14,8,19,5636973
Gurugram,Plot,Unfurnished,3,2,1584,11,9,34,11218879
Noida,Apartment,Semi-Furnished,2,1,923,7,25,30,5129767
Pune,Apartment,Furnished,1,1,521,15,28,29,4490090
Delhi,Plot,Furnished,4,3,1761,12,4,25,17964079
Bangalore,Apartment,Semi-Furnished,4,4,1960,24,21,29,10624195
Bangalore,Apartment,Unfurnished,4,4,1625,5,27,28,9180593
Gurugram,Independent House,Semi-Furnished,3,2,1459,18,16,23,15473857
Bangalore,Apartment,Semi-Furnished,2,1,974,1,27,33,8024446
Gurugram,Apartment,Furnished,3,2,1626,21,11,12,13700134
Chennai,Apartment,Semi-Furnished,4,4,1852,13,1,13,15762053
Gurugram,Apartment,Furnished,2,2,752,19,24,25,8282426
Noida,Independent House,Semi-Furnished,4,3,1946,9,23,24,9229788
Bangalore,Apartment,Unfurnished,2,2,1006,10,10,18,6135004
Delhi,Apartment,Semi-Furnished,3,2,1721,3,7,8,16974117
Bangalore,Apartment,Unfurnished,4,3,2166,18,20,21,11482305
Pune,Apartment,Unfurnished,2,1,966,13,1,19,4767310
Mumbai,Plot,Furnished,3,3,1356,16,25,26,15808907
Noida,Apartment,Semi-Furnished,3,2,1376,22,13,26,6224933
Hyderabad,Independent House,Unfurnished,1,1,584,17,25,26,3582560
Delhi,Apartment,Unfurnished,2,1,869,6,21,28,7472761
Pune,Apartment,Semi-Furnished,2,2,918,17,14,15,3210524
Chennai,Apartment,Unfurnished,3,2,1387,5,19,28,11483667
Mumbai,Plot,Unfurnished,2,2,710,20,5,8,6166928
Noida,Apartment,Furnished,2,2,888,22,2,21,3994380
Noida,Apartment,Furnished,3,2,1535,23,5,21,8327002
Bangalore,Independent House,Unfurnished,3,2,1230,21,3,21,10628464
Bangalore,Independent House,Unfurnished,3,3,1661,10,3,15,12028456
Delhi,Apartment,Furnished,1,1,376,12,7,8,4167455
Bangalore,Independent House,Unfurnished,2,1,1246,4,29,30,8721614
Mumbai,Apartment,Unfurnished,2,1,980,7,21,30,16813555
Hyderabad,Apartment,Unfurnished,2,1,888,4,18,29,5742825
Mumbai,Independent House,Semi-Furnished,4,4,2018,7,13,34,28303539
Hyderabad,Apartment,Furnished,2,2,962,22,1,16,6247446
Noida,Apartment,Semi-Furnished,2,2,685,9,19,20,5361695
Hyderabad,Studio,Semi-Furnished,3,3,1497,4,26,27,10831374
Chennai,Independent House,Unfurnished,2,2,953,12,14,15,8441271
Noida,Apartment,Unfurnished,3,3,1820,12,1,29,10012338
Delhi,Apartment,Unfurnished,3,2,1244,9,7,8,13985414
Noida,Plot,Unfurnished,2,2,1057,17,24,25,2624685
Noida,Independent House,Furnished,4,3,1933,7,9,19,17009425
Gurugram,Plot,Furnished,3,3,1631,22,0,16,7567885
Hyderabad,Apartment,Unfurnished,2,2,1010,18,7,17,4381594
Gurugram,Apartment,Unfurnished,1,1,608,19,24,28,4102516
Chennai,Apartment,Unfurnished,2,1,1112,11,26,27,5658361
Noida,Apartment,Unfurnished,3,3,1564,17,20,21,7158111
Bangalore,Apartment,Furnished,5,4,2367,16,6,7,12236415
Hyderabad,Apartment,Semi-Furnished,2,1,1121,16,12,31,5472745
Noida,Apartment,Unfurnished,3,2,1606,5,18,33,5146210
Bangalore,Apartment,Furnished,2,2,973,1,27,28,7732366
Gurugram,Apartment,Unfurnished,2,2,1072,23,22,29,9313279
Hyderabad,Plot,Semi-Furnished,3,2,1537,7,1,5,3764342
Noida,Apartment,Semi-Furnished,3,3,1468,20,13,33,7998739
Noida,Independent House,Unfurnished,1,1,643,18,3,31,4131935
Mumbai,Apartment,Unfurnished,4,3,1857,22,22,23,29951038
Hyderabad,Plot,Unfurnished,2,2,884,21,11,26,3170506
Mumbai,Apartment,Semi-Furnished,3,2,1437,16,13,14,23658333
Mumbai,Independent House,Furnished,3,3,1365,12,1,25,25131613
Delhi,Apartment,Unfurnished,4,3,2081,4,24,25,25237896
Pune,Villa,Unfurnished,2,2,1154,12,16,28,11458632
Pune,Studio,Unfurnished,4,3,1697,20,3,21,6152784
Hyderabad,Independent House,Unfurnished,2,2,849,2,21,22,4454538
Gurugram,Apartment,Semi-Furnished,5,5,2394,18,2,22,14776495
Bangalore,Independent House,Unfurnished,3,3,1237,8,7,19,10465262
Bangalore,Apartment,Unfurnished,3,2,1326,11,11,21,11382412
Chennai,Plot,Unfurnished,3,3,1352,9,24,25,5149252
Gurugram,Independent House,Semi-Furnished,1,1,634,7,24,25,7798141
Pune,Apartment,Semi-Furnished,2,1,1058,8,18,19,7020093
Mumbai,Apartment,Semi-Furnished,2,1,1038,9,6,19,19922174
Gurugram,Plot,Semi-Furnished,2,2,857,22,22,23,6360924
Gurugram,Independent House,Semi-Furnished,4,3,2165,12,9,14,23323193
Mumbai,Plot,Semi-Furnished,1,1,489,6,13,22,6757031
Chennai,Villa,Unfurnished,1,1,477,24,9,32,2748849
Gurugram,Apartment,Unfurnished,2,1,855,17,3,20,7229641
Hyderabad,Independent House,Unfurnished,1,1,300,4,28,29,1588033
Pune,Apartment,Furnished,2,2,1237,7,19,31,7816354
Chennai,Apartment,Unfurnished,3,2,1251,16,25,26,7041987
Chennai,Apartment,Semi-Furnished,4,3,1770,16,28,29,11536194
Delhi,Independent House,Unfurnished,3,3,1340,23,28,29,15074973
Bangalore,Apartment,Unfurnished,4,3,1904,8,2,27,14093632
Pune,Independent House,Unfurnished,1,1,540,14,5,10,3231000
Hyderabad,Apartment,Furnished,1,1,546,12,16,20,3333301
Hyderabad,Apartment,Semi-Furnished,3,2,1584,12,12,13,9247163
Noida,Plot,Semi-Furnished,4,4,2031,10,12,27,8546393
Mumbai,Plot,Furnished,1,1,368,24,18,33,4007027
Mumbai,Apartment,Furnished,2,1,1104,13,12,31,16603280
Gurugram,Villa,Unfurnished,2,1,930,1,27,34,10815482
Hyderabad,Apartment,Furnished,4,4,1951,14,29,30,10787887
Chennai,Apartment,Semi-Furnished,4,3,1866,21,16,17,10445691
Bangalore,Villa,Unfurnished,1,1,722,10,0,8,5032042
Gurugram,Plot,Unfurnished,4,4,1906,8,6,17,8187080
Hyderabad,Apartment,Furnished,3,3,1574,11,23,30,12095702
Hyderabad,Apartment,Unfurnished,4,4,1878,5,14,15,13709857
Delhi,Plot,Semi-Furnished,1,1,329,7,27,28,3270009
Bangalore,Apartment,Unfurnished,1,1,460,11,20,26,2252630
Mumbai,Apartment,Unfurnished,3,3,1429,11,19,20,28709691
Chennai,Apartment,Semi-Furnished,2,2,1013,7,10,34,5413120
Bangalore,Apartment,Semi-Furnished,1,1,459,10,12,27,2639713
Pune,Apartment,Unfurnished,4,4,1917,24,13,34,8133041
Noida,Independent House,Furnished,3,3,1366,0,1,3,8995780
Bangalore,Villa,Semi-Furnished,2,1,839,17,14,15,6421835
Gurugram,Villa,Semi-Furnished,3,2,1465,8,17,18,21332765
Noida,Independent House,Unfurnished,3,2,1370,19,15,16,9431112
Mumbai,Apartment,Unfurnished,4,4,1850,17,21,22,27027246
Pune,Studio,Unfurnished,2,2,921,7,28,29,5537245
Gurugram,Apartment,Semi-Furnished,1,1,322,9,18,19,3606791
Hyderabad,Apartment,Furnished,2,1,1017,23,19,20,4862069
Pune,Apartment,Semi-Furnished,2,1,986,3,1,17,7704684
Pune,Plot,Unfurnished,2,2,1038,12,17,18,2778998
Gurugram,Villa,Semi-Furnished,2,2,902,13,13,14,13079717
Hyderabad,Plot,Unfurnished,4,3,1721,23,6,27,4761463
Mumbai,Apartment,Furnished,1,1,320,4,0,10,7329595
Noida,Plot,Unfurnished,2,1,867,15,9,31,2541479
Pune,Villa,Semi-Furnished,4,4,1733,21,19,30,11608897
Delhi,Independent House,Furnished,3,2,1401,14,14,15,26145182
Delhi,Apartment,Furnished,1,1,471,0,22,23,6756841
Hyderabad,Apartment,Unfurnished,4,4,1929,20,17,26,5749999
Delhi,Apartment,Unfurnished,1,1,300,5,19,25,3819745
Chennai,Independent House,Furnished,2,2,847,0,22,23,8665918
Noida,Apartment,Furnished,2,1,947,14,7,19,5759302
Delhi,Apartment,Semi-Furnished,4,4,2052,20,15,16,24723858
Mumbai,Apartment,Furnished,2,2,1001,24,15,16,12013466
Hyderabad,Apartment,Unfurnished,3,2,1507,5,18,19,9258540
Mumbai,Apartment,Unfurnished,4,4,2014,6,24,25,32024515
Bangalore,Apartment,Unfurnished,2,1,1151,16,16,17,5590776
Chennai,Villa,Semi-Furnished,1,1,677,2,20,28,7710084
Noida,Apartment,Unfurnished,4,3,1724,22,5,16,8236007
Pune,Plot,Unfurnished,5,5,2369,20,12,24,8296706
Mumbai,Independent House,Furnished,2,1,1015,2,7,18,33364171
Pune,Independent House,Semi-Furnished,3,3,1477,6,11,12,10939925
Hyderabad,Apartment,Furnished,2,2,1073,19,3,24,4975233
Chennai,Studio,Semi-Furnished,3,2,1455,21,20,24,6610372
Bangalore,Apartment,Furnished,4,3,1792,23,15,19,11554883
Delhi,Apartment,Semi-Furnished,4,3,2016,17,18,19,19009538
Bangalore,Plot,Semi-Furnished,2,1,906,20,16,24,3020884
Hyderabad,Apartment,Unfurnished,3,2,1555,24,29,30,9561149
Noida,Apartment,Semi-Furnished,2,1,863,16,10,11,6138847
Pune,Plot,Semi-Furnished,4,4,1722,3,7,8,8901425
Pune,Apartment,Unfurnished,2,1,827,16,27,28,3947837
Hyderabad,Villa,Semi-Furnished,1,1,318,11,28,29,2812173
Chennai,Apartment,Unfurnished,3,3,1640,11,25,26,10525091
Hyderabad,Apartment,Unfurnished,3,3,1358,22,15,16,6659942
Noida,Apartment,Furnished,3,3,1375,7,23,24,7171811
Bangalore,Independent House,Furnished,3,2,1411,20,15,16,9392158
Pune,Apartment,Furnished,3,3,1345,8,0,13,6852605
Pune,Villa,Semi-Furnished,2,2,1013,19,9,14,6668875
Bangalore,Plot,Furnished,1,1,427,5,2,18,2492229
Pune,Studio,Semi-Furnished,4,4,1867,9,24,25,9746095
Hyderabad,Villa,Semi-Furnished,4,4,1916,19,2,5,14288104
Chennai,Apartment,Unfurnished,2,1,886,3,12,30,5545998
Noida,Plot,Unfurnished,2,1,1038,5,28,29,4277413
Mumbai,Apartment,Furnished,3,3,1414,23,14,15,27282642
Delhi,Independent House,Semi-Furnished,2,2,867,3,6,10,10996855
Hyderabad,Apartment,Unfurnished,3,2,1553,4,19,33,6673290
Noida,Independent House,Semi-Furnished,2,2,819,21,4,32,3179255
Mumbai,Villa,Semi-Furnished,2,2,1124,23,6,7,19259684
Hyderabad,Apartment,Semi-Furnished,1,1,360,19,22,23,1816318
Chennai,Apartment,Unfurnished,2,1,1100,19,28,29,4931550
Hyderabad,Independent House,Unfurnished,5,4,2455,0,9,20,17405059
Noida,Villa,Furnished,4,4,2178,7,16,17,18091832
Pune,Apartment,Unfurnished,3,3,1436,22,10,11,7283021
Delhi,Apartment,Unfurnished,1,1,383,14,18,19,4869007
Pune,Independent House,Unfurnished,2,1,1109,9,5,17,4453739
Noida,Villa,Unfurnished,5,4,2519,17,2,19,14593059
Chennai,Apartment,Unfurnished,2,2,1075,7,1,24,6344973
Hyderabad,Apartment,Unfurnished,4,4,2203,16,7,20,11395168
Bangalore,Villa,Furnished,2,1,751,19,20,21,4228199
Delhi,Independent House,Furnished,4,4,1759,16,11,12,26785003
Mumbai,Apartment,Unfurnished,3,3,1484,21,21,22,26351391
Chennai,Independent House,Unfurnished,3,3,1375,17,14,21,8987521
Noida,Independent House,Semi-Furnished,2,2,1137,21,18,25,6196627
Chennai,Apartment,Semi-Furnished,4,3,2074,15,7,8,13432905
Hyderabad,Plot,Semi-Furnished,4,3,1817,24,9,23,4756030
Chennai,Independent House,Semi-Furnished,3,2,1378,21,9,28,6721171
Chennai,Independent House,Furnished,4,4,2012,5,23,24,20841862
Mumbai,Plot,Semi-Furnished,2,1,1167,4,5,23,12584546
Noida,Apartment,Furnished,2,2,910,13,2,26,4377038
Noida,Apartment,Semi-Furnished,2,2,930,18,27,30,5202676
Bangalore,Independent House,Furnished,3,3,1494,20,3,34,8818439
Noida,Apartment,Unfurnished,2,2,1003,16,26,30,4774021
Gurugram,Apartment,Semi-Furnished,5,5,2422,15,14,29,22386111
Chennai,Studio,Unfurnished,5,4,2502,19,28,29,13835640
Delhi,Apartment,Furnished,1,1,496,9,2,16,4133921
Delhi,Apartment,Furnished,2,1,791,3,5,28,5218633
Chennai,Independent House,Semi-Furnished,3,2,1095,21,13,30,6557134
Pune,Apartment,Unfurnished,2,1,953,9,29,30,6602538
Gurugram,Apartment,Semi-Furnished,2,1,932,9,24,25,9207064
Pune,Apartment,Unfurnished,2,2,1086,6,5,33,8931609
Mumbai,Plot,Unfurnished,3,2,1312,11,23,34,13984118
Bangalore,Apartment,Unfurnished,3,3,1339,20,11,27,7896899
Bangalore,Apartment,Semi-Furnished,1,1,407,0,16,26,3971734
Hyderabad,Independent House,Semi-Furnished,4,3,1884,5,13,14,13479087
Bangalore,Apartment,Unfurnished,2,2,1008,15,15,21,4915680
Gurugram,Independent House,Semi-Furnished,3,2,1442,18,16,34,11602886
Gurugram,Independent House,Unfurnished,4,3,2109,7,20,21,22766086
Pune,Studio,Semi-Furnished,4,3,1884,1,24,26,8677564
Delhi,Apartment,Semi-Furnished,4,4,1898,24,26,27,28197219
Delhi,Apartment,Unfurnished,2,2,896,8,3,7,8717388
Noida,Apartment,Unfurnished,4,3,2011,19,5,14,9438586
Gurugram,Apartment,Semi-Furnished,3,2,1534,0,22,34,15155257
Hyderabad,Independent House,Furnished,3,3,1373,18,8,14,10022547
Chennai,Apartment,Semi-Furnished,2,1,958,1,3,30,6949201
Mumbai,Independent House,Furnished,2,1,1102,4,2,31,35882487
Hyderabad,Apartment,Unfurnished,2,1,993,21,2,14,4928700
Chennai,Apartment,Unfurnished,2,2,1060,19,1,11,5847447
Gurugram,Villa,Semi-Furnished,2,2,822,11,10,32,13248963
Delhi,Apartment,Semi-Furnished,3,3,1484,14,6,8,13477055
Pune,Villa,Semi-Furnished,2,2,898,24,14,15,6971957
Gurugram,Independent House,Furnished,1,1,419,16,6,11,5334164
Pune,Independent House,Semi-Furnished,3,2,1489,1,23,24,11664944
Chennai,Studio,Unfurnished,4,3,1659,19,16,27,9030232
Noida,Independent House,Furnished,1,1,544,13,8,29,4509087
Gurugram,Apartment,Unfurnished,3,2,1346,3,7,19,16797951
Bangalore,Villa,Unfurnished,1,1,300,13,29,30,2321470
Delhi,Villa,Furnished,4,3,1971,22,15,31,32396567
Bangalore,Independent House,Semi-Furnished,2,1,764,20,4,18,4431133
Hyderabad,Independent House,Furnished,3,3,1471,0,7,15,13020945
Gurugram,Apartment,Unfurnished,1,1,470,19,28,29,4101382
Hyderabad,Apartment,Semi-Furnished,3,3,1636,3,21,22,11749278
Delhi,Independent House,Semi-Furnished,3,2,1454,22,5,8,17164037
Bangalore,Plot,Unfurnished,1,1,492,9,0,27,1767473
Hyderabad,Apartment,Unfurnished,3,3,1494,12,28,29,6136955
Chennai,Apartment,Semi-Furnished,1,1,515,20,16,34,2977387
Mumbai,Apartment,Semi-Furnished,2,2,940,23,20,21,14958502
Gurugram,Plot,Unfurnished,3,2,1432,7,11,21,7251408
Noida,Apartment,Furnished,4,4,2012,6,27,28,18162674
Noida,Villa,Furnished,4,4,1874,3,17,18,20350783
Gurugram,Apartment,Unfurnished,2,2,944,6,1,33,8206187
Bangalore,Apartment,Unfurnished,3,2,1467,8,24,25,11078590
Delhi,Apartment,Unfurnished,3,3,1447,11,2,13,12856162
Gurugram,Independent House,Semi-Furnished,3,2,1204,20,21,22,12372830
Pune,Independent House,Unfurnished,3,2,1326,1,2,5,7779197
Pune,Villa,Unfurnished,4,3,1701,24,21,22,9695743
Bangalore,Villa,Unfurnished,3,2,1287,0,0,17,11852742
Delhi,Apartment,Unfurnished,1,1,637,10,16,19,8636862
Noida,Studio,Semi-Furnished,3,2,1291,3,16,17,6921110
Hyderabad,Apartment,Unfurnished,2,1,963,13,21,22,5398998
Delhi,Plot,Unfurnished,2,2,743,9,27,28,5022663
Gurugram,Apartment,Semi-Furnished,2,1,961,19,16,17,7833742
Noida,Apartment,Unfurnished,4,4,1917,20,26,27,10266140
Delhi,Apartment,Unfurnished,2,2,865,11,20,21,8306413
Gurugram,Studio,Unfurnished,3,3,1475,1,10,11,9794651
Hyderabad,Villa,Semi-Furnished,5,4,2435,4,6,23,22949820
Pune,Apartment,Semi-Furnished,4,4,1982,1,10,24,14385420
Gurugram,Apartment,Semi-Furnished,4,3,1956,19,8,16,14085203
Pune,Apartment,Semi-Furnished,5,4,2402,5,22,28,18189824
Chennai,Villa,Furnished,3,3,1222,18,17,19,13786893
Hyderabad,Independent House,Semi-Furnished,5,5,2543,12,2,18,14666921
Bangalore,Apartment,Unfurnished,1,1,357,4,12,17,2042245
Hyderabad,Independent House,Semi-Furnished,4,3,1917,21,9,12,9765574
Chennai,Independent House,Semi-Furnished,3,2,1376,14,2,21,10806924
Noida,Villa,Unfurnished,5,5,2385,12,7,10,16337770
Pune,Villa,Unfurnished,3,2,1510,8,1,16,12770787
Noida,Villa,Semi-Furnished,3,3,1693,12,28,29,15620205
Chennai,Independent House,Semi-Furnished,2,2,960,1,1,28,6438525
Noida,Independent House,Furnished,2,2,867,22,26,27,4649183
Gurugram,Studio,Semi-Furnished,3,3,1516,20,18,27,8321581
Chennai,Apartment,Furnished,2,1,1041,21,19,22,6642648
Mumbai,Independent House,Semi-Furnished,2,2,1061,3,12,29,24813672
Noida,Apartment,Semi-Furnished,2,2,739,10,8,14,4372905
Gurugram,Independent House,Semi-Furnished,1,1,547,16,22,26,4694848
Noida,Apartment,Unfurnished,1,1,579,0,10,21,3122390
Delhi,Plot,Unfurnished,4,3,2023,5,15,26,15590788
Delhi,Apartment,Semi-Furnished,1,1,472,23,22,23,6143017
Gurugram,Apartment,Unfurnished,2,1,939,3,14,27,9000889
Bangalore,Apartment,Unfurnished,1,1,553,15,6,30,3801284
Bangalore,Independent House,Unfurnished,3,2,1474,6,8,15,9265660
Hyderabad,Villa,Semi-Furnished,4,3,1872,23,21,22,13069142
Hyderabad,Plot,Unfurnished,3,2,1428,2,27,28,5159339
Pune,Plot,Unfurnished,2,2,851,2,12,27,3985926
Chennai,Independent House,Unfurnished,4,3,1808,5,23,24,13682293
Bangalore,Apartment,Semi-Furnished,2,2,933,21,19,26,2788444
Delhi,Independent House,Semi-Furnished,4,3,1906,15,14,19,21351684
Pune,Apartment,Unfurnished,5,5,2480,20,24,25,14130897
Mumbai,Villa,Semi-Furnished,2,2,1074,12,6,7,31447726
Delhi,Independent House,Semi-Furnished,1,1,500,21,26,27,5949069
Delhi,Apartment,Unfurnished,3,2,1458,11,25,26,17566057
Noida,Apartment,Unfurnished,5,5,2464,11,6,12,13633179
Mumbai,Studio,Semi-Furnished,4,3,1783,3,14,33,24777799
Delhi,Apartment,Semi-Furnished,2,1,1036,14,8,16,10562778
Mumbai,Studio,Semi-Furnished,2,2,829,14,28,29,11831583
Chennai,Apartment,Semi-Furnished,1,1,580,12,29,30,3227551
Chennai,Apartment,Furnished,2,1,1013,15,3,5,6724683
Noida,Apartment,Semi-Furnished,2,2,963,17,18,25,5930893
Chennai,Independent House,Unfurnished,3,2,1491,7,29,34,10835477
Gurugram,Studio,Semi-Furnished,2,2,1138,21,11,12,7447634
Mumbai,Independent House,Unfurnished,4,3,2027,9,27,28,23725365
Gurugram,Apartment,Semi-Furnished,3,2,1421,12,12,13,10409159
Bangalore,Apartment,Semi-Furnished,2,2,1379,19,20,32,5984721
Delhi,Independent House,Unfurnished,5,4,2176,19,20,29,28424789
Pune,Apartment,Furnished,4,4,1978,21,1,26,12301092
Bangalore,Villa,Semi-Furnished,5,4,2215,18,18,19,24142351
Gurugram,Apartment,Semi-Furnished,4,3,2089,19,12,31,15178665
Bangalore,Villa,Unfurnished,2,2,908,14,2,7,7051800
Delhi,Apartment,Furnished,1,1,587,1,24,25,9498611
Hyderabad,Apartment,Semi-Furnished,2,1,899,24,28,29,4144929
Chennai,Apartment,Unfurnished,2,2,856,19,2,34,4812959
Chennai,Independent House,Unfurnished,3,3,1586,17,29,32,11455796
Bangalore,Apartment,Furnished,2,1,886,3,6,18,6361620
Chennai,Apartment,Semi-Furnished,2,2,1168,9,26,27,8962760
Chennai,Apartment,Semi-Furnished,3,3,1518,20,4,8,5876353
Bangalore,Apartment,Unfurnished,3,3,1295,5,0,17,7970261
Mumbai,Independent House,Unfurnished,3,2,1389,12,5,8,27073857
Pune,Independent House,Unfurnished,2,1,997,0,16,17,7060108
Gurugram,Apartment,Semi-Furnished,3,2,1535,2,7,16,14395987
Bangalore,Independent House,Furnished,5,4,2217,24,0,19,13330771
Delhi,Apartment,Furnished,2,1,938,2,18,19,8536375
Delhi,Villa,Unfurnished,4,4,1989,21,18,27,29401116
Noida,Independent House,Furnished,2,1,1093,17,19,20,10257605
Pune,Apartment,Unfurnished,2,2,953,5,0,7,5478819
Pune,Independent House,Unfurnished,2,2,895,1,29,30,4772548
Pune,Apartment,Semi-Furnished,5,4,2484,21,28,29,15454200
Hyderabad,Studio,Unfurnished,2,2,956,4,27,32,4816719
Hyderabad,Apartment,Unfurnished,2,2,798,2,9,10,4975910
Delhi,Studio,Semi-Furnished,2,2,1073,6,26,31,9125693
Chennai,Apartment,Unfurnished,1,1,691,1,29,30,4163247
Chennai,Independent House,Semi-Furnished,5,5,2497,8,26,27,15062051
Pune,Apartment,Furnished,1,1,738,20,26,27,3631273
Pune,Apartment,Semi-Furnished,3,3,1336,16,8,9,9810559
Bangalore,Independent House,Unfurnished,2,1,1050,5,16,17,10165200
Delhi,Plot,Unfurnished,2,2,987,14,3,31,5907317
Bangalore,Independent House,Unfurnished,2,2,1195,6,16,23,9924428
Gurugram,Apartment,Unfurnished,3,2,1356,17,2,32,8435490
Bangalore,Independent House,Furnished,3,3,1488,12,23,24,13177958
Mumbai,Apartment,Unfurnished,3,3,1557,10,24,25,21834119
Pune,Independent House,Semi-Furnished,2,1,996,10,26,30,8208947
Mumbai,Independent House,Unfurnished,3,3,1301,21,10,28,20455321
Hyderabad,Apartment,Furnished,2,2,877,14,0,25,4934702
Chennai,Apartment,Semi-Furnished,1,1,568,16,9,30,3159361
Mumbai,Apartment,Unfurnished,4,4,1988,3,11,30,40426159
Noida,Apartment,Furnished,3,2,1542,12,22,23,8495349
Gurugram,Apartment,Furnished,5,5,2262,0,16,23,19108174
Bangalore,Apartment,Semi-Furnished,1,1,423,22,16,17,2786009
Noida,Apartment,Semi-Furnished,3,3,1686,12,13,22,7882136
Noida,Apartment,Unfurnished,1,1,597,0,29,30,4575071
Delhi,Apartment,Unfurnished,3,3,1574,10,13,14,22491949
Gurugram,Studio,Semi-Furnished,2,1,871,8,14,15,6326587
Bangalore,Apartment,Semi-Furnished,3,3,1570,18,12,24,10925286
Mumbai,Apartment,Furnished,1,1,495,6,23,28,10351498
Gurugram,Independent House,Furnished,1,1,569,0,16,32,8787268
Delhi,Villa,Semi-Furnished,1,1,794,15,24,25,9315161
Bangalore,Independent House,Semi-Furnished,3,3,1484,18,21,22,10926717
Chennai,Apartment,Unfurnished,3,2,1396,13,29,30,9872522
Mumbai,Apartment,Furnished,4,4,1886,19,24,25,36391372
Mumbai,Studio,Semi-Furnished,2,1,924,2,18,19,19661079
Chennai,Apartment,Semi-Furnished,2,2,937,10,26,32,5360386
Mumbai,Independent House,Semi-Furnished,3,2,1415,14,15,27,26143007
Noida,Apartment,Semi-Furnished,2,2,1104,19,16,17,8813297
Delhi,Apartment,Furnished,3,3,1353,16,15,25,17047130
Delhi,Apartment,Semi-Furnished,2,2,1023,11,9,31,12245087
Delhi,Apartment,Unfurnished,2,2,884,11,9,14,7579238
Gurugram,Apartment,Semi-Furnished,3,3,1315,16,29,30,11515120
Gurugram,Apartment,Furnished,3,3,1342,20,25,26,13074234
Delhi,Independent House,Semi-Furnished,3,2,1541,22,22,23,13447921
Pune,Apartment,Semi-Furnished,4,4,1843,21,5,31,10294139
Noida,Villa,Unfurnished,2,1,895,23,13,29,5706666
Noida,Apartment,Semi-Furnished,3,2,1667,0,21,31,10144353
Chennai,Plot,Furnished,1,1,570,2,14,18,3146298
Hyderabad,Independent House,Semi-Furnished,2,1,955,15,20,21,5775229
Chennai,Apartment,Unfurnished,1,1,508,10,25,26,3341320
Noida,Apartment,Semi-Furnished,2,1,761,18,10,11,2978995
Hyderabad,Plot,Furnished,2,2,1019,22,27,28,2612543
Delhi,Plot,Semi-Furnished,3,3,1403,5,24,25,5370094
Noida,Apartment,Furnished,3,3,1582,20,11,12,10818420
Bangalore,Independent House,Unfurnished,3,2,1633,7,11,24,12794952
Mumbai,Apartment,Semi-Furnished,3,3,1399,22,26,27,21435941
Pune,Villa,Furnished,3,3,1510,12,12,13,14042979
Bangalore,Villa,Unfurnished,2,2,978,21,19,20,8038154
Noida,Apartment,Semi-Furnished,2,2,984,10,6,18,6591313
Delhi,Apartment,Furnished,4,4,1995,2,18,22,23913839
Mumbai,Plot,Semi-Furnished,3,3,1635,13,19,30,21983371
Hyderabad,Plot,Unfurnished,5,5,2441,10,1,20,8614918
Pune,Plot,Unfurnished,2,2,878,14,4,22,3050360
Hyderabad,Apartment,Semi-Furnished,3,2,1432,13,7,31,8310984
Noida,Independent House,Unfurnished,2,1,867,4,25,26,4785821
Gurugram,Independent House,Semi-Furnished,4,3,1861,13,29,30,17823307
Chennai,Apartment,Unfurnished,4,4,1790,22,16,17,7139910
Gurugram,Independent House,Semi-Furnished,2,2,817,18,11,12,4340313
Gurugram,Plot,Unfurnished,2,1,1142,20,17,18,5813786
Bangalore,Apartment,Furnished,3,3,1589,17,15,25,10257416
Pune,Plot,Furnished,2,2,1071,5,18,19,5141432
Pune,Villa,Unfurnished,3,2,1292,5,5,26,11902274
Hyderabad,Independent House,Unfurnished,2,1,887,5,7,25,5151837
Chennai,Apartment,Unfurnished,2,2,1106,16,26,33,5576421
Gurugram,Apartment,Semi-Furnished,2,2,976,3,12,15,6683636
Mumbai,Apartment,Semi-Furnished,4,3,2082,14,12,19,37316593
Mumbai,Independent House,Semi-Furnished,2,2,1044,4,16,30,22884325
Hyderabad,Villa,Furnished,2,1,630,17,28,29,4413428
Mumbai,Villa,Furnished,2,2,976,9,11,33,15093108
Gurugram,Plot,Furnished,3,2,1526,11,2,13,8496407
Noida,Apartment,Unfurnished,2,1,989,0,10,11,5303418
Chennai,Apartment,Semi-Furnished,1,1,709,20,20,21,4554101
Noida,Independent House,Unfurnished,2,2,971,10,23,24,7969498
Delhi,Villa,Semi-Furnished,2,1,974,23,5,30,11206171
Chennai,Apartment,Unfurnished,5,4,2439,12,19,28,15687468
Bangalore,Apartment,Unfurnished,3,2,1309,0,9,20,7003247
Noida,Apartment,Unfurnished,3,2,1273,23,11,33,5675606
Gurugram,Apartment,Semi-Furnished,5,4,2410,9,8,28,9957940
Noida,Apartment,Furnished,2,1,893,16,14,15,4560149
Bangalore,Plot,Furnished,3,2,1235,22,3,25,3370194
Gurugram,Plot,Semi-Furnished,1,1,680,19,16,22,3229587
Hyderabad,Apartment,Unfurnished,3,3,1221,19,14,16,6002530
Hyderabad,Apartment,Unfurnished,3,2,1247,22,3,29,4216120
Hyderabad,Plot,Unfurnished,4,3,2149,24,19,20,7019813
Gurugram,Apartment,Unfurnished,2,2,931,12,5,31,7677367
Bangalore,Villa,Furnished,4,3,2003,11,11,12,22415651
Hyderabad,Independent House,Furnished,3,2,1480,8,6,33,10289258
Hyderabad,Apartment,Furnished,2,2,962,0,0,27,5954004
Mumbai,Apartment,Unfurnished,2,2,1011,7,29,30,18402416
Bangalore,Apartment,Furnished,3,3,1473,2,13,16,11109261
Noida,Apartment,Unfurnished,4,4,1870,2,27,28,14495357
Chennai,Plot,Unfurnished,1,1,700,5,5,29,2090269
Mumbai,Apartment,Unfurnished,5,5,2606,22,14,21,37877424
Delhi,Apartment,Semi-Furnished,1,1,603,15,11,12,7931377
Hyderabad,Apartment,Semi-Furnished,2,2,1151,4,15,17,6643505
Chennai,Apartment,Unfurnished,2,2,998,12,1,33,5224556
Chennai,Apartment,Semi-Furnished,2,2,1067,6,9,31,6389337
Noida,Independent House,Unfurnished,2,2,984,1,10,32,9242809
Gurugram,Apartment,Unfurnished,4,3,2064,22,5,34,14562754
Mumbai,Plot,Unfurnished,2,2,753,23,26,33,6958098
Mumbai,Apartment,Semi-Furnished,1,1,660,5,2,24,10107745
Pune,Independent House,Furnished,2,2,859,11,22,23,9383142
Mumbai,Apartment,Semi-Furnished,2,2,804,24,27,28,12382293
Noida,Apartment,Unfurnished,2,1,1006,22,8,27,4916704
Delhi,Apartment,Furnished,3,3,1381,12,6,25,14589788
Noida,Plot,Semi-Furnished,2,1,941,15,5,27,3344287
Delhi,Apartment,Furnished,2,2,971,1,25,29,12598805
Delhi,Apartment,Unfurnished,3,3,1372,11,12,32,15494688
Bangalore,Apartment,Unfurnished,2,2,824,3,27,28,4818383
Gurugram,Apartment,Unfurnished,4,4,1571,13,19,21,12039579
Mumbai,Apartment,Semi-Furnished,2,1,1023,3,1,24,17437698
Noida,Apartment,Furnished,2,2,997,10,29,30,8148439
Pune,Apartment,Unfurnished,4,4,1882,5,19,20,13264949
Bangalore,Apartment,Semi-Furnished,2,1,845,10,4,24,5525699
Pune,Plot,Unfurnished,2,1,1067,20,1,29,4492234
Mumbai,Plot,Unfurnished,2,2,1045,20,10,26,6112279
Delhi,Independent House,Unfurnished,3,3,1325,23,3,14,11485384
Mumbai,Apartment,Semi-Furnished,2,2,1042,21,9,17,14660718
Chennai,Apartment,Semi-Furnished,2,1,1088,1,25,27,8322694
Pune,Apartment,Unfurnished,2,1,921,19,6,30,4607792
Bangalore,Villa,Furnished,3,2,1432,1,28,29,21006569
Hyderabad,Apartment,Unfurnished,3,2,1441,17,23,24,10744623
Noida,Studio,Semi-Furnished,4,3,1935,15,28,29,9752687
Bangalore,Villa,Unfurnished,2,2,1004,12,26,27,9974519
Hyderabad,Apartment,Semi-Furnished,3,3,1585,15,16,17,11082027
Chennai,Plot,Semi-Furnished,2,2,984,11,1,7,3675370
Delhi,Apartment,Unfurnished,2,2,1065,2,16,30,14461116
Chennai,Studio,Semi-Furnished,1,1,620,8,28,29,3778601
Bangalore,Apartment,Unfurnished,2,1,895,10,6,17,4111875
Noida,Apartment,Semi-Furnished,2,2,949,0,16,17,7718772
Pune,Villa,Unfurnished,3,3,1344,11,11,22,9651920
Pune,Independent House,Semi-Furnished,3,3,1439,12,12,30,11925303
Chennai,Apartment,Unfurnished,2,1,1133,7,9,28,6864925
Delhi,Apartment,Unfurnished,3,3,1574,6,18,19,25644081
Gurugram,Plot,Semi-Furnished,1,1,471,18,5,16,2316928
Chennai,Plot,Unfurnished,3,3,1307,6,28,29,5552584
Pune,Plot,Unfurnished,3,3,1196,23,15,27,4306968
Bangalore,Independent House,Unfurnished,4,4,1995,21,8,25,12292540
Gurugram,Independent House,Semi-Furnished,2,1,740,0,3,16,9844055
Delhi,Apartment,Furnished,3,3,1301,18,5,12,9821518
Gurugram,Apartment,Unfurnished,3,2,1168,6,21,22,8802411
Bangalore,Villa,Unfurnished,2,1,1253,19,0,3,7975472
Hyderabad,Independent House,Unfurnished,3,3,1453,6,29,30,8858895
Hyderabad,Apartment,Unfurnished,3,2,1572,13,24,25,7364332
Pune,Apartment,Semi-Furnished,4,3,2047,6,15,16,13905699
Noida,Independent House,Semi-Furnished,3,3,1712,20,6,31,9321468
Gurugram,Villa,Furnished,4,3,1972,24,9,10,11316153
Hyderabad,Plot,Unfurnished,4,4,1734,0,10,32,8169908
Gurugram,Apartment,Semi-Furnished,3,3,1413,0,11,29,13623038
Mumbai,Apartment,Unfurnished,2,1,883,1,11,33,13366231
Mumbai,Studio,Semi-Furnished,4,4,1737,18,22,23,31591324
Mumbai,Independent House,Semi-Furnished,2,1,977,9,26,27,17480758
Gurugram,Villa,Unfurnished,3,3,1336,5,12,31,18549516
Delhi,Apartment,Unfurnished,2,1,936,12,7,25,9939180
Hyderabad,Apartment,Furnished,5,5,2322,6,5,6,12657076
Chennai,Plot,Furnished,3,2,1390,23,16,27,5278327
Pune,Independent House,Unfurnished,5,5,2477,22,10,11,15654039
Hyderabad,Villa,Unfurnished,5,4,2359,24,27,28,11455375
Delhi,Villa,Unfurnished,3,3,1653,24,1,18,15336743
Mumbai,Apartment,Unfurnished,3,2,1330,24,19,24,20960185
Gurugram,Apartment,Semi-Furnished,2,2,847,12,17,18,7751923
Gurugram,Apartment,Unfurnished,4,3,1925,18,10,25,14451799
Gurugram,Apartment,Semi-Furnished,1,1,543,0,18,30,5082152
Pune,Apartment,Unfurnished,4,3,1939,15,5,15,9635559
Gurugram,Independent House,Furnished,3,3,1459,7,11,25,15279698
Chennai,Villa,Semi-Furnished,4,4,1850,22,29,30,10603543
Mumbai,Villa,Semi-Furnished,3,3,1427,17,23,24,23364309
Noida,Independent House,Unfurnished,2,2,888,20,12,27,4956775
Hyderabad,Apartment,Unfurnished,3,2,1408,20,27,28,9515783
Bangalore,Plot,Unfurnished,2,1,862,5,12,13,2538885
Mumbai,Apartment,Semi-Furnished,5,4,2386,16,19,31,28882664
Hyderabad,Apartment,Unfurnished,2,1,798,1,24,25,5616432
Hyderabad,Plot,Semi-Furnished,4,3,2107,18,0,4,6131368
Pune,Villa,Semi-Furnished,4,4,1785,5,8,18,10041346
Gurugram,Villa,Unfurnished,3,3,1529,8,14,15,20970167
Noida,Villa,Semi-Furnished,3,2,1427,1,28,29,15711151
Mumbai,Villa,Unfurnished,3,3,1392,8,29,30,29534653
Delhi,Plot,Unfurnished,4,3,1702,6,1,24,9793767
Pune,Plot,Unfurnished,2,2,964,18,4,25,3241484
Bangalore,Apartment,Furnished,2,2,911,6,27,28,6837215
Chennai,Apartment,Semi-Furnished,2,2,915,21,26,30,4599814
Chennai,Apartment,Semi-Furnished,2,1,973,22,2,25,5038718
Bangalore,Independent House,Furnished,3,2,1417,21,7,21,9866594
Mumbai,Apartment,Furnished,2,2,991,9,1,6,18563406
Chennai,Apartment,Semi-Furnished,3,3,1457,23,10,28,7988336
Delhi,Apartment,Semi-Furnished,2,1,958,6,29,30,11503666
Delhi,Apartment,Semi-Furnished,5,4,2498,7,23,24,27991959
Delhi,Independent House,Unfurnished,4,3,1895,8,26,27,32515600
Hyderabad,Apartment,Semi-Furnished,3,2,1615,15,4,18,5551330
Delhi,Apartment,Furnished,3,2,1586,23,19,25,19684268
Mumbai,Apartment,Furnished,2,2,898,22,7,17,13097198
Chennai,Apartment,Unfurnished,5,5,2519,19,16,17,11482427
Mumbai,Apartment,Unfurnished,2,1,795,22,28,29,8352559
Chennai,Villa,Semi-Furnished,5,5,2378,19,20,31,17779707
Chennai,Apartment,Semi-Furnished,2,2,1019,22,1,6,6189875
Gurugram,Apartment,Unfurnished,2,1,1055,7,8,9,8915668
Bangalore,Apartment,Furnished,1,1,563,5,26,27,6688137
Mumbai,Apartment,Unfurnished,3,3,1531,10,26,34,20392908
Pune,Apartment,Unfurnished,2,1,993,17,9,26,5346609
Bangalore,Apartment,Semi-Furnished,2,1,891,9,16,17,7177144
Gurugram,Apartment,Furnished,3,2,1444,17,9,10,11475525
Chennai,Plot,Unfurnished,2,2,987,20,25,26,3362804
Delhi,Apartment,Unfurnished,2,2,799,2,29,32,9991985
Chennai,Apartment,Furnished,5,4,2473,15,17,25,18321543
Bangalore,Plot,Semi-Furnished,2,1,1069,22,18,27,4201905
Mumbai,Apartment,Unfurnished,4,4,1978,18,0,29,24696692
Hyderabad,Apartment,Unfurnished,2,2,864,3,9,34,2495498
Bangalore,Apartment,Unfurnished,4,3,1900,13,12,13,11673134
Chennai,Apartment,Unfurnished,2,1,1157,11,5,24,7508298
Bangalore,Apartment,Unfurnished,3,3,1459,12,0,25,6633483
Mumbai,Plot,Unfurnished,2,2,1068,4,28,29,14506930
Mumbai,Independent House,Unfurnished,1,1,474,14,2,25,8194725
Mumbai,Independent House,Semi-Furnished,3,3,1639,10,6,11,32421554
Hyderabad,Apartment,Semi-Furnished,2,1,791,3,20,32,6202161
Bangalore,Villa,Furnished,2,2,968,15,8,34,8944122
Chennai,Independent House,Unfurnished,4,4,1902,3,17,18,10665668
Gurugram,Villa,Furnished,2,2,873,24,4,18,8829785
Hyderabad,Plot,Unfurnished,2,1,895,24,27,32,2437219
Bangalore,Villa,Semi-Furnished,2,2,980,20,20,21,6352929
Hyderabad,Apartment,Furnished,3,2,1273,17,16,17,7380432
Bangalore,Villa,Semi-Furnished,1,1,480,11,8,15,4015971
Delhi,Plot,Unfurnished,3,2,1529,13,27,28,8881447
Noida,Villa,Semi-Furnished,3,3,1523,16,23,33,11093192
Delhi,Apartment,Semi-Furnished,4,3,1974,23,28,29,23411722
Bangalore,Apartment,Semi-Furnished,1,1,680,5,15,22,3993386
Gurugram,Apartment,Semi-Furnished,3,3,1270,12,19,33,11704007
Pune,Independent House,Unfurnished,3,2,1631,11,0,15,7650979
Noida,Apartment,Unfurnished,3,3,1456,9,8,25,11353825
Hyderabad,Apartment,Semi-Furnished,3,2,1461,2,22,23,11420699
Mumbai,Plot,Semi-Furnished,4,3,1713,12,3,24,15423625
Pune,Apartment,Semi-Furnished,4,4,1732,18,5,22,11102852
Hyderabad,Apartment,Unfurnished,1,1,544,4,22,23,3445931
Bangalore,Apartment,Unfurnished,3,2,1370,10,5,10,7370476
Noida,Independent House,Unfurnished,3,3,1309,22,13,14,5989753
Mumbai,Apartment,Semi-Furnished,3,2,1395,3,9,15,22308652
Mumbai,Apartment,Unfurnished,3,2,1462,9,1,8,26386986
Hyderabad,Apartment,Semi-Furnished,3,2,1603,10,27,28,12008470
Mumbai,Apartment,Semi-Furnished,4,4,2020,15,21,22,28161137
Chennai,Plot,Semi-Furnished,3,2,1506,0,25,26,6908787
Chennai,Apartment,Unfurnished,4,3,2021,18,17,18,9938015
Delhi,Villa,Unfurnished,1,1,482,23,0,29,6006429
Noida,Apartment,Unfurnished,3,2,1583,24,19,20,7192795
Mumbai,Apartment,Unfurnished,3,3,1581,1,19,20,27613356
Mumbai,Villa,Furnished,2,1,806,20,9,25,21186524
Bangalore,Apartment,Semi-Furnished,5,4,2591,4,29,30,21543396
Gurugram,Apartment,Semi-Furnished,2,2,845,21,12,21,6187679
Delhi,Apartment,Unfurnished,4,3,2004,17,12,13,29256156
Pune,Villa,Unfurnished,1,1,535,7,29,30,4639766
Noida,Independent House,Unfurnished,2,1,795,13,17,18,5181868
Noida,Apartment,Unfurnished,4,3,2011,20,5,6,11577183
Delhi,Apartment,Furnished,3,2,1245,12,22,29,14489238
Chennai,Apartment,Unfurnished,3,2,1641,11,25,26,6423206
Noida,Villa,Semi-Furnished,1,1,300,2,4,5,2707371
Mumbai,Apartment,Furnished,3,3,1460,3,20,21,32344126
Noida,Apartment,Unfurnished,3,2,1336,21,3,33,4428185
Noida,Independent House,Unfurnished,3,3,1432,20,17,18,8517861
Chennai,Apartment,Semi-Furnished,2,1,1097,12,17,18,5856897
Mumbai,Apartment,Semi-Furnished,4,4,1828,16,15,29,23567517
Noida,Apartment,Semi-Furnished,3,3,1642,8,3,9,11664339
Mumbai,Apartment,Semi-Furnished,4,3,1954,15,18,19,29214454
Gurugram,Independent House,Furnished,4,3,1994,3,15,34,31952638
Pune,Plot,Furnished,3,3,1535,16,11,25,7372211
Noida,Apartment,Unfurnished,3,3,1402,22,27,28,7299035
Hyderabad,Apartment,Unfurnished,2,1,1097,3,3,22,6108944
Delhi,Apartment,Furnished,3,2,1368,4,22,23,17157910
Mumbai,Apartment,Unfurnished,2,2,951,18,20,21,12152156
Pune,Apartment,Unfurnished,5,4,2553,24,29,33,13765132
Hyderabad,Villa,Unfurnished,4,4,1703,23,0,32,9055698
Delhi,Plot,Furnished,3,2,1153,20,27,33,7491934
Noida,Plot,Unfurnished,4,3,1927,20,17,18,5500842
Bangalore,Apartment,Unfurnished,2,2,973,12,5,15,5076513
Pune,Studio,Furnished,2,2,929,18,20,21,4651319
Gurugram,Independent House,Semi-Furnished,4,3,1990,9,9,29,21168645
Bangalore,Independent House,Semi-Furnished,1,1,439,6,17,23,2497055
Delhi,Apartment,Unfurnished,2,1,950,9,24,25,10274111
Mumbai,Apartment,Unfurnished,2,1,886,8,14,30,15831329
Pune,Independent House,Unfurnished,4,3,1698,16,12,13,12125944
Gurugram,Apartment,Furnished,2,2,903,17,26,27,7450817
Hyderabad,Villa,Unfurnished,2,2,1053,5,26,33,8119369
Delhi,Villa,Semi-Furnished,3,2,1470,3,6,22,20089926
Bangalore,Apartment,Unfurnished,4,4,1879,5,22,23,11871983
Noida,Apartment,Semi-Furnished,2,1,969,6,17,18,6425522
Gurugram,Villa,Unfurnished,3,2,1579,22,1,8,17035110
Chennai,Independent House,Furnished,5,5,2313,4,17,34,14514428
Delhi,Villa,Semi-Furnished,2,1,892,3,9,10,11897581
Bangalore,Apartment,Semi-Furnished,2,1,1055,20,23,24,7149965
Noida,Apartment,Unfurnished,5,4,2324,23,11,27,12203884
Hyderabad,Independent House,Unfurnished,4,3,1870,2,16,17,15140646
Bangalore,Plot,Unfurnished,4,4,1845,10,22,23,6858273
Pune,Studio,Unfurnished,2,2,1071,20,12,14,5808720
Noida,Villa,Unfurnished,3,3,1282,23,4,28,5084543
Chennai,Apartment,Unfurnished,4,4,2153,10,12,13,15080150
Mumbai,Apartment,Unfurnished,4,4,1961,11,6,9,25524190
Hyderabad,Independent House,Furnished,4,4,1847,21,19,27,11998482
Pune,Apartment,Furnished,1,1,671,4,6,20,4817591
Chennai,Apartment,Unfurnished,1,1,300,15,11,20,1486211
Bangalore,Apartment,Semi-Furnished,1,1,437,15,26,27,4030238
Pune,Apartment,Unfurnished,4,4,1971,6,9,17,14402011
Delhi,Independent House,Semi-Furnished,2,2,977,18,8,34,12462919
Chennai,Plot,Unfurnished,3,3,1331,10,26,27,4325839
Gurugram,Villa,Unfurnished,5,5,2458,6,0,27,33840661
Chennai,Apartment,Semi-Furnished,3,2,1420,9,4,11,8658083
Mumbai,Apartment,Semi-Furnished,3,2,1464,16,14,15,25302270
Bangalore,Independent House,Semi-Furnished,5,5,2524,11,25,26,21064632
Chennai,Studio,Furnished,3,2,1491,10,20,21,8199713
Delhi,Independent House,Furnished,4,4,1864,7,0,23,19467442
Noida,Apartment,Semi-Furnished,2,2,1046,7,25,26,5074278
Mumbai,Independent House,Semi-Furnished,2,2,854,15,3,22,15302823
Chennai,Apartment,Semi-Furnished,2,1,944,15,5,33,5973367
Hyderabad,Apartment,Unfurnished,2,1,1091,18,16,17,3617472
Pune,Independent House,Unfurnished,3,3,1520,13,1,27,10002841
Hyderabad,Apartment,Unfurnished,3,2,1442,5,28,29,7139623
Hyderabad,Apartment,Semi-Furnished,4,3,2021,6,23,24,13466220
Bangalore,Studio,Unfurnished,1,1,422,2,13,25,2574122
Noida,Apartment,Unfurnished,2,1,1063,2,23,30,6808372
Noida,Plot,Semi-Furnished,2,2,861,1,10,11,4329437
Mumbai,Studio,Unfurnished,2,1,699,6,8,12,8161355
Gurugram,Plot,Unfurnished,4,4,1720,15,14,15,8338127
Gurugram,Plot,Semi-Furnished,2,2,954,0,27,28,7008686
Noida,Apartment,Semi-Furnished,4,3,2020,4,18,24,8950361
Delhi,Apartment,Unfurnished,3,3,1459,17,17,18,17484475
Mumbai,Villa,Unfurnished,3,3,1581,21,25,26,35490342
Noida,Apartment,Unfurnished,3,3,1412,15,13,16,6002184
Bangalore,Independent House,Unfurnished,5,4,2269,18,26,27,16774556
Noida,Apartment,Semi-Furnished,2,2,778,9,9,13,4655153
Hyderabad,Apartment,Unfurnished,4,3,1813,24,28,31,9196714
Chennai,Independent House,Unfurnished,2,1,1083,17,24,25,6016141
Gurugram,Villa,Unfurnished,2,1,831,12,9,20,11896366
Gurugram,Independent House,Unfurnished,2,1,941,7,11,12,8159686
Hyderabad,Apartment,Unfurnished,2,2,899,2,25,27,4591771
Chennai,Apartment,Semi-Furnished,1,1,304,6,11,12,1355162
Gurugram,Plot,Semi-Furnished,2,1,985,13,4,28,4409450
Pune,Apartment,Semi-Furnished,3,2,1440,2,12,13,12844238
Bangalore,Villa,Furnished,4,4,2084,16,3,4,16979876
Gurugram,Apartment,Semi-Furnished,4,3,1965,20,26,32,12611874
Delhi,Apartment,Furnished,3,3,1448,19,7,27,9896627
Hyderabad,Apartment,Semi-Furnished,2,2,978,17,9,31,5420054
Pune,Apartment,Furnished,3,2,1640,11,7,8,9974826
Pune,Independent House,Unfurnished,1,1,700,10,22,23,6071447
Mumbai,Studio,Semi-Furnished,2,1,784,0,16,17,16917813
Bangalore,Villa,Unfurnished,4,3,2109,5,13,24,21118080
Chennai,Plot,Semi-Furnished,3,3,1461,7,17,27,6965745
Hyderabad,Apartment,Unfurnished,2,1,877,12,1,21,4931375
Mumbai,Plot,Unfurnished,2,1,921,16,18,19,8736862
Gurugram,Studio,Unfurnished,2,2,938,17,11,15,4269481
Mumbai,Apartment,Furnished,1,1,314,13,28,29,5195366
Chennai,Independent House,Unfurnished,1,1,384,23,22,23,2091196
Gurugram,Independent House,Semi-Furnished,4,3,1897,0,20,21,21853472
Mumbai,Apartment,Furnished,4,3,1804,5,22,34,38369346
Pune,Apartment,Unfurnished,1,1,625,6,11,12,4589562
Chennai,Studio,Unfurnished,4,4,1864,16,1,26,10039152
Bangalore,Apartment,Semi-Furnished,2,2,987,24,1,10,5031360
Delhi,Apartment,Semi-Furnished,4,3,2040,19,28,29,22812794
Mumbai,Apartment,Furnished,2,2,873,0,18,19,20768248
Delhi,Villa,Unfurnished,3,2,1345,14,21,22,18930999
Hyderabad,Plot,Semi-Furnished,4,3,2000,19,27,28,5606110
Pune,Apartment,Semi-Furnished,2,2,1030,17,12,30,5390982
Noida,Apartment,Semi-Furnished,4,3,1999,23,17,19,7753675
Gurugram,Apartment,Furnished,2,2,838,14,16,17,7624898
Hyderabad,Apartment,Unfurnished,4,3,1997,18,20,21,9705815
Hyderabad,Villa,Semi-Furnished,4,4,1866,21,16,21,11888670
Chennai,Apartment,Unfurnished,4,3,1669,20,10,29,8214219
Mumbai,Independent House,Furnished,2,1,788,15,7,32,14581589
Delhi,Apartment,Unfurnished,2,2,948,23,26,27,9127863
Mumbai,Apartment,Unfurnished,1,1,339,22,0,7,4912268
Hyderabad,Apartment,Semi-Furnished,3,3,1476,23,26,33,6709803
Mumbai,Apartment,Unfurnished,2,2,770,21,26,27,10835669
Noida,Apartment,Semi-Furnished,1,1,300,21,18,32,1441926
Pune,Apartment,Unfurnished,1,1,486,10,4,7,3508422
Hyderabad,Plot,Semi-Furnished,3,2,1416,18,10,30,3876601
Mumbai,Apartment,Semi-Furnished,1,1,515,21,9,10,7836685
Delhi,Independent House,Semi-Furnished,2,2,843,10,6,27,11860671
Mumbai,Apartment,Unfurnished,3,3,1455,17,22,23,20805332
Pune,Villa,Semi-Furnished,1,1,310,17,0,10,2167902
Bangalore,Apartment,Semi-Furnished,1,1,485,3,11,15,4264216
Mumbai,Apartment,Unfurnished,3,3,1384,16,13,14,34944019
Noida,Villa,Semi-Furnished,2,1,1013,14,14,15,6699625
Chennai,Apartment,Furnished,2,2,974,10,21,22,7443966
Pune,Apartment,Unfurnished,5,5,2301,9,21,22,10854580
Noida,Villa,Unfurnished,2,2,978,4,1,9,5369753
Noida,Villa,Unfurnished,2,1,862,3,9,20,6794422
Noida,Apartment,Unfurnished,3,2,1418,19,18,19,7155140
Delhi,Apartment,Unfurnished,2,1,1152,18,25,26,9107511
Delhi,Independent House,Unfurnished,3,3,1493,18,6,25,14648553
Noida,Apartment,Furnished,2,1,928,14,13,14,4829506
Mumbai,Apartment,Furnished,3,3,1274,11,21,22,24010521
Delhi,Plot,Unfurnished,2,1,792,0,9,10,7647294
Gurugram,Independent House,Semi-Furnished,4,4,2087,12,18,34,27320294
Bangalore,Plot,Unfurnished,3,3,1479,24,9,10,3567885
Noida,Independent House,Unfurnished,3,2,1561,21,10,18,6710593
Gurugram,Apartment,Unfurnished,3,3,1373,7,1,34,14357799
Pune,Independent House,Unfurnished,4,4,1915,0,27,28,17610748
Hyderabad,Villa,Semi-Furnished,3,3,1413,0,19,27,12657032
Chennai,Independent House,Furnished,2,2,812,16,16,27,7149299
Chennai,Independent House,Unfurnished,3,3,1244,23,21,22,7191811
Chennai,Villa,Furnished,3,2,1477,19,15,16,10555183
Hyderabad,Apartment,Semi-Furnished,5,4,2591,22,6,12,13625296
Noida,Independent House,Furnished,2,2,838,1,12,33,6255205
Mumbai,Apartment,Furnished,3,3,1316,11,4,11,21463357
Noida,Independent House,Semi-Furnished,3,3,1474,4,15,28,15145179
Chennai,Apartment,Semi-Furnished,3,3,1383,5,2,32,9072472
Gurugram,Apartment,Semi-Furnished,2,1,858,13,16,17,7615096
Noida,Plot,Unfurnished,3,3,1417,17,19,20,5813622
Noida,Apartment,Furnished,4,4,1774,11,27,28,9371742
Bangalore,Independent House,Semi-Furnished,2,1,1043,14,5,28,6843534
Delhi,Apartment,Semi-Furnished,2,1,1072,15,7,27,7662758
Chennai,Plot,Semi-Furnished,3,3,1464,5,26,27,6661097
Gurugram,Apartment,Unfurnished,1,1,490,19,18,19,2965984
Hyderabad,Apartment,Semi-Furnished,3,2,1437,1,17,18,10092403
Bangalore,Apartment,Semi-Furnished,1,1,783,5,19,20,5580338
Pune,Plot,Unfurnished,3,3,1667,16,3,33,5520422
Noida,Independent House,Furnished,4,3,1949,4,16,17,16313326
Chennai,Apartment,Unfurnished,3,2,1535,14,5,18,10520843
Noida,Independent House,Semi-Furnished,5,5,2251,9,6,16,10212480
Bangalore,Apartment,Unfurnished,2,1,1075,9,16,31,6632373
Gurugram,Apartment,Furnished,1,1,447,3,27,28,4866604
Gurugram,Apartment,Semi-Furnished,2,2,1121,1,6,7,12465489
Hyderabad,Independent House,Semi-Furnished,4,4,1869,10,23,24,14797773
Mumbai,Plot,Semi-Furnished,1,1,575,18,3,28,4311179
Bangalore,Studio,Semi-Furnished,3,2,1469,0,18,19,6252470
Mumbai,Villa,Unfurnished,2,2,992,17,8,16,11893893
Delhi,Villa,Unfurnished,3,2,1468,21,4,6,20655336
Chennai,Apartment,Semi-Furnished,3,2,1192,19,0,16,7596431
Pune,Plot,Semi-Furnished,3,3,1420,18,0,4,4409761
Chennai,Apartment,Unfurnished,1,1,369,12,26,27,2848314
Chennai,Independent House,Unfurnished,2,1,1083,13,11,30,6615727
Hyderabad,Plot,Unfurnished,4,3,2147,24,24,25,3916721
Mumbai,Apartment,Furnished,2,1,1046,24,12,13,15729841
Bangalore,Apartment,Semi-Furnished,1,1,378,18,23,24,2523279
Hyderabad,Studio,Unfurnished,3,2,1524,5,10,14,8760717
Mumbai,Villa,Semi-Furnished,3,2,1313,23,23,24,24002095
Gurugram,Independent House,Semi-Furnished,3,3,1427,5,2,26,12901939
Delhi,Apartment,Furnished,2,1,1058,19,8,26,12265149
Noida,Apartment,Semi-Furnished,3,3,1297,0,1,26,8696895
Delhi,Independent House,Unfurnished,2,2,1015,21,19,20,11407548
Chennai,Apartment,Furnished,2,1,1064,22,12,18,6478438
Hyderabad,Villa,Unfurnished,2,2,1114,18,2,13,10132912
Hyderabad,Independent House,Unfurnished,3,2,1247,9,26,27,6786911
Pune,Independent House,Semi-Furnished,3,2,1473,23,28,29,10999842
Mumbai,Plot,Semi-Furnished,2,1,902,19,20,21,6633959
Pune,Independent House,Furnished,4,3,1894,10,6,11,13648555
Delhi,Villa,Furnished,3,3,1416,6,18,24,18076812
Hyderabad,Apartment,Furnished,3,2,1408,14,19,30,7379216
Delhi,Villa,Furnished,4,3,1801,17,28,29,25680906
Mumbai,Villa,Furnished,2,2,1047,9,0,12,28460037
Bangalore,Apartment,Unfurnished,1,1,537,22,11,27,1894338
Bangalore,Apartment,Semi-Furnished,2,1,951,5,4,33,7511647
Bangalore,Villa,Unfurnished,3,2,1550,3,15,23,21270361
Pune,Apartment,Semi-Furnished,3,3,1409,17,9,12,6135170
Mumbai,Apartment,Unfurnished,2,1,1219,22,8,9,19267938
Chennai,Apartment,Unfurnished,4,4,2072,0,4,18,14084359
Bangalore,Apartment,Semi-Furnished,2,1,1182,16,14,15,8660810
Noida,Apartment,Unfurnished,2,1,1088,19,15,16,4741647
Hyderabad,Villa,Furnished,1,1,567,11,9,10,4660667
Mumbai,Apartment,Unfurnished,5,4,2473,11,0,23,33585290
Noida,Plot,Unfurnished,4,4,1731,18,14,15,4675439
Delhi,Apartment,Semi-Furnished,2,2,917,13,3,28,7477884
Noida,Apartment,Semi-Furnished,2,1,1064,15,29,30,7876950
Delhi,Apartment,Unfurnished,3,3,1212,15,8,30,12628342
Delhi,Apartment,Unfurnished,2,1,856,15,1,8,10101017
Chennai,Apartment,Unfurnished,3,3,1545,2,29,30,8929690
Delhi,Apartment,Semi-Furnished,4,3,2174,19,14,16,20962289
Bangalore,Apartment,Unfurnished,4,3,1827,7,2,5,7756018
Gurugram,Apartment,Furnished,2,2,1062,11,4,34,8818314
Pune,Apartment,Furnished,2,1,857,7,5,17,5330674
Pune,Plot,Semi-Furnished,4,4,1955,8,3,14,7489541
Hyderabad,Apartment,Unfurnished,3,3,1486,23,18,19,7681119
Hyderabad,Apartment,Furnished,2,1,958,0,13,31,8648590
Pune,Apartment,Semi-Furnished,1,1,557,14,15,18,3082018
Bangalore,Independent House,Unfurnished,3,3,1418,15,26,27,9558814
Gurugram,Studio,Furnished,2,2,718,17,27,32,5928491
Chennai,Apartment,Unfurnished,4,4,1887,5,13,26,14341667
Chennai,Apartment,Unfurnished,2,1,911,18,1,24,3722138
Bangalore,Apartment,Unfurnished,4,3,1955,24,7,18,10119021
Noida,Independent House,Unfurnished,4,4,1852,3,17,18,16084750
Mumbai,Apartment,Unfurnished,4,4,2063,16,4,9,21314609
Bangalore,Apartment,Semi-Furnished,2,1,1080,4,2,11,6832928
Bangalore,Plot,Unfurnished,2,1,962,18,19,20,2629807
Pune,Apartment,Furnished,4,4,1900,0,23,24,21647683
Noida,Apartment,Furnished,4,3,2010,17,29,30,9257925
Hyderabad,Apartment,Unfurnished,4,4,1992,17,29,33,7066325
Delhi,Apartment,Furnished,3,2,1566,22,8,24,15976476
Mumbai,Apartment,Semi-Furnished,4,3,2180,14,25,26,24398216
Noida,Apartment,Semi-Furnished,4,4,1952,9,2,25,9483548
Noida,Apartment,Unfurnished,2,2,879,0,16,28,5914007
Gurugram,Apartment,Semi-Furnished,2,2,914,23,12,26,8539464
Delhi,Apartment,Unfurnished,2,2,1155,9,4,32,11998009
Mumbai,Villa,Semi-Furnished,3,3,1422,6,27,32,22523279
Gurugram,Independent House,Unfurnished,1,1,375,14,8,9,3677846
Hyderabad,Apartment,Semi-Furnished,3,3,1564,15,21,22,8569791
Chennai,Villa,Semi-Furnished,2,2,998,22,21,22,7508102
Bangalore,Apartment,Semi-Furnished,2,2,1040,1,24,25,9505981
Noida,Apartment,Semi-Furnished,4,3,1821,20,21,22,9701264
Gurugram,Apartment,Semi-Furnished,4,3,1580,1,5,28,19326572
Pune,Villa,Unfurnished,3,2,1685,13,27,28,10351445
Hyderabad,Independent House,Unfurnished,3,2,1407,12,27,28,9901235
Mumbai,Apartment,Semi-Furnished,2,2,769,3,9,27,14106406
Delhi,Villa,Semi-Furnished,3,3,1444,24,17,24,10395618
Hyderabad,Apartment,Semi-Furnished,4,3,1880,5,17,21,12620243
Gurugram,Plot,Unfurnished,2,2,839,22,6,21,3796448
Pune,Apartment,Semi-Furnished,4,4,1767,5,8,9,11215449
Delhi,Apartment,Semi-Furnished,1,1,533,21,27,28,5325773
Bangalore,Villa,Unfurnished,3,3,1213,6,27,28,12546371
Delhi,Plot,Semi-Furnished,2,1,1242,14,1,26,7584320
Noida,Independent House,Unfurnished,1,1,673,6,14,28,5333366
Noida,Plot,Semi-Furnished,2,2,1107,16,3,26,3718046
Mumbai,Apartment,Semi-Furnished,3,3,1245,12,21,26,19507248
Chennai,Apartment,Furnished,1,1,471,3,1,34,3046432
Mumbai,Apartment,Semi-Furnished,2,2,914,14,0,8,15881525
Mumbai,Independent House,Furnished,1,1,488,15,7,19,11239577
Noida,Apartment,Semi-Furnished,4,4,1873,9,9,10,11736776
Delhi,Apartment,Unfurnished,3,3,1606,3,28,29,14576230
Pune,Apartment,Unfurnished,1,1,584,4,13,14,3034695
Bangalore,Studio,Unfurnished,2,1,889,1,0,26,5171085
Bangalore,Independent House,Unfurnished,2,1,773,21,9,31,6979030
Gurugram,Plot,Furnished,2,2,790,20,28,29,4708494
Mumbai,Apartment,Unfurnished,4,4,2074,10,29,30,33858283
Chennai,Apartment,Unfurnished,3,3,1475,3,15,18,9879446
Mumbai,Independent House,Semi-Furnished,1,1,364,23,27,28,6510502
Pune,Apartment,Furnished,2,1,1034,10,28,29,6092228
Delhi,Villa,Unfurnished,3,2,1346,6,23,24,21984952
Pune,Apartment,Semi-Furnished,2,1,1097,22,1,20,6639840
Delhi,Apartment,Unfurnished,2,1,1116,13,14,16,9686901
Hyderabad,Apartment,Semi-Furnished,1,1,347,22,21,24,1926341
Hyderabad,Apartment,Unfurnished,3,3,1298,6,25,26,12262527
Hyderabad,Apartment,Unfurnished,2,1,952,16,11,34,5722183
Noida,Apartment,Semi-Furnished,2,1,851,3,14,19,7238524
Delhi,Apartment,Unfurnished,1,1,520,11,0,5,5920142
Hyderabad,Apartment,Semi-Furnished,4,4,1932,0,21,22,13063085
Gurugram,Apartment,Semi-Furnished,3,2,1534,8,25,26,11117149
Noida,Studio,Furnished,3,3,1406,21,18,19,6486367
Chennai,Apartment,Unfurnished,2,2,932,16,11,25,5695308
Chennai,Apartment,Unfurnished,3,3,1321,15,13,14,5654272
Pune,Apartment,Unfurnished,3,3,1201,22,12,34,5142448
Bangalore,Apartment,Unfurnished,4,4,1971,23,20,21,11704349
Hyderabad,Apartment,Furnished,4,3,1906,24,4,8,10193323
Mumbai,Villa,Furnished,5,5,2189,19,15,23,40625937
Gurugram,Apartment,Semi-Furnished,5,5,2391,0,9,11,30860612
Pune,Independent House,Unfurnished,2,1,1307,2,1,3,9876281
Noida,Apartment,Furnished,4,3,1723,21,10,11,8653992
Noida,Apartment,Unfurnished,3,3,1367,24,0,4,7305622
Chennai,Plot,Semi-Furnished,2,1,770,22,18,20,2559828
Noida,Apartment,Unfurnished,3,2,1705,12,3,24,8158698
Mumbai,Apartment,Unfurnished,4,3,1929,11,10,26,28457249
Noida,Studio,Semi-Furnished,2,1,906,0,9,18,5781254
Noida,Plot,Semi-Furnished,2,1,1158,15,18,23,4775138
Bangalore,Apartment,Unfurnished,3,2,1428,0,0,14,12937075
Bangalore,Apartment,Furnished,4,4,1984,7,2,28,15139390
Mumbai,Villa,Furnished,2,2,840,17,28,29,21096112
Noida,Villa,Unfurnished,4,3,1943,15,24,34,14752768
Chennai,Independent House,Furnished,2,1,731,24,12,13,4203337
Hyderabad,Independent House,Unfurnished,1,1,377,8,8,20,2879904
Hyderabad,Apartment,Furnished,3,3,1739,13,2,25,9484192
Chennai,Plot,Furnished,1,1,499,8,1,25,1790908
Hyderabad,Apartment,Unfurnished,2,2,978,1,23,24,8078544
Delhi,Independent House,Semi-Furnished,1,1,550,12,28,29,8114317
Chennai,Apartment,Unfurnished,1,1,635,24,18,19,3405930
Mumbai,Apartment,Unfurnished,4,3,2095,7,10,20,31482327
Pune,Villa,Semi-Furnished,3,3,1445,6,17,18,14620264
Bangalore,Independent House,Unfurnished,3,3,1504,2,3,13,15015747
Bangalore,Apartment,Unfurnished,3,2,1644,0,4,7,9697800
Delhi,Apartment,Unfurnished,3,3,1557,18,8,23,16395127
Chennai,Apartment,Unfurnished,2,2,1032,5,25,26,4714886
Hyderabad,Apartment,Semi-Furnished,5,4,2489,1,7,8,15828852
Gurugram,Apartment,Unfurnished,2,1,968,7,8,28,9475664
Noida,Independent House,Semi-Furnished,4,4,2005,23,15,16,17226587
Noida,Villa,Unfurnished,3,2,1398,11,28,29,7143014
Bangalore,Plot,Semi-Furnished,2,1,1118,9,28,29,4745565
Bangalore,Villa,Unfurnished,4,4,1906,22,10,30,13552882
Bangalore,Independent House,Semi-Furnished,5,5,2576,22,29,30,17066652
Chennai,Apartment,Unfurnished,2,2,819,6,13,14,3978083
Hyderabad,Villa,Unfurnished,4,4,1750,6,13,25,15387883
Chennai,Apartment,Unfurnished,4,4,1927,3,9,10,11545823
Pune,Apartment,Furnished,2,2,841,4,8,12,6698516
Gurugram,Plot,Unfurnished,1,1,517,2,25,27,2876382
Bangalore,Apartment,Semi-Furnished,3,3,1101,1,0,9,5985901
Delhi,Apartment,Semi-Furnished,3,2,1289,20,2,32,8920744
Delhi,Apartment,Unfurnished,2,2,716,3,21,22,6751585
Gurugram,Apartment,Unfurnished,3,2,1427,12,2,13,13843788
Noida,Apartment,Unfurnished,4,3,2054,3,8,32,13455954
Bangalore,Apartment,Semi-Furnished,2,2,965,22,12,13,6495972
Delhi,Apartment,Unfurnished,2,2,893,7,10,11,7944649
Noida,Villa,Unfurnished,4,3,2195,3,24,25,25100130
Chennai,Villa,Semi-Furnished,3,3,1443,2,15,17,11463106
Mumbai,Apartment,Furnished,2,2,829,19,12,24,12623376
Pune,Apartment,Unfurnished,4,4,1914,0,18,21,13430142
Gurugram,Apartment,Semi-Furnished,4,4,1954,10,23,24,16693403
Delhi,Independent House,Unfurnished,2,1,1075,12,10,31,16476636
Chennai,Apartment,Furnished,3,2,1337,3,2,3,10738967
Delhi,Studio,Unfurnished,3,3,1331,0,22,23,18078696
Hyderabad,Apartment,Semi-Furnished,3,3,1393,8,8,19,4821280
Bangalore,Apartment,Unfurnished,4,3,1995,14,14,26,14047978
Delhi,Apartment,Furnished,4,4,1977,11,4,25,29878404
Chennai,Studio,Semi-Furnished,1,1,589,2,26,28,3659092
Gurugram,Independent House,Semi-Furnished,2,2,973,4,28,29,11435874
Delhi,Independent House,Semi-Furnished,2,2,1133,21,7,31,11732975
Bangalore,Villa,Furnished,3,2,1464,2,15,21,18002718
Gurugram,Independent House,Unfurnished,4,3,1956,23,24,25,14326089
Pune,Apartment,Furnished,3,2,1543,3,16,17,9308462
Delhi,Independent House,Unfurnished,3,2,1246,11,20,21,13270172
Gurugram,Apartment,Unfurnished,4,4,1873,4,19,31,21443877
Noida,Apartment,Semi-Furnished,4,4,1938,24,20,21,8609705
Mumbai,Apartment,Semi-Furnished,2,2,977,17,25,26,18977892
Pune,Apartment,Semi-Furnished,3,3,1365,21,24,25,8461525
Bangalore,Apartment,Unfurnished,5,4,2516,3,4,27,18477830
Pune,Apartment,Furnished,4,4,1898,23,8,9,8522342
Gurugram,Apartment,Unfurnished,2,2,1217,1,28,33,8476007
Bangalore,Apartment,Semi-Furnished,2,1,1126,22,26,27,8359779
Bangalore,Apartment,Unfurnished,3,2,1424,5,9,18,10903961
Chennai,Studio,Semi-Furnished,4,4,2171,2,19,20,10439988
Pune,Studio,Unfurnished,2,1,1110,7,10,11,6390080
Gurugram,Villa,Semi-Furnished,5,4,2239,15,21,22,24266958
Bangalore,Apartment,Furnished,3,2,1583,21,24,25,8362726
Gurugram,Apartment,Unfurnished,3,3,1479,12,26,28,10551012
Hyderabad,Villa,Semi-Furnished,1,1,802,19,21,22,6291275
Pune,Plot,Unfurnished,3,2,1340,18,9,10,5812605
Bangalore,Independent House,Unfurnished,3,2,1398,18,17,31,7862869
Noida,Apartment,Furnished,4,3,1957,5,10,16,12150051
Delhi,Apartment,Unfurnished,5,5,2374,6,21,25,22418580
Delhi,Apartment,Semi-Furnished,1,1,345,24,5,6,3432490
Bangalore,Apartment,Furnished,3,3,1348,9,27,28,9172245
Mumbai,Apartment,Semi-Furnished,2,1,897,23,15,16,9741398
Chennai,Apartment,Furnished,1,1,649,24,1,9,3179957
Noida,Apartment,Semi-Furnished,2,1,711,14,11,23,4754199
Hyderabad,Villa,Unfurnished,4,3,1885,14,21,29,14853340
Pune,Villa,Unfurnished,2,2,1128,20,26,32,7519552
Chennai,Independent House,Unfurnished,3,3,1496,12,29,30,8701502
Hyderabad,Apartment,Semi-Furnished,2,1,926,17,25,26,4933058
Bangalore,Apartment,Semi-Furnished,5,4,2354,11,15,33,13113301
Delhi,Villa,Semi-Furnished,1,1,333,21,25,26,5598025
Gurugram,Apartment,Unfurnished,2,2,997,16,8,15,8710584
Mumbai,Independent House,Unfurnished,2,2,1067,9,12,14,13541752
Hyderabad,Apartment,Semi-Furnished,5,5,2346,11,25,26,13869888
Noida,Apartment,Unfurnished,3,2,1670,0,11,24,5141412
Delhi,Apartment,Unfurnished,2,2,993,12,25,26,5490106
Mumbai,Apartment,Unfurnished,4,3,1835,19,6,27,24186244
Noida,Independent House,Unfurnished,2,1,874,11,20,21,5637498
Gurugram,Apartment,Semi-Furnished,1,1,446,3,7,26,3329508
Bangalore,Villa,Unfurnished,3,3,1509,22,25,26,11755970
Gurugram,Apartment,Unfurnished,1,1,554,15,10,22,4608457
Mumbai,Apartment,Semi-Furnished,3,3,1366,5,26,27,20611959
Noida,Villa,Furnished,4,3,2094,16,13,14,19845209
Delhi,Independent House,Semi-Furnished,2,2,715,1,9,13,8096999
Noida,Apartment,Semi-Furnished,3,3,1502,11,16,32,4674556
Pune,Apartment,Furnished,3,3,1313,12,5,26,10017715
Delhi,Villa,Unfurnished,3,3,1521,23,15,33,21416400
Hyderabad,Apartment,Furnished,2,2,980,5,6,7,6538941
Mumbai,Studio,Unfurnished,3,2,1330,22,26,30,10015353
Pune,Independent House,Unfurnished,4,3,1809,19,13,30,9705747
Mumbai,Apartment,Furnished,1,1,432,15,0,15,6162944
Chennai,Villa,Unfurnished,3,2,1392,20,12,13,9525092
Bangalore,Studio,Unfurnished,2,2,774,0,15,20,5429732
Gurugram,Plot,Unfurnished,1,1,414,24,25,26,2482731
Bangalore,Independent House,Semi-Furnished,2,1,1062,13,26,27,9445373
Hyderabad,Apartment,Unfurnished,2,1,735,17,15,16,3681447
Hyderabad,Apartment,Semi-Furnished,4,3,2033,6,14,31,14769375
Hyderabad,Apartment,Semi-Furnished,2,1,1072,13,25,26,6777694
Pune,Apartment,Unfurnished,4,4,1871,0,6,7,13710234
Delhi,Studio,Unfurnished,2,2,826,5,28,29,7189545
Pune,Villa,Semi-Furnished,4,3,1815,9,6,7,13529061
Noida,Apartment,Unfurnished,2,2,753,11,29,30,4204617
Hyderabad,Apartment,Semi-Furnished,2,2,910,20,7,27,4403496
Gurugram,Apartment,Unfurnished,1,1,652,13,3,23,5377044
Mumbai,Independent House,Semi-Furnished,4,3,2129,6,3,8,48975613
Pune,Apartment,Furnished,4,4,1851,15,14,15,11327361
Pune,Plot,Semi-Furnished,4,4,1874,23,19,20,6772291
Gurugram,Apartment,Furnished,1,1,300,8,21,32,2998700
Gurugram,Apartment,Unfurnished,2,2,845,17,18,19,7139955
Pune,Plot,Semi-Furnished,2,2,727,4,14,17,1819207
Delhi,Villa,Unfurnished,2,2,1036,10,4,5,18579406
Bangalore,Independent House,Furnished,3,3,1325,9,7,14,14442074
Noida,Apartment,Unfurnished,3,3,1437,22,20,23,5914798
Mumbai,Apartment,Semi-Furnished,1,1,624,24,27,28,8726270
Noida,Apartment,Unfurnished,3,2,1308,13,2,13,7742560
Delhi,Apartment,Unfurnished,5,5,2521,4,3,15,28518944
Bangalore,Villa,Unfurnished,3,3,1495,20,10,14,10291291
Mumbai,Apartment,Semi-Furnished,2,1,741,22,25,26,12981114
Hyderabad,Apartment,Unfurnished,3,3,1497,9,14,15,6610092
Mumbai,Villa,Unfurnished,1,1,479,18,4,25,6848861
Hyderabad,Apartment,Semi-Furnished,4,4,1966,3,21,24,9817405
Hyderabad,Independent House,Unfurnished,3,2,1386,9,21,22,8818081
Delhi,Apartment,Unfurnished,1,1,460,21,5,27,4699622
Chennai,Villa,Semi-Furnished,3,3,1309,1,25,26,14288955
Delhi,Independent House,Furnished,4,3,1930,24,3,19,26454913
Hyderabad,Independent House,Semi-Furnished,3,2,1455,16,19,26,8967702
Mumbai,Apartment,Semi-Furnished,2,1,1026,7,8,9,15453286
Pune,Apartment,Unfurnished,2,1,936,13,29,30,4392121
Hyderabad,Apartment,Unfurnished,3,2,1296,14,18,19,6642734
Hyderabad,Apartment,Unfurnished,2,2,1030,5,23,33,6506200
Chennai,Apartment,Furnished,3,3,1553,0,4,15,11937301
Chennai,Apartment,Semi-Furnished,3,3,1373,15,25,26,8217592
Chennai,Plot,Unfurnished,4,4,1811,12,28,29,6420580
Noida,Apartment,Unfurnished,1,1,466,15,16,34,2421864
Mumbai,Apartment,Semi-Furnished,3,3,1196,0,25,31,17874426
Delhi,Villa,Semi-Furnished,3,3,1330,19,21,22,16985199
Bangalore,Apartment,Furnished,1,1,449,13,11,12,2896454
Pune,Apartment,Unfurnished,1,1,386,23,21,22,2264685
Noida,Villa,Unfurnished,1,1,435,5,23,24,4089242
Noida,Apartment,Unfurnished,1,1,560,7,29,30,4056310
Bangalore,Plot,Unfurnished,3,2,1388,17,4,21,5440182
Mumbai,Apartment,Semi-Furnished,5,4,2338,16,8,26,36936124
Chennai,Apartment,Furnished,2,1,1189,7,13,24,10294029
Chennai,Apartment,Semi-Furnished,3,3,1386,17,2,33,8341482
Pune,Apartment,Semi-Furnished,3,3,1304,9,24,25,6139480
Chennai,Apartment,Unfurnished,3,2,1426,1,26,33,8509202
Noida,Apartment,Furnished,2,2,968,20,22,23,8182268
Mumbai,Villa,Semi-Furnished,4,3,2004,7,11,12,53981611
Mumbai,Studio,Semi-Furnished,2,1,930,12,18,19,14551235
Bangalore,Apartment,Semi-Furnished,1,1,616,22,13,14,3635488
Gurugram,Independent House,Unfurnished,2,1,937,5,17,32,8168538
Noida,Independent House,Furnished,1,1,356,24,2,16,2654625
Gurugram,Plot,Unfurnished,2,1,1002,19,0,18,5012109
Hyderabad,Plot,Unfurnished,2,1,1051,21,4,34,3409488
Mumbai,Apartment,Unfurnished,4,4,1937,24,24,31,17524060
Hyderabad,Apartment,Semi-Furnished,3,2,1403,14,0,24,5555386
Hyderabad,Independent House,Semi-Furnished,2,2,728,12,10,11,5080453
Noida,Independent House,Unfurnished,3,3,1408,11,17,23,9211098
Delhi,Apartment,Unfurnished,2,2,888,11,20,23,7685722
Bangalore,Apartment,Unfurnished,2,1,888,16,24,25,5223794
Chennai,Apartment,Semi-Furnished,2,2,1041,5,23,24,4946332
Bangalore,Villa,Unfurnished,3,3,1509,9,18,21,16078059
Pune,Apartment,Semi-Furnished,3,2,1461,5,29,30,6457216
Hyderabad,Villa,Unfurnished,1,1,365,9,12,20,2263145
Chennai,Apartment,Unfurnished,4,3,1819,21,17,18,10422346
Pune,Apartment,Furnished,3,3,1811,7,9,18,8522963
Delhi,Studio,Furnished,1,1,566,5,22,32,4708290
Gurugram,Apartment,Furnished,3,3,1544,21,12,14,14832551
Delhi,Apartment,Semi-Furnished,2,1,997,23,6,7,9971844
Pune,Apartment,Semi-Furnished,3,3,1334,17,2,3,8127564
Mumbai,Independent House,Unfurnished,3,3,1561,23,27,28,25494992
Chennai,Independent House,Semi-Furnished,3,2,1543,1,23,24,12585200
Gurugram,Apartment,Unfurnished,2,2,876,0,5,7,8802055
Hyderabad,Apartment,Unfurnished,2,1,1071,15,23,32,6037603
Delhi,Apartment,Unfurnished,3,3,1246,6,12,34,14903603
Chennai,Independent House,Furnished,5,4,2613,16,3,7,13519491
Gurugram,Independent House,Semi-Furnished,3,2,1503,15,28,29,10707121
Noida,Apartment,Unfurnished,2,1,1168,8,4,31,6731004
Mumbai,Independent House,Semi-Furnished,4,3,1978,11,10,31,29949815
Gurugram,Plot,Semi-Furnished,3,3,1315,18,13,14,8895984
Pune,Apartment,Unfurnished,3,3,1473,3,6,16,6309055
Noida,Apartment,Unfurnished,1,1,457,18,15,16,2175384
Noida,Apartment,Semi-Furnished,1,1,425,8,29,30,2482823
Hyderabad,Plot,Unfurnished,1,1,566,13,23,24,2546546
Delhi,Plot,Unfurnished,2,2,1020,21,4,12,5002282
Bangalore,Apartment,Semi-Furnished,1,1,441,18,5,10,2496425
Hyderabad,Apartment,Furnished,3,2,1159,10,18,19,8195344
Delhi,Apartment,Unfurnished,4,3,2092,22,15,16,16510288
Noida,Apartment,Semi-Furnished,2,1,1196,2,14,24,7971165
Hyderabad,Apartment,Semi-Furnished,2,2,799,7,27,30,4616127
Gurugram,Independent House,Unfurnished,4,3,1994,24,7,8,13770380
Gurugram,Apartment,Semi-Furnished,4,4,1694,18,10,18,11655100
Hyderabad,Apartment,Semi-Furnished,2,1,839,22,13,14,3178149
Bangalore,Studio,Furnished,5,4,2239,3,5,7,17895556
Chennai,Villa,Furnished,1,1,536,9,3,20,5521986
Hyderabad,Plot,Furnished,3,2,1724,5,5,6,9040279
Pune,Independent House,Semi-Furnished,1,1,475,4,29,34,2575866
Mumbai,Apartment,Unfurnished,3,2,1409,10,0,27,25214497
Pune,Plot,Unfurnished,3,2,1619,19,17,29,5421905
Noida,Plot,Semi-Furnished,3,2,1286,6,17,18,5103041
Noida,Apartment,Unfurnished,2,1,1052,4,4,31,6022926
Pune,Independent House,Semi-Furnished,5,5,2352,24,8,26,8801483
Mumbai,Apartment,Unfurnished,2,1,1073,18,15,16,15998446
Noida,Apartment,Furnished,4,4,1983,16,9,29,12810841
Delhi,Apartment,Furnished,3,2,1421,1,13,23,20136320
Mumbai,Apartment,Furnished,3,2,1364,7,14,28,28965448
Delhi,Plot,Furnished,3,3,1379,12,9,20,10983245
Hyderabad,Apartment,Unfurnished,5,5,2307,16,3,26,13791677
Noida,Apartment,Unfurnished,2,1,1005,16,21,32,5001044
Bangalore,Apartment,Semi-Furnished,3,3,1444,16,16,17,6549022
Hyderabad,Apartment,Furnished,4,4,2069,6,4,26,14673067
Mumbai,Independent House,Unfurnished,3,2,1507,15,25,26,25611068
Hyderabad,Apartment,Unfurnished,4,3,1991,12,21,22,8785767
Noida,Apartment,Semi-Furnished,2,1,942,15,22,32,4269686
Hyderabad,Apartment,Semi-Furnished,1,1,338,21,15,29,1298475
Pune,Apartment,Furnished,1,1,597,17,9,28,3955643
Pune,Studio,Furnished,3,3,1603,3,4,31,10325730
Gurugram,Apartment,Unfurnished,2,1,886,10,15,16,7995405
Gurugram,Apartment,Unfurnished,4,3,1852,9,8,15,14707950
Delhi,Villa,Unfurnished,1,1,496,14,4,15,3253466
Pune,Apartment,Furnished,3,3,1389,20,7,8,3364126
Mumbai,Studio,Unfurnished,5,4,2404,13,17,18,35628852
Delhi,Apartment,Semi-Furnished,2,1,1169,16,28,29,17932827
Mumbai,Apartment,Semi-Furnished,3,3,1332,14,6,34,18202350
Chennai,Apartment,Furnished,1,1,597,24,1,25,3149740
Chennai,Apartment,Semi-Furnished,2,1,873,13,8,9,4536438
Delhi,Independent House,Unfurnished,1,1,398,4,22,25,4510716
Mumbai,Independent House,Unfurnished,3,3,1606,9,4,20,35859875
Mumbai,Apartment,Unfurnished,4,3,1945,11,25,26,28502231
Mumbai,Plot,Unfurnished,4,3,1683,0,11,18,19266876
Chennai,Apartment,Furnished,3,3,1382,15,5,6,7615835
Delhi,Apartment,Semi-Furnished,2,1,916,9,1,10,7985230
Noida,Plot,Unfurnished,3,3,1345,9,23,24,5566076
Pune,Apartment,Semi-Furnished,1,1,406,4,14,20,2988045
Delhi,Apartment,Unfurnished,2,2,964,22,10,29,8536030
Mumbai,Independent House,Unfurnished,4,4,1967,20,29,30,32658200
Noida,Independent House,Unfurnished,4,4,2055,16,26,27,7957841
Noida,Villa,Unfurnished,2,1,883,2,4,5,7721953
Hyderabad,Apartment,Semi-Furnished,3,2,1509,1,11,25,10578257
Mumbai,Villa,Unfurnished,3,2,1459,22,0,10,31993678
Chennai,Apartment,Furnished,3,2,1497,6,25,26,11523943
Chennai,Apartment,Unfurnished,3,2,1336,13,9,15,6310615
Delhi,Apartment,Semi-Furnished,3,2,1602,21,20,21,10543192
Mumbai,Apartment,Semi-Furnished,5,4,2401,16,3,27,31202370
Pune,Apartment,Unfurnished,1,1,474,0,25,26,3527146
Delhi,Apartment,Semi-Furnished,2,2,1090,7,3,6,11836966
Delhi,Apartment,Semi-Furnished,2,1,888,13,21,22,8885742
Pune,Apartment,Furnished,3,3,1529,5,7,28,6931904
Mumbai,Apartment,Semi-Furnished,3,2,1355,13,12,31,18463223
Mumbai,Apartment,Semi-Furnished,4,3,1834,5,15,30,30299411
Pune,Independent House,Unfurnished,2,2,902,15,22,23,6673401
Bangalore,Independent House,Semi-Furnished,2,1,824,12,8,9,6935659
Hyderabad,Villa,Furnished,3,3,1578,18,9,32,10223449
Bangalore,Apartment,Furnished,2,2,1050,8,14,15,7949122
Delhi,Independent House,Unfurnished,4,4,1899,20,26,27,14220471
Gurugram,Apartment,Semi-Furnished,3,3,1459,16,4,14,11717933
Mumbai,Apartment,Unfurnished,2,2,1109,24,8,22,17458619
Noida,Villa,Furnished,1,1,492,24,4,33,2370497
Pune,Apartment,Unfurnished,2,1,732,6,9,15,4196081
Mumbai,Studio,Semi-Furnished,3,2,1537,11,24,25,20473673
Pune,Plot,Semi-Furnished,2,1,1117,14,18,31,5017739
Delhi,Villa,Unfurnished,3,3,1624,6,27,28,26288480
Mumbai,Apartment,Furnished,4,3,1850,14,25,26,39958101
Mumbai,Independent House,Unfurnished,3,2,1412,18,24,25,19496158
Gurugram,Independent House,Furnished,4,3,2125,20,13,14,21355906
Gurugram,Apartment,Furnished,2,2,983,19,25,32,8296414
Bangalore,Apartment,Semi-Furnished,3,2,1414,17,24,25,8475207
Noida,Apartment,Semi-Furnished,2,2,956,23,1,32,3162484
Noida,Apartment,Semi-Furnished,3,2,1509,19,6,33,7576241
Gurugram,Independent House,Furnished,2,2,1035,8,25,30,13864910
Hyderabad,Apartment,Furnished,3,3,1347,5,2,28,4726284
Chennai,Apartment,Unfurnished,3,3,1217,7,18,32,9186052
Mumbai,Apartment,Unfurnished,4,3,1886,12,20,21,27821547
Bangalore,Apartment,Furnished,3,2,1333,8,15,33,10006656
Pune,Independent House,Semi-Furnished,3,3,1424,15,6,18,10146732
Chennai,Apartment,Unfurnished,4,3,1768,21,1,30,10102300
Mumbai,Apartment,Semi-Furnished,3,2,1446,23,19,20,23344824
Mumbai,Villa,Semi-Furnished,3,2,1301,5,9,10,35461513
Chennai,Apartment,Unfurnished,2,2,1035,17,10,12,6991378
Delhi,Apartment,Semi-Furnished,5,5,2389,20,21,33,21074847
Gurugram,Apartment,Furnished,2,1,1176,21,15,16,11355312
Gurugram,Apartment,Furnished,2,1,727,16,16,17,5925942
Bangalore,Apartment,Unfurnished,5,5,2239,4,15,16,13757439
Delhi,Apartment,Unfurnished,4,3,1969,24,10,24,16444960
Bangalore,Apartment,Unfurnished,4,3,1924,5,20,23,8089298
Chennai,Apartment,Semi-Furnished,3,3,1420,12,22,23,8940082
Gurugram,Plot,Unfurnished,3,3,1289,12,7,8,8310944
Bangalore,Independent House,Semi-Furnished,2,2,997,7,28,29,5873476
Pune,Apartment,Unfurnished,3,2,1401,12,29,30,10866908
Mumbai,Apartment,Semi-Furnished,4,3,2128,14,12,15,35652392
Chennai,Independent House,Furnished,4,3,1972,21,5,16,13573243
Chennai,Villa,Unfurnished,2,2,1230,1,9,18,11699153
Pune,Villa,Semi-Furnished,3,2,1378,17,19,21,10637116
Bangalore,Apartment,Furnished,3,2,1311,19,0,33,6047065
Gurugram,Studio,Semi-Furnished,3,2,1361,12,22,27,9890892
Chennai,Independent House,Semi-Furnished,3,3,1504,13,16,17,6677183
Chennai,Apartment,Unfurnished,3,3,1330,5,26,34,8567868
Noida,Apartment,Unfurnished,1,1,375,22,3,11,2334141
Pune,Villa,Semi-Furnished,1,1,519,12,21,22,3673194
Hyderabad,Independent House,Semi-Furnished,2,2,1113,24,19,20,6585552
Mumbai,Apartment,Semi-Furnished,2,1,861,15,27,28,5349534
Delhi,Villa,Semi-Furnished,4,3,1943,15,21,29,34834243
Gurugram,Plot,Semi-Furnished,3,3,1293,18,8,11,4068313
Chennai,Independent House,Semi-Furnished,2,2,975,5,7,8,8928634
Noida,Villa,Semi-Furnished,3,2,1253,18,14,15,6816196
Gurugram,Apartment,Semi-Furnished,2,2,1200,19,20,23,10009421
Delhi,Apartment,Unfurnished,2,1,975,9,15,16,7640424
Bangalore,Apartment,Semi-Furnished,3,2,1599,16,5,17,10867934
Gurugram,Villa,Unfurnished,3,3,1452,0,28,29,19659682
Gurugram,Plot,Semi-Furnished,2,2,1018,1,8,19,6157312
Mumbai,Apartment,Furnished,2,2,970,2,5,30,13384983
Pune,Apartment,Semi-Furnished,4,4,2036,11,10,11,11282029
Chennai,Apartment,Furnished,3,3,1485,1,17,23,10436670
Noida,Apartment,Semi-Furnished,1,1,559,21,13,14,2791244
Delhi,Independent House,Furnished,2,2,977,19,2,14,7761604
Hyderabad,Apartment,Unfurnished,2,2,902,4,25,26,3514532
Delhi,Villa,Furnished,1,1,411,15,25,28,6697600
Gurugram,Apartment,Semi-Furnished,4,4,1899,21,22,23,12266565
Chennai,Independent House,Semi-Furnished,4,3,1696,16,27,30,13565200
Chennai,Plot,Unfurnished,4,3,2025,12,25,26,6426585
Mumbai,Apartment,Unfurnished,2,1,993,0,22,23,24342263
Hyderabad,Apartment,Unfurnished,2,1,884,14,19,23,3932016
Chennai,Apartment,Unfurnished,3,2,1277,24,17,18,4869022
Pune,Independent House,Furnished,2,1,826,1,15,26,7535278
Mumbai,Apartment,Unfurnished,1,1,865,13,7,27,11072019
Bangalore,Apartment,Semi-Furnished,1,1,414,23,18,19,2792103
Noida,Apartment,Unfurnished,2,1,888,15,27,28,3110561
Gurugram,Studio,Semi-Furnished,4,3,1531,13,1,31,12042512
Mumbai,Apartment,Unfurnished,4,4,1824,15,29,30,37061873
Hyderabad,Apartment,Unfurnished,4,4,2171,9,18,19,13174505
Noida,Studio,Semi-Furnished,2,1,786,18,26,27,4476138
Delhi,Villa,Unfurnished,2,2,1033,14,6,22,9982839
Hyderabad,Villa,Unfurnished,1,1,369,22,14,15,1980598
Chennai,Apartment,Semi-Furnished,2,2,1220,5,28,29,6710832
Delhi,Plot,Furnished,4,3,1743,13,10,31,11257391
Chennai,Apartment,Unfurnished,2,2,960,15,25,26,3611585
Noida,Apartment,Semi-Furnished,2,2,903,13,8,17,4502140
Chennai,Apartment,Unfurnished,3,2,1243,8,12,13,7184730
Hyderabad,Apartment,Semi-Furnished,5,4,2268,1,13,20,9523727
Gurugram,Apartment,Furnished,4,4,1795,21,27,28,16978509
Noida,Independent House,Unfurnished,2,1,1060,16,10,26,5084325
Noida,Apartment,Unfurnished,4,4,1742,19,15,16,10378820
Chennai,Apartment,Semi-Furnished,2,1,1161,16,3,21,6606679
Bangalore,Villa,Unfurnished,3,3,1514,22,24,28,11482707
Gurugram,Apartment,Semi-Furnished,3,2,1359,5,27,28,15925443
Pune,Apartment,Unfurnished,3,2,1533,17,2,5,8376194
Pune,Apartment,Unfurnished,3,3,1573,5,27,28,10439687
Bangalore,Apartment,Semi-Furnished,1,1,371,19,16,22,3210819
Bangalore,Apartment,Unfurnished,2,2,1100,22,13,22,7239445
Chennai,Apartment,Semi-Furnished,2,1,888,0,27,33,6739335
Mumbai,Apartment,Furnished,1,1,574,15,1,28,10310307
Delhi,Plot,Furnished,2,1,1046,13,11,18,7698886
Pune,Apartment,Semi-Furnished,2,2,1060,4,9,14,6720680
Hyderabad,Independent House,Semi-Furnished,4,4,1874,2,25,27,14609841
Chennai,Independent House,Unfurnished,1,1,356,7,12,13,2275655
Bangalore,Apartment,Semi-Furnished,3,2,1417,13,21,22,10441712
Noida,Plot,Semi-Furnished,3,2,1403,19,24,26,5356756
Pune,Apartment,Unfurnished,4,4,1919,23,15,22,10546155
Gurugram,Apartment,Semi-Furnished,3,3,1451,13,14,34,15303263
Hyderabad,Independent House,Furnished,2,2,1064,8,3,17,8163367
Bangalore,Apartment,Unfurnished,2,2,757,21,8,14,3851053
Bangalore,Independent House,Furnished,5,5,2453,6,27,28,22491357
Pune,Independent House,Furnished,2,1,751,9,16,23,6324363
Mumbai,Apartment,Unfurnished,3,2,1661,21,22,23,19010227
Bangalore,Apartment,Semi-Furnished,2,2,894,18,19,20,4844367
Noida,Apartment,Semi-Furnished,2,1,1033,16,15,24,5722997
Chennai,Studio,Unfurnished,2,1,903,1,1,29,6018251
Noida,Apartment,Unfurnished,4,4,2131,17,2,3,10260436
Gurugram,Apartment,Semi-Furnished,1,1,609,15,7,20,4615035
Gurugram,Apartment,Unfurnished,2,1,853,13,25,26,6239276
Hyderabad,Apartment,Semi-Furnished,5,5,2483,0,0,6,14127758
Bangalore,Independent House,Furnished,1,1,353,12,23,24,3051559
Delhi,Apartment,Semi-Furnished,3,3,1628,23,28,29,11405924
Chennai,Apartment,Unfurnished,4,4,1902,9,9,22,13504303
Noida,Independent House,Unfurnished,2,2,829,16,13,14,5413712
Hyderabad,Apartment,Semi-Furnished,5,4,2294,4,24,25,16542765
Mumbai,Apartment,Unfurnished,3,3,1667,15,5,17,22984749
Hyderabad,Studio,Semi-Furnished,3,3,1367,2,8,13,8437935
Bangalore,Plot,Furnished,3,3,1285,8,28,34,7001443
Noida,Apartment,Unfurnished,2,1,900,13,4,19,3896938
Mumbai,Villa,Semi-Furnished,2,1,1039,11,18,19,23902605
Chennai,Apartment,Unfurnished,3,3,1355,4,21,25,10601389
Noida,Apartment,Semi-Furnished,4,3,1805,17,18,19,11147817
Mumbai,Apartment,Unfurnished,4,3,1932,5,20,21,46492663
Gurugram,Apartment,Furnished,2,1,800,14,6,16,6270794
Hyderabad,Independent House,Semi-Furnished,4,3,1907,4,29,30,12559598
Noida,Apartment,Semi-Furnished,3,3,1440,7,4,34,7741831
Delhi,Villa,Unfurnished,1,1,487,23,16,17,7547670
Noida,Apartment,Semi-Furnished,3,2,1169,16,6,14,6838610
Mumbai,Apartment,Furnished,3,3,1520,12,18,20,25115968
Delhi,Independent House,Unfurnished,2,2,1000,3,0,4,18900118
Chennai,Independent House,Semi-Furnished,2,2,1024,11,0,11,5887322
Mumbai,Apartment,Semi-Furnished,2,1,913,22,19,22,11337400
Chennai,Plot,Unfurnished,2,1,1012,22,10,15,2649164
Pune,Apartment,Semi-Furnished,2,2,1255,17,11,18,6879675
Pune,Villa,Furnished,2,1,925,19,22,23,9197184
Noida,Plot,Unfurnished,4,4,1760,9,3,34,6056079
Mumbai,Plot,Furnished,2,2,973,10,17,29,11705244
Mumbai,Apartment,Furnished,2,1,873,0,26,27,21035055
Mumbai,Apartment,Semi-Furnished,3,2,1386,10,29,32,27551411
Noida,Apartment,Unfurnished,2,2,1180,21,10,21,6552411
Noida,Independent House,Unfurnished,4,3,1878,8,20,34,14518248
Hyderabad,Apartment,Semi-Furnished,2,2,1031,24,4,8,4837893
Delhi,Plot,Unfurnished,3,3,1431,14,18,19,11643338
Delhi,Apartment,Semi-Furnished,4,4,2013,10,14,15,23755790
Gurugram,Apartment,Semi-Furnished,4,4,1785,17,24,25,18426620
Mumbai,Plot,Unfurnished,4,4,1752,22,17,25,15592146
Pune,Villa,Unfurnished,4,4,1569,24,0,8,7655064
Delhi,Apartment,Unfurnished,3,3,1343,11,19,20,14062489
Chennai,Independent House,Unfurnished,3,3,1496,8,24,25,11112054
Bangalore,Independent House,Semi-Furnished,4,4,1980,4,17,18,14564702
Mumbai,Apartment,Semi-Furnished,2,1,1037,6,16,30,19149694
Hyderabad,Apartment,Semi-Furnished,4,4,1903,20,3,14,8432976
Mumbai,Apartment,Unfurnished,1,1,515,12,26,33,5375644
Delhi,Independent House,Unfurnished,2,2,1137,7,2,4,10379907
Pune,Independent House,Semi-Furnished,3,3,1572,14,2,17,11883247
Noida,Studio,Unfurnished,3,3,1505,19,23,24,7830733
Bangalore,Villa,Unfurnished,5,4,2298,17,0,18,11590401
Delhi,Villa,Furnished,2,1,952,11,24,34,14791362
Noida,Apartment,Furnished,5,5,2572,20,5,11,10952852
Pune,Apartment,Unfurnished,2,1,1009,5,5,33,6739619
Hyderabad,Studio,Semi-Furnished,2,1,995,22,27,28,4826817
Noida,Apartment,Unfurnished,1,1,356,6,8,23,2230875
Pune,Villa,Unfurnished,3,3,1256,14,28,29,8888063
Pune,Independent House,Semi-Furnished,3,2,1342,7,5,24,7730871
Gurugram,Apartment,Semi-Furnished,2,1,980,22,22,23,6678211
Chennai,Studio,Semi-Furnished,5,5,2656,14,13,21,17239375
Bangalore,Apartment,Unfurnished,3,2,1204,15,29,30,8557075
Gurugram,Apartment,Semi-Furnished,3,3,1310,0,27,28,14430935
Pune,Apartment,Semi-Furnished,3,2,1356,4,29,30,10971052
Mumbai,Apartment,Unfurnished,4,3,1925,15,21,23,29457444
Pune,Apartment,Unfurnished,1,1,572,15,20,21,2882403
Chennai,Independent House,Furnished,2,1,941,7,22,32,6959180
Hyderabad,Villa,Furnished,4,4,1731,12,2,21,11577930
Hyderabad,Apartment,Unfurnished,3,2,1427,4,8,30,9642886
Delhi,Studio,Unfurnished,3,3,1352,13,5,8,9867093
Delhi,Apartment,Unfurnished,3,2,1480,24,7,8,12349524
Delhi,Apartment,Semi-Furnished,4,3,1679,11,26,27,21288018
Hyderabad,Apartment,Semi-Furnished,4,4,1837,15,22,25,9080156
Hyderabad,Plot,Semi-Furnished,2,1,1013,6,19,20,3416594
Gurugram,Apartment,Unfurnished,3,2,1469,17,22,23,11072919
Gurugram,Apartment,Unfurnished,3,2,1485,3,1,10,11209693
Delhi,Apartment,Unfurnished,1,1,532,4,15,16,5378602
Delhi,Apartment,Unfurnished,5,5,2459,16,7,8,29640779
Mumbai,Apartment,Semi-Furnished,1,1,590,13,13,14,11988980
Bangalore,Apartment,Semi-Furnished,2,1,999,7,1,29,7274290
Gurugram,Independent House,Semi-Furnished,3,3,1657,2,11,32,19108911
Hyderabad,Studio,Unfurnished,3,3,1340,7,27,30,7548041
Gurugram,Apartment,Unfurnished,4,4,1907,2,14,15,16729863
Chennai,Apartment,Furnished,2,2,1048,16,13,16,5857787
Hyderabad,Apartment,Unfurnished,3,3,1403,21,18,28,7569462
Bangalore,Apartment,Unfurnished,3,2,1437,12,28,32,8986068
Gurugram,Apartment,Semi-Furnished,2,1,1051,24,6,26,8907893
Mumbai,Plot,Furnished,4,3,1895,9,29,30,33260628
Chennai,Apartment,Furnished,1,1,458,10,2,28,2570645
Hyderabad,Apartment,Semi-Furnished,2,2,865,22,7,8,4645606
Pune,Apartment,Furnished,3,3,1341,12,17,19,5558233
Bangalore,Plot,Semi-Furnished,3,2,1532,21,18,19,5644970
Gurugram,Plot,Unfurnished,2,1,1113,2,14,31,6703428
Hyderabad,Apartment,Semi-Furnished,2,1,981,19,27,28,3377785
Mumbai,Apartment,Unfurnished,3,3,1461,16,20,25,17361123
Gurugram,Independent House,Unfurnished,3,3,1402,8,14,30,16743094
Mumbai,Apartment,Furnished,2,2,1139,14,3,30,21796924
Chennai,Independent House,Unfurnished,1,1,598,12,19,31,4113238
Hyderabad,Studio,Semi-Furnished,3,2,1394,17,13,24,5390817
Hyderabad,Apartment,Semi-Furnished,2,1,1000,13,21,22,6289307
Bangalore,Apartment,Unfurnished,3,2,1416,2,6,9,10548965
Hyderabad,Apartment,Unfurnished,3,2,1492,1,17,18,10386681
Mumbai,Studio,Unfurnished,2,1,1017,9,19,20,10822369
Hyderabad,Plot,Semi-Furnished,2,2,1087,19,23,26,3375992
Mumbai,Villa,Unfurnished,3,3,1215,3,5,28,26121681
Gurugram,Independent House,Semi-Furnished,2,2,1059,14,4,20,11130977
Hyderabad,Apartment,Unfurnished,3,3,1304,21,5,6,4468909
Hyderabad,Plot,Furnished,2,2,809,6,16,26,3690938
Gurugram,Apartment,Semi-Furnished,1,1,491,6,6,33,5049588
Delhi,Plot,Semi-Furnished,3,3,1348,7,28,29,8367054
Chennai,Independent House,Semi-Furnished,2,1,1044,16,29,30,6600551
Gurugram,Apartment,Semi-Furnished,4,4,1873,3,26,27,16103185
Delhi,Plot,Unfurnished,2,1,948,4,29,30,6795473
Delhi,Apartment,Semi-Furnished,2,2,935,22,7,8,9496910
Bangalore,Apartment,Furnished,1,1,300,9,15,25,2117001
Delhi,Independent House,Unfurnished,3,2,1564,7,21,22,23303439
Gurugram,Apartment,Unfurnished,3,2,1381,17,26,27,10187791
Delhi,Studio,Furnished,3,2,1469,20,8,17,16256112
Pune,Studio,Unfurnished,3,3,1571,13,16,17,6430416
Delhi,Villa,Semi-Furnished,2,1,875,24,28,29,9073808
Mumbai,Independent House,Unfurnished,2,2,858,11,24,25,18538241
Chennai,Independent House,Furnished,3,3,1504,8,22,23,8715513
Gurugram,Studio,Semi-Furnished,1,1,300,22,14,32,2931909
Hyderabad,Apartment,Semi-Furnished,5,5,2527,15,10,27,13933359
Bangalore,Independent House,Unfurnished,3,2,1446,2,19,20,9277038
Mumbai,Villa,Unfurnished,5,4,2459,10,1,9,46625401
Gurugram,Independent House,Semi-Furnished,2,1,641,24,23,24,4178148
Gurugram,Studio,Furnished,2,2,742,16,20,24,5468285
Mumbai,Apartment,Unfurnished,1,1,520,20,0,3,7627061
Bangalore,Plot,Semi-Furnished,3,3,1491,12,22,24,6778001
Hyderabad,Villa,Semi-Furnished,4,4,1826,14,27,28,18475960
Hyderabad,Apartment,Unfurnished,4,3,1875,16,19,34,7503242
Pune,Villa,Furnished,3,3,1241,16,3,16,13521028
Gurugram,Apartment,Semi-Furnished,3,2,1628,3,16,19,15232237
Chennai,Villa,Semi-Furnished,2,1,1046,23,3,5,7505835
Chennai,Apartment,Semi-Furnished,5,4,2341,20,19,20,11496432
Hyderabad,Independent House,Furnished,4,3,1825,4,14,28,18955157
Gurugram,Independent House,Semi-Furnished,2,2,931,17,13,14,9134858
Chennai,Apartment,Unfurnished,1,1,647,7,9,34,4263918
Chennai,Villa,Unfurnished,2,2,694,5,29,30,6519285
Noida,Apartment,Semi-Furnished,2,1,1005,10,5,32,7572944
Bangalore,Villa,Furnished,4,3,1925,2,16,17,20223305
Noida,Plot,Unfurnished,1,1,406,1,16,22,1554960
Bangalore,Apartment,Unfurnished,2,2,889,21,9,10,4897459
Hyderabad,Independent House,Unfurnished,2,1,874,12,2,6,4961068
Delhi,Independent House,Semi-Furnished,3,2,1642,21,14,15,16111749
Chennai,Plot,Semi-Furnished,2,2,1012,17,11,29,4208588
Hyderabad,Independent House,Unfurnished,5,4,2476,24,29,30,11453201
Chennai,Plot,Semi-Furnished,3,3,1208,17,2,27,3915480
Noida,Apartment,Semi-Furnished,1,1,435,9,12,33,2123613
Chennai,Apartment,Semi-Furnished,4,3,1819,19,6,11,8801193
Delhi,Studio,Unfurnished,2,2,1168,15,13,14,11251084
Mumbai,Independent House,Unfurnished,4,4,1845,11,26,27,32367074
Delhi,Apartment,Furnished,2,2,986,15,23,24,8782857
Mumbai,Apartment,Furnished,2,1,1053,16,11,12,18922495
Bangalore,Apartment,Unfurnished,4,3,1709,19,26,27,9037274
Hyderabad,Apartment,Semi-Furnished,2,1,924,14,1,15,4734187
Noida,Apartment,Furnished,1,1,388,2,4,5,2800265
Mumbai,Plot,Unfurnished,3,3,1425,18,12,13,14832905
Chennai,Apartment,Unfurnished,4,3,1972,22,10,15,9134908
Mumbai,Plot,Furnished,1,1,652,10,5,6,5078082
Pune,Apartment,Furnished,1,1,658,23,0,14,2936849
Hyderabad,Plot,Semi-Furnished,4,3,1731,1,6,7,7346234
Hyderabad,Studio,Semi-Furnished,3,3,1617,9,20,33,9617049
Noida,Independent House,Semi-Furnished,2,1,1109,10,27,28,8879373
Mumbai,Apartment,Unfurnished,1,1,312,18,18,19,4776893
Delhi,Apartment,Unfurnished,2,2,911,18,8,9,5535270
Pune,Independent House,Unfurnished,3,3,1355,16,6,19,11054762
Chennai,Villa,Semi-Furnished,2,2,935,9,20,21,7635147
Bangalore,Independent House,Furnished,3,2,1354,4,24,25,14790302
Bangalore,Apartment,Furnished,3,3,1319,7,1,21,12461148
Pune,Studio,Furnished,2,2,935,21,14,15,5868838
Chennai,Independent House,Semi-Furnished,4,4,2089,21,10,11,12481916
Chennai,Apartment,Semi-Furnished,2,1,987,18,20,26,3537113
Chennai,Apartment,Unfurnished,3,2,1327,10,26,32,6660832
Mumbai,Villa,Semi-Furnished,4,4,1820,20,20,21,38194988
Hyderabad,Apartment,Furnished,2,2,1066,14,6,24,7310813
Noida,Apartment,Semi-Furnished,2,1,830,2,13,14,5216405
Hyderabad,Apartment,Unfurnished,3,2,1234,23,15,16,5039157
Delhi,Apartment,Unfurnished,3,2,1452,3,20,32,16016954
Delhi,Plot,Semi-Furnished,3,3,1592,22,19,20,9617071
Hyderabad,Apartment,Furnished,3,3,1236,4,12,28,9418168
Noida,Studio,Furnished,3,2,1500,22,12,13,6038932
Gurugram,Apartment,Furnished,2,1,1030,18,23,24,6930358
Hyderabad,Apartment,Semi-Furnished,2,2,724,0,29,30,5253419
Bangalore,Villa,Unfurnished,3,3,1366,11,28,29,10985818
Pune,Apartment,Semi-Furnished,2,1,1152,3,9,10,9733358
Noida,Studio,Semi-Furnished,4,4,1900,0,0,9,10838966
Hyderabad,Villa,Furnished,1,1,349,22,11,27,2936585
Bangalore,Independent House,Unfurnished,2,2,918,0,9,20,7637756
Mumbai,Independent House,Furnished,3,2,1293,10,5,26,28014726
Bangalore,Villa,Unfurnished,4,3,1986,2,3,22,18343446
Pune,Apartment,Unfurnished,2,1,1051,2,16,17,7815338
Mumbai,Studio,Semi-Furnished,3,2,1415,17,18,21,20745054
Noida,Apartment,Semi-Furnished,2,1,825,11,1,29,3800350
Noida,Villa,Semi-Furnished,5,4,2465,21,13,32,14583647
Hyderabad,Apartment,Furnished,3,3,1436,17,24,25,8000161
Hyderabad,Independent House,Semi-Furnished,2,2,801,22,17,32,4724554
Hyderabad,Apartment,Unfurnished,3,3,1425,6,1,9,8220335
Gurugram,Plot,Furnished,5,4,2517,17,23,24,13623385
Delhi,Apartment,Unfurnished,4,4,2030,6,19,20,25107058
Chennai,Independent House,Unfurnished,4,3,1905,19,8,10,8893444
Gurugram,Independent House,Furnished,2,2,920,4,28,29,14048391
Pune,Apartment,Semi-Furnished,2,2,983,0,20,21,7500295
Gurugram,Villa,Semi-Furnished,3,2,1411,0,0,30,17325793
Pune,Apartment,Semi-Furnished,3,3,1506,8,6,34,9508351
Pune,Apartment,Semi-Furnished,3,3,1454,2,22,23,8002615
Mumbai,Villa,Semi-Furnished,3,2,1379,6,4,22,29434534
Delhi,Independent House,Unfurnished,4,4,1941,24,28,29,16387876
Bangalore,Apartment,Semi-Furnished,3,3,1498,22,25,32,5966108
Noida,Studio,Semi-Furnished,5,4,2209,7,7,20,13153429
Chennai,Apartment,Semi-Furnished,2,2,963,8,25,30,5114391
Gurugram,Plot,Semi-Furnished,5,4,2269,21,11,31,13396253
Noida,Independent House,Furnished,3,3,1357,14,26,27,9480146
Noida,Villa,Unfurnished,3,2,1398,6,3,14,13799454
Gurugram,Apartment,Semi-Furnished,3,3,1299,3,0,11,14511047
Gurugram,Apartment,Unfurnished,1,1,650,1,3,22,5736631
Delhi,Apartment,Semi-Furnished,2,1,883,18,23,24,8914581
Mumbai,Apartment,Semi-Furnished,1,1,566,13,27,28,9722263
Delhi,Studio,Semi-Furnished,4,4,1775,5,12,32,24694355
Mumbai,Apartment,Semi-Furnished,2,2,1135,17,20,25,17976361
Pune,Plot,Unfurnished,4,4,1864,12,17,18,4370652
Gurugram,Apartment,Semi-Furnished,1,1,336,9,26,27,3364303
Hyderabad,Independent House,Unfurnished,2,2,979,12,22,29,4476759
Chennai,Apartment,Semi-Furnished,5,5,2315,24,12,26,10040247
Pune,Apartment,Furnished,3,3,1533,21,9,13,4746002
Bangalore,Apartment,Unfurnished,4,3,2041,0,2,5,11863332
Chennai,Villa,Unfurnished,4,3,1897,24,26,27,12751553
Noida,Apartment,Unfurnished,2,2,809,23,18,28,3839519
Delhi,Independent House,Unfurnished,4,3,1939,4,7,16,26683140
Delhi,Villa,Unfurnished,5,5,2475,17,25,26,35255379
Gurugram,Villa,Unfurnished,3,2,1649,2,5,6,12783214
Pune,Plot,Furnished,4,4,2183,19,26,27,7003451
Noida,Studio,Semi-Furnished,1,1,586,0,19,23,4360070
Noida,Plot,Unfurnished,3,3,1518,9,3,24,5931890
Bangalore,Apartment,Unfurnished,3,3,1351,12,19,20,8532884
Pune,Apartment,Semi-Furnished,2,1,1000,8,9,12,5944222
Pune,Apartment,Semi-Furnished,3,2,1299,7,25,34,8095038
Bangalore,Plot,Semi-Furnished,1,1,502,14,19,20,2136183
Delhi,Apartment,Unfurnished,3,2,1583,10,16,31,21171309
Noida,Apartment,Semi-Furnished,1,1,408,5,23,24,2736433
Hyderabad,Apartment,Furnished,2,1,907,5,14,19,5650087
Chennai,Apartment,Semi-Furnished,3,3,1502,9,5,30,7799142
Bangalore,Independent House,Furnished,3,2,1313,18,18,27,10403854
Delhi,Apartment,Unfurnished,3,2,1520,13,5,17,17521605
Gurugram,Apartment,Unfurnished,3,2,1316,16,11,17,10369505
Mumbai,Apartment,Unfurnished,4,3,1782,2,20,21,34339603
Mumbai,Apartment,Semi-Furnished,2,2,828,22,1,11,9940101
Mumbai,Plot,Semi-Furnished,3,2,1497,23,6,8,9829593
Hyderabad,Apartment,Unfurnished,3,3,1527,6,5,6,5163027
Gurugram,Apartment,Semi-Furnished,1,1,455,16,20,22,3662376
Mumbai,Independent House,Unfurnished,3,2,1168,4,20,34,24557228
Pune,Apartment,Unfurnished,3,3,1511,6,16,29,9690156
Hyderabad,Apartment,Semi-Furnished,4,3,1789,22,22,23,7785186
Mumbai,Independent House,Semi-Furnished,2,1,954,18,17,30,16088939
Chennai,Apartment,Unfurnished,5,5,2440,21,0,15,9420599
Delhi,Apartment,Semi-Furnished,3,2,1652,4,25,26,13491166
Gurugram,Villa,Unfurnished,3,3,1637,3,16,31,19907583
Delhi,Apartment,Semi-Furnished,1,1,536,16,13,22,2868378
Bangalore,Independent House,Semi-Furnished,5,5,2296,22,11,15,13294760
Chennai,Apartment,Semi-Furnished,3,2,1624,18,28,30,5844946
Mumbai,Studio,Unfurnished,2,1,986,17,11,18,16029193
Bangalore,Apartment,Unfurnished,4,4,1822,5,14,15,12880611
Chennai,Studio,Semi-Furnished,3,2,1361,18,26,27,5605418
Pune,Independent House,Unfurnished,2,2,988,8,24,25,9134503
Mumbai,Plot,Semi-Furnished,5,4,2712,1,17,18,41846988
Noida,Apartment,Unfurnished,4,3,1844,9,8,33,15930751
Noida,Apartment,Semi-Furnished,2,1,976,15,27,29,4683701
Pune,Independent House,Semi-Furnished,3,2,1614,21,19,27,13357256
Pune,Apartment,Furnished,2,1,1130,18,10,11,6125422
Gurugram,Plot,Unfurnished,3,3,1601,11,19,20,10260185
Noida,Apartment,Furnished,3,2,1582,17,26,34,10503699
Chennai,Apartment,Furnished,2,2,886,24,14,15,5096450
Bangalore,Apartment,Unfurnished,3,3,1332,12,7,29,6313147
Pune,Apartment,Unfurnished,1,1,437,14,23,24,2142987
Gurugram,Independent House,Semi-Furnished,2,2,909,14,16,17,6524657
Chennai,Independent House,Unfurnished,4,4,1959,20,24,25,9824316
Bangalore,Apartment,Furnished,3,3,1445,24,14,15,6366402
Pune,Independent House,Semi-Furnished,4,4,1877,21,29,30,10138042
Bangalore,Plot,Unfurnished,2,1,979,8,6,18,4223107
Delhi,Villa,Semi-Furnished,5,5,2431,12,11,23,27891781
Bangalore,Independent House,Semi-Furnished,3,2,1487,6,13,22,8532695
Delhi,Apartment,Unfurnished,1,1,409,5,6,19,3976925
Gurugram,Independent House,Semi-Furnished,2,1,875,3,22,23,12469200
Bangalore,Villa,Unfurnished,5,4,2369,17,5,12,21197014
Chennai,Apartment,Unfurnished,2,2,974,18,11,14,5833828
Pune,Independent House,Unfurnished,1,1,411,3,23,34,3537777
Mumbai,Apartment,Semi-Furnished,2,2,939,20,16,26,14121341
Bangalore,Villa,Furnished,2,1,1035,9,2,32,9949118
Pune,Plot,Unfurnished,2,2,1003,13,2,20,3335993
Pune,Apartment,Unfurnished,3,2,1288,2,12,31,7718880
Mumbai,Apartment,Unfurnished,2,2,941,1,19,24,15839581
Gurugram,Apartment,Furnished,2,2,1105,12,12,19,10913000
Chennai,Villa,Semi-Furnished,3,2,1423,8,13,14,10521815
Noida,Apartment,Unfurnished,3,2,1507,19,17,18,7944477
Noida,Apartment,Semi-Furnished,3,3,1512,1,4,33,8049443
Chennai,Apartment,Semi-Furnished,3,3,1573,12,0,8,8405051
Noida,Plot,Semi-Furnished,1,1,519,22,15,19,1538189
Gurugram,Apartment,Unfurnished,4,3,1849,9,5,26,10515628
Pune,Independent House,Unfurnished,3,3,1313,16,20,34,9849516
Gurugram,Independent House,Semi-Furnished,2,2,991,10,12,21,7758473
Noida,Villa,Semi-Furnished,4,3,1823,4,11,16,11616619
Chennai,Apartment,Furnished,1,1,472,21,16,17,2743425
Chennai,Apartment,Unfurnished,5,4,2187,5,0,27,11822778
Pune,Apartment,Semi-Furnished,5,5,2456,19,5,33,11511096
Gurugram,Independent House,Unfurnished,3,3,1466,12,19,28,15845530
Bangalore,Apartment,Unfurnished,4,3,1839,8,18,19,12308566
Gurugram,Independent House,Furnished,2,1,997,23,18,19,9265466
Noida,Apartment,Unfurnished,3,3,1401,1,29,30,8215309
Mumbai,Apartment,Semi-Furnished,2,2,802,16,8,31,14145517
Chennai,Independent House,Unfurnished,2,1,1086,15,15,19,8120705
Delhi,Plot,Furnished,3,2,1565,22,5,20,9991372
Gurugram,Villa,Semi-Furnished,2,2,861,5,2,5,13018006
Delhi,Apartment,Semi-Furnished,3,2,1380,2,22,23,14784324
Mumbai,Independent House,Unfurnished,3,2,1572,19,4,22,23474203
Hyderabad,Apartment,Unfurnished,5,5,2370,17,18,19,13595427
Noida,Plot,Unfurnished,3,3,1461,23,15,16,4039279
Mumbai,Independent House,Semi-Furnished,3,2,1462,13,3,6,19481157
Mumbai,Apartment,Unfurnished,3,3,1576,23,18,19,24011181
Gurugram,Apartment,Semi-Furnished,2,1,1067,3,9,10,12470914
Delhi,Apartment,Semi-Furnished,2,2,1082,18,7,12,11732956
Bangalore,Apartment,Unfurnished,2,2,1035,4,1,13,7209285
Chennai,Apartment,Unfurnished,1,1,506,3,17,18,4089584
Mumbai,Apartment,Semi-Furnished,2,1,1002,19,4,9,16837600
Noida,Apartment,Furnished,3,3,1425,19,3,34,5742566
Noida,Apartment,Furnished,2,2,1002,3,1,33,7462777
Mumbai,Apartment,Furnished,4,3,2002,4,16,34,35932105
Mumbai,Apartment,Furnished,3,2,1438,15,9,29,20763641
Hyderabad,Villa,Furnished,3,2,1293,11,18,19,7456391
Bangalore,Apartment,Unfurnished,3,2,1381,14,16,17,4896554
Pune,Independent House,Semi-Furnished,2,1,976,20,5,7,6375388
Bangalore,Independent House,Furnished,1,1,547,20,9,15,3529256
Mumbai,Apartment,Furnished,2,1,1031,7,20,23,26887064
Chennai,Plot,Unfurnished,5,5,2536,2,17,18,9640689
Delhi,Apartment,Semi-Furnished,2,1,1097,11,6,30,13107223
Gurugram,Independent House,Semi-Furnished,3,2,1365,7,19,20,15351647
Noida,Independent House,Semi-Furnished,5,4,2341,16,17,18,12075553
Noida,Apartment,Furnished,1,1,510,24,6,12,1754883
Bangalore,Apartment,Furnished,1,1,512,7,15,21,3430530
Chennai,Apartment,Unfurnished,1,1,715,6,13,14,4741187
Gurugram,Independent House,Furnished,3,3,1602,2,1,26,17687971
Bangalore,Independent House,Unfurnished,2,1,970,11,5,20,7552544
Delhi,Apartment,Unfurnished,2,1,907,7,18,19,9360500
Pune,Apartment,Furnished,2,2,782,8,6,7,4844119
Mumbai,Studio,Unfurnished,4,3,1899,24,27,33,20797400
Hyderabad,Independent House,Furnished,3,2,1357,17,25,27,6706903
Mumbai,Plot,Semi-Furnished,1,1,506,15,22,23,5840594
Chennai,Independent House,Unfurnished,1,1,542,8,26,27,2420491
Noida,Apartment,Semi-Furnished,3,2,1394,13,21,23,8373968
Pune,Apartment,Furnished,2,1,784,10,11,28,4921051
Delhi,Villa,Semi-Furnished,3,2,1551,7,2,4,18472686
Chennai,Apartment,Unfurnished,3,2,1516,1,8,11,8679298
Delhi,Apartment,Unfurnished,1,1,591,5,0,10,8412976
Bangalore,Plot,Semi-Furnished,4,4,1996,1,2,11,7970585
Noida,Apartment,Unfurnished,2,1,795,9,3,24,3885304
Gurugram,Apartment,Furnished,4,4,2040,7,21,22,27241654
Chennai,Independent House,Semi-Furnished,2,2,1110,9,10,28,9915295
Hyderabad,Apartment,Unfurnished,3,3,1426,1,11,18,7035054
Mumbai,Villa,Semi-Furnished,3,3,1393,23,28,30,29906549
Mumbai,Independent House,Semi-Furnished,2,2,1034,11,1,28,14233499
Bangalore,Apartment,Unfurnished,4,3,1901,16,17,18,11254050
Chennai,Plot,Semi-Furnished,2,2,893,16,1,21,3334756
Mumbai,Apartment,Semi-Furnished,2,2,866,7,25,26,11307719
Bangalore,Villa,Unfurnished,1,1,403,5,29,30,4004365
Gurugram,Plot,Unfurnished,2,2,946,5,22,23,5713273
Mumbai,Apartment,Semi-Furnished,3,3,1393,12,8,9,28000838
Chennai,Plot,Unfurnished,2,2,975,16,20,21,3462093
Chennai,Apartment,Semi-Furnished,2,1,642,13,13,27,4121753
Bangalore,Plot,Furnished,2,1,860,23,1,13,3524966
Gurugram,Apartment,Unfurnished,1,1,632,19,11,34,5725157
Noida,Independent House,Semi-Furnished,2,2,1055,10,17,18,5012636
Mumbai,Apartment,Unfurnished,2,1,905,22,20,21,13299332
Bangalore,Apartment,Unfurnished,2,2,1044,11,6,15,5763543
Bangalore,Plot,Furnished,4,3,2002,16,7,34,9349745
Delhi,Independent House,Unfurnished,2,2,856,16,22,27,8058973
Delhi,Apartment,Semi-Furnished,3,3,1311,1,22,23,19733360
Pune,Studio,Semi-Furnished,2,1,1066,4,24,25,5566636
Gurugram,Apartment,Unfurnished,3,2,1399,10,5,12,12068161
Noida,Independent House,Unfurnished,4,4,1629,3,9,21,9160737
Mumbai,Studio,Unfurnished,2,1,894,14,23,24,10791796
Delhi,Apartment,Unfurnished,1,1,475,8,16,17,4785984
Bangalore,Apartment,Semi-Furnished,3,3,1643,16,17,34,9576152
Delhi,Plot,Semi-Furnished,3,3,1466,10,9,27,10285202
Gurugram,Apartment,Unfurnished,2,2,968,23,9,26,7898070
Gurugram,Plot,Unfurnished,2,2,919,12,21,22,4993276
Hyderabad,Apartment,Semi-Furnished,3,3,1411,10,7,24,9194276
Pune,Independent House,Semi-Furnished,2,1,1212,15,11,19,8162209
Bangalore,Independent House,Unfurnished,2,1,1091,15,3,4,7981788
Bangalore,Apartment,Unfurnished,1,1,311,17,4,26,1453106
Hyderabad,Apartment,Furnished,3,3,1522,18,0,32,7771903
Chennai,Apartment,Unfurnished,2,1,1153,20,15,33,6103975
Chennai,Villa,Unfurnished,1,1,408,15,4,14,2739100
Gurugram,Apartment,Furnished,3,2,1534,6,1,21,14470135
Delhi,Independent House,Unfurnished,3,3,1494,1,10,11,19688715
Chennai,Plot,Furnished,2,2,1092,18,26,30,2458657
Hyderabad,Apartment,Semi-Furnished,3,3,1340,10,0,22,8905195
Mumbai,Studio,Furnished,1,1,571,4,4,20,11641534
Delhi,Independent House,Unfurnished,3,3,1483,21,14,15,16307244
Delhi,Apartment,Furnished,3,3,1413,1,22,27,17099266
Delhi,Villa,Unfurnished,4,3,1965,5,18,19,26083023
Hyderabad,Apartment,Unfurnished,4,4,2016,11,21,28,10524293
Delhi,Plot,Unfurnished,3,3,1616,12,24,25,11065451
Mumbai,Independent House,Unfurnished,4,4,1894,8,22,23,38593880
Gurugram,Villa,Unfurnished,5,4,2620,18,18,19,24244933
Mumbai,Plot,Unfurnished,2,2,1112,15,0,8,9700178
Pune,Villa,Furnished,4,4,1663,8,29,30,11366477
Pune,Villa,Unfurnished,1,1,666,4,13,17,4617655
Chennai,Apartment,Furnished,3,2,1462,18,19,20,8793314
Hyderabad,Independent House,Unfurnished,4,4,1912,7,20,21,12808490
Mumbai,Apartment,Semi-Furnished,3,2,1293,7,0,26,17366906
Gurugram,Independent House,Semi-Furnished,5,5,2289,12,16,32,26653012
Hyderabad,Studio,Semi-Furnished,5,5,2237,18,10,14,6732540
Noida,Apartment,Furnished,5,5,2160,11,15,16,10585968
Pune,Independent House,Unfurnished,2,1,770,10,27,28,5654916
Noida,Apartment,Unfurnished,3,3,1324,5,1,3,6096719
Gurugram,Independent House,Semi-Furnished,2,2,800,24,16,17,8357592
Hyderabad,Apartment,Semi-Furnished,2,1,951,12,29,30,4955802
Chennai,Apartment,Semi-Furnished,1,1,558,4,26,27,5148120
Chennai,Apartment,Unfurnished,3,2,1287,18,24,25,8139850
Mumbai,Plot,Semi-Furnished,2,2,1039,9,18,19,12825292
Pune,Apartment,Semi-Furnished,1,1,436,10,24,25,2854508
Noida,Plot,Semi-Furnished,2,2,983,8,11,28,3774904
Noida,Apartment,Unfurnished,2,2,869,10,7,8,4978010
Chennai,Apartment,Furnished,3,3,1532,19,16,34,10434207
Gurugram,Apartment,Unfurnished,1,1,643,0,3,16,5926605
Chennai,Villa,Furnished,3,2,1378,13,11,20,11310085
Delhi,Apartment,Unfurnished,4,3,1997,13,2,21,18549237
Bangalore,Independent House,Furnished,4,4,1657,13,26,27,16379122
Delhi,Plot,Furnished,3,2,1326,18,9,34,10571696
Mumbai,Apartment,Furnished,4,4,1909,5,27,28,45402037
Noida,Independent House,Furnished,1,1,635,19,5,30,4057659
Mumbai,Independent House,Unfurnished,4,4,1931,10,6,29,40335788
Delhi,Independent House,Furnished,3,3,1430,0,0,22,21067305
Chennai,Villa,Furnished,2,2,1132,18,6,7,9085698
Hyderabad,Apartment,Furnished,3,3,1472,8,11,33,12112249
Gurugram,Independent House,Unfurnished,1,1,564,16,17,28,5782366
Delhi,Apartment,Semi-Furnished,2,1,937,15,7,13,8021604
Chennai,Apartment,Semi-Furnished,2,1,868,7,22,23,5051135
Pune,Studio,Unfurnished,4,3,2062,6,18,32,10624743
Bangalore,Apartment,Unfurnished,2,2,786,20,11,25,3488756
Bangalore,Apartment,Unfurnished,4,3,1987,7,25,26,14490356
Noida,Apartment,Unfurnished,2,2,930,14,17,18,4019330
Chennai,Apartment,Unfurnished,1,1,543,18,8,13,2034955
Noida,Independent House,Unfurnished,3,3,1543,4,10,26,9220789
Gurugram,Independent House,Semi-Furnished,4,4,1838,4,8,9,19185239
Delhi,Independent House,Furnished,3,2,1344,10,8,19,17410722
Bangalore,Villa,Unfurnished,3,3,1517,19,24,25,12524341
Pune,Independent House,Semi-Furnished,4,3,1837,20,10,20,11020834
Bangalore,Independent House,Unfurnished,1,1,375,22,20,21,2969590
Delhi,Apartment,Unfurnished,3,3,1546,9,13,28,23048496
Gurugram,Studio,Furnished,3,2,1336,11,6,21,11548457
Chennai,Apartment,Unfurnished,1,1,449,3,17,21,2294165
Pune,Apartment,Furnished,2,2,903,7,23,24,7697254
Chennai,Apartment,Furnished,2,1,1231,11,20,22,8603010
Hyderabad,Studio,Semi-Furnished,1,1,582,6,29,31,3630025
Delhi,Plot,Unfurnished,4,4,1963,13,24,25,15865460
Noida,Apartment,Furnished,1,1,443,14,4,17,3171401
Noida,Apartment,Semi-Furnished,4,4,1674,4,10,11,12839391
Bangalore,Plot,Semi-Furnished,4,4,1843,7,1,21,6383533
Bangalore,Villa,Semi-Furnished,2,2,1003,6,17,26,9752058
Gurugram,Plot,Furnished,1,1,596,7,18,19,3191334
Gurugram,Apartment,Unfurnished,4,4,1872,17,27,28,15226494
Delhi,Apartment,Semi-Furnished,4,4,1808,12,21,22,24589976
Delhi,Apartment,Furnished,2,1,937,15,13,33,13375635
Bangalore,Villa,Unfurnished,3,2,1268,12,4,17,10875571
Gurugram,Apartment,Semi-Furnished,2,1,883,13,26,27,5456204
Noida,Villa,Unfurnished,3,3,1242,23,24,26,10895204
Noida,Apartment,Unfurnished,1,1,634,11,2,9,3357621
Noida,Plot,Semi-Furnished,2,1,1123,14,27,34,3804272
Gurugram,Apartment,Semi-Furnished,5,4,2262,13,10,11,19511941
Hyderabad,Apartment,Semi-Furnished,4,4,1962,12,7,12,8275609
Pune,Apartment,Unfurnished,3,3,1303,23,29,30,7113679
Bangalore,Independent House,Furnished,2,1,931,15,22,23,6732832
Gurugram,Apartment,Furnished,3,3,1408,19,19,20,12298655
Delhi,Independent House,Unfurnished,5,5,2495,18,28,29,19427235
Noida,Apartment,Furnished,2,2,1067,14,22,26,5212395
Hyderabad,Apartment,Semi-Furnished,3,3,1369,13,16,26,6405422
Mumbai,Studio,Semi-Furnished,2,1,1066,6,25,26,16549544
Chennai,Apartment,Semi-Furnished,3,2,1466,7,12,13,7035151
Noida,Apartment,Unfurnished,1,1,300,2,11,22,2735428
Gurugram,Villa,Semi-Furnished,2,1,821,1,17,18,11534211
Pune,Apartment,Unfurnished,1,1,415,1,19,20,3006919
Gurugram,Apartment,Semi-Furnished,2,2,970,13,6,25,7846995
Chennai,Independent House,Unfurnished,3,3,1424,6,11,12,11027508
Gurugram,Apartment,Furnished,3,2,1328,7,25,26,11321635
Gurugram,Apartment,Semi-Furnished,3,2,1538,16,10,28,12872425
Delhi,Apartment,Semi-Furnished,5,4,2547,23,13,31,26509719
Bangalore,Villa,Unfurnished,4,4,1854,1,15,27,14096633
Noida,Plot,Furnished,4,4,1999,20,1,34,10463313
Hyderabad,Independent House,Semi-Furnished,3,2,1385,21,17,18,6580074
Mumbai,Apartment,Unfurnished,4,3,2073,7,14,23,36831781
Gurugram,Apartment,Semi-Furnished,5,5,2437,7,11,29,27197635
Pune,Independent House,Unfurnished,4,3,2211,14,16,27,15110844
Chennai,Apartment,Semi-Furnished,3,2,1475,12,1,16,8638465
Gurugram,Independent House,Furnished,3,3,1425,24,27,28,14670896
Bangalore,Independent House,Semi-Furnished,3,3,1265,9,16,32,13499247
Hyderabad,Apartment,Unfurnished,2,2,1173,22,3,23,4732372
Bangalore,Studio,Furnished,2,1,1145,0,26,27,7602875
Mumbai,Apartment,Unfurnished,2,1,972,23,19,24,11956522
Delhi,Apartment,Unfurnished,3,2,1500,15,17,21,11204708
Pune,Independent House,Furnished,3,2,1492,19,25,26,11247592
Mumbai,Apartment,Semi-Furnished,4,3,1967,6,3,15,32937415
Chennai,Villa,Furnished,3,2,1455,14,16,18,13407813
Gurugram,Apartment,Furnished,3,3,1512,14,15,16,15630047
Delhi,Apartment,Semi-Furnished,3,3,1534,4,13,14,17969350
Pune,Apartment,Semi-Furnished,4,3,1990,17,2,14,7576170
Mumbai,Apartment,Semi-Furnished,3,3,1570,24,27,29,18915074
Bangalore,Apartment,Semi-Furnished,2,2,920,0,23,27,8572613
Hyderabad,Plot,Unfurnished,3,3,1146,11,2,22,3096963
Noida,Independent House,Unfurnished,3,2,1332,15,11,12,7947370
Mumbai,Apartment,Unfurnished,3,2,1417,0,10,25,28760355
Noida,Apartment,Unfurnished,4,4,1970,19,25,26,4539459
Gurugram,Apartment,Semi-Furnished,4,4,2050,19,28,29,14444142
Pune,Apartment,Furnished,3,2,1560,21,29,32,14229881
Noida,Apartment,Furnished,3,2,1540,2,29,30,11806766
Pune,Apartment,Unfurnished,4,3,2076,0,15,17,12206981
Chennai,Villa,Unfurnished,4,4,1922,11,3,32,16966748
Pune,Independent House,Furnished,4,3,2032,18,5,32,9507234
Chennai,Plot,Semi-Furnished,2,2,678,4,4,8,3388743
Delhi,Studio,Semi-Furnished,2,1,1167,7,29,30,9326136
Mumbai,Apartment,Unfurnished,3,3,1393,21,20,24,22602963
Chennai,Independent House,Semi-Furnished,2,2,925,6,7,8,8917005
Bangalore,Apartment,Furnished,3,2,1273,5,2,12,9829187
Mumbai,Independent House,Semi-Furnished,3,3,1439,3,29,30,21877920
Chennai,Studio,Semi-Furnished,3,3,1539,18,18,19,6221509
Chennai,Apartment,Semi-Furnished,3,3,1665,14,23,31,10322545
Bangalore,Apartment,Unfurnished,4,4,1932,3,9,13,10741186
Bangalore,Independent House,Furnished,2,1,1100,5,7,19,11090062
Gurugram,Apartment,Unfurnished,4,4,2037,2,21,22,10989527
Bangalore,Apartment,Furnished,2,2,716,18,27,28,4028053
Chennai,Apartment,Unfurnished,3,2,1571,5,18,19,9830037
Hyderabad,Apartment,Semi-Furnished,2,2,995,16,0,3,4425049
Pune,Apartment,Unfurnished,3,2,1467,6,3,4,7945676
Mumbai,Apartment,Unfurnished,1,1,673,15,29,30,8308321
Mumbai,Villa,Semi-Furnished,3,2,1422,22,2,8,21334824
Mumbai,Apartment,Semi-Furnished,2,2,930,6,21,29,24784709
Gurugram,Apartment,Semi-Furnished,2,1,1007,22,3,19,6764234
Delhi,Apartment,Unfurnished,3,2,1489,21,28,29,14498410
Mumbai,Apartment,Semi-Furnished,1,1,646,13,29,34,14447996
Bangalore,Apartment,Furnished,3,2,1559,1,7,21,14282300
Gurugram,Independent House,Furnished,1,1,575,16,13,27,5319434
Delhi,Apartment,Semi-Furnished,3,2,1420,9,16,31,14895858
Delhi,Villa,Unfurnished,3,2,1305,21,12,33,18360251
Noida,Apartment,Semi-Furnished,3,2,1343,18,3,21,6550125
Bangalore,Studio,Semi-Furnished,4,4,1820,15,26,27,12217892
Gurugram,Apartment,Semi-Furnished,3,2,1292,8,16,17,12468690
Gurugram,Apartment,Unfurnished,2,2,1051,10,21,22,10557567
Bangalore,Villa,Semi-Furnished,2,2,984,6,10,33,6820524
Delhi,Apartment,Furnished,2,2,982,19,10,19,8156001
Mumbai,Apartment,Unfurnished,3,2,1575,19,28,29,22909604
Bangalore,Plot,Unfurnished,5,5,2523,22,20,22,7924120
Noida,Villa,Unfurnished,1,1,300,4,20,21,2195958
Mumbai,Apartment,Unfurnished,4,4,1950,24,25,26,27841371
Delhi,Apartment,Semi-Furnished,2,1,962,20,13,14,8604505
Delhi,Apartment,Semi-Furnished,2,1,972,19,19,20,11168825
Noida,Villa,Unfurnished,3,2,1332,18,5,12,7962393
Delhi,Independent House,Semi-Furnished,5,5,2386,17,3,25,28406238
Mumbai,Apartment,Semi-Furnished,2,2,776,13,28,32,16104506
Hyderabad,Independent House,Semi-Furnished,4,4,2042,14,19,20,11737051
Pune,Studio,Semi-Furnished,2,2,795,24,8,9,4565685
Bangalore,Apartment,Unfurnished,2,1,714,15,28,29,4684827
Delhi,Villa,Semi-Furnished,2,1,1051,3,9,19,15069648
Gurugram,Apartment,Unfurnished,4,4,1677,24,16,23,12758093
Gurugram,Apartment,Unfurnished,3,3,1591,14,28,29,13145965
Noida,Apartment,Unfurnished,2,1,968,21,12,13,4869141
Noida,Plot,Unfurnished,2,2,1022,13,14,30,4549312
Noida,Independent House,Unfurnished,3,2,1469,14,5,7,8908850
Delhi,Independent House,Semi-Furnished,2,2,1015,14,15,27,10019777
Mumbai,Plot,Semi-Furnished,2,2,1092,8,10,11,14488546
Bangalore,Plot,Unfurnished,2,1,933,23,28,29,2215593
Mumbai,Apartment,Semi-Furnished,3,3,1324,2,21,29,21826706
Delhi,Plot,Unfurnished,2,2,914,6,14,28,7277550
Noida,Apartment,Semi-Furnished,3,3,1335,7,23,24,8042273
Gurugram,Apartment,Semi-Furnished,1,1,360,16,17,32,2851047
Gurugram,Apartment,Furnished,4,4,2161,15,13,19,23827290
Delhi,Apartment,Furnished,4,3,1727,15,24,25,15696796
Chennai,Apartment,Unfurnished,2,2,1262,21,26,31,6923214
Mumbai,Apartment,Furnished,1,1,811,17,8,10,12678261
Gurugram,Independent House,Unfurnished,3,3,1289,22,24,25,11003488
Noida,Plot,Semi-Furnished,5,4,2557,20,9,28,6123337
Pune,Independent House,Semi-Furnished,1,1,378,12,8,14,2599158
Noida,Independent House,Furnished,2,1,1137,8,27,28,10244903
Gurugram,Apartment,Semi-Furnished,4,4,2139,22,12,13,17016473
Gurugram,Plot,Unfurnished,2,1,819,21,18,19,5199510
Chennai,Apartment,Semi-Furnished,3,2,1494,8,21,26,10928351
Bangalore,Independent House,Semi-Furnished,2,1,920,9,24,25,7329197
Hyderabad,Apartment,Unfurnished,3,2,1560,17,14,21,7007755
Chennai,Apartment,Unfurnished,4,3,1749,4,6,8,10576231
Chennai,Apartment,Semi-Furnished,2,2,1056,0,28,29,9984610
Chennai,Apartment,Unfurnished,2,2,726,0,27,28,4911103
Hyderabad,Apartment,Unfurnished,2,1,1056,1,20,21,7197551
Bangalore,Apartment,Unfurnished,2,1,970,5,22,23,4679980
Hyderabad,Apartment,Semi-Furnished,2,1,997,13,27,29,5637635
Mumbai,Plot,Furnished,4,3,2119,0,20,21,22753226
Pune,Villa,Semi-Furnished,1,1,488,12,8,9,3776039
Noida,Villa,Semi-Furnished,2,1,1031,18,9,21,5083332
Noida,Independent House,Semi-Furnished,4,3,1819,24,26,27,9142732
Hyderabad,Studio,Furnished,3,3,1541,11,2,29,10958659
Gurugram,Independent House,Furnished,5,4,2171,20,2,7,14097070
Pune,Apartment,Unfurnished,3,3,1577,3,24,25,7522514
Delhi,Villa,Unfurnished,3,3,1396,9,0,25,19497973
Noida,Apartment,Semi-Furnished,2,1,828,18,6,27,4837317
Chennai,Apartment,Semi-Furnished,2,1,1050,8,4,25,5762465
Pune,Apartment,Semi-Furnished,2,1,782,17,24,25,3744230
Pune,Apartment,Furnished,3,2,1481,19,26,27,7351534
Chennai,Plot,Unfurnished,4,4,2009,15,15,21,5054003
Gurugram,Villa,Unfurnished,2,2,957,23,8,26,9335171
Chennai,Apartment,Unfurnished,2,2,999,15,23,24,7627319
Chennai,Apartment,Unfurnished,3,3,1211,15,21,22,6780990
Noida,Apartment,Unfurnished,2,1,972,8,14,23,5134307
Chennai,Villa,Unfurnished,3,2,1376,9,1,13,10810245
Chennai,Apartment,Unfurnished,1,1,694,9,1,16,3907276
Gurugram,Apartment,Semi-Furnished,2,1,687,1,12,33,7020067
Chennai,Apartment,Semi-Furnished,3,3,1468,20,8,22,8739865
Mumbai,Villa,Semi-Furnished,2,2,940,18,13,14,16344572
Pune,Apartment,Unfurnished,3,2,1372,9,23,24,7779503
Pune,Villa,Semi-Furnished,2,1,1015,19,21,25,6080759
Gurugram,Apartment,Unfurnished,1,1,537,3,15,16,5209505
Chennai,Apartment,Unfurnished,5,5,2435,14,27,28,12306819
Delhi,Independent House,Semi-Furnished,2,2,998,19,25,29,11506604
Noida,Independent House,Unfurnished,2,1,1075,19,28,29,6613244
Bangalore,Apartment,Unfurnished,3,3,1180,15,24,25,4930237
Noida,Independent House,Unfurnished,1,1,496,21,17,24,2499211
Bangalore,Villa,Unfurnished,1,1,517,3,21,26,5164442
Hyderabad,Apartment,Semi-Furnished,2,2,979,7,6,7,5351436
Gurugram,Independent House,Unfurnished,3,3,1411,13,20,21,8173606
Pune,Independent House,Semi-Furnished,2,2,972,16,27,28,5874193
Chennai,Apartment,Unfurnished,3,3,1259,4,8,26,7176540
Pune,Apartment,Semi-Furnished,2,1,941,16,19,20,6087810
Pune,Apartment,Semi-Furnished,4,3,1765,21,25,26,7516869
Mumbai,Apartment,Semi-Furnished,2,1,721,16,12,31,11226643
Delhi,Villa,Semi-Furnished,2,2,904,14,4,7,10559617
Hyderabad,Apartment,Unfurnished,2,1,1044,9,25,26,6088843
Noida,Plot,Unfurnished,2,1,921,0,27,28,3747981
Pune,Villa,Unfurnished,3,3,1434,5,12,25,11736346
Noida,Plot,Unfurnished,4,4,1960,5,12,33,8028231
Hyderabad,Apartment,Unfurnished,2,2,953,0,17,18,3890327
Pune,Independent House,Unfurnished,3,2,1563,2,9,24,13321518
Mumbai,Apartment,Semi-Furnished,3,2,1531,6,12,17,21779082
Hyderabad,Apartment,Unfurnished,2,1,986,20,11,12,4862880
Gurugram,Apartment,Semi-Furnished,2,1,1063,15,5,15,6127770
Gurugram,Apartment,Semi-Furnished,4,4,1798,16,5,19,11371231
Gurugram,Apartment,Furnished,4,4,1966,21,20,21,23200092
Chennai,Independent House,Furnished,3,3,1442,9,22,23,10100050
Delhi,Apartment,Unfurnished,4,3,1948,14,10,24,25826031
Pune,Apartment,Semi-Furnished,4,4,2112,0,24,31,17964850
Bangalore,Villa,Unfurnished,3,2,1413,2,17,20,11124184
Gurugram,Apartment,Unfurnished,3,2,1505,6,15,26,12577114
Pune,Apartment,Unfurnished,3,3,1253,3,13,14,6693008
Gurugram,Independent House,Semi-Furnished,3,2,1621,15,17,18,16827216
Bangalore,Independent House,Furnished,3,3,1386,17,28,29,12724978
Mumbai,Villa,Furnished,1,1,468,1,10,14,12540930
Delhi,Plot,Unfurnished,3,2,1310,11,9,29,11811027
Hyderabad,Villa,Furnished,5,4,2477,20,17,34,19654275
Mumbai,Apartment,Semi-Furnished,4,4,1934,24,12,29,31541642
Chennai,Apartment,Semi-Furnished,3,3,1487,16,0,31,9724929
Gurugram,Independent House,Semi-Furnished,2,1,1010,9,22,23,11784578
Noida,Apartment,Unfurnished,5,4,2377,24,16,33,12005101
Delhi,Plot,Unfurnished,2,2,1354,12,25,26,10706146
Mumbai,Independent House,Unfurnished,3,2,1322,9,23,24,24446065
Delhi,Studio,Semi-Furnished,3,2,1442,5,25,34,16122273
Bangalore,Apartment,Unfurnished,2,1,1021,4,17,18,6962803
Gurugram,Apartment,Unfurnished,2,2,911,13,3,22,6908881
Noida,Apartment,Furnished,2,2,808,20,20,21,5220062
Chennai,Villa,Unfurnished,5,4,2228,21,18,22,21447913
Pune,Apartment,Unfurnished,4,3,1961,9,14,15,13155716
Mumbai,Apartment,Semi-Furnished,3,3,1658,10,28,34,30275477
Mumbai,Apartment,Furnished,2,2,1081,24,5,10,12572720
Noida,Apartment,Semi-Furnished,1,1,492,8,22,23,2848393
Noida,Apartment,Furnished,2,1,983,1,25,26,4694074
Pune,Independent House,Unfurnished,4,4,1726,3,25,30,15414673
Delhi,Apartment,Semi-Furnished,3,3,1249,21,21,22,14251003
Bangalore,Apartment,Unfurnished,4,4,2026,16,4,20,7876602
Pune,Apartment,Semi-Furnished,5,4,2353,8,22,33,15946875
Pune,Apartment,Semi-Furnished,3,2,1263,18,7,8,9049220
Mumbai,Villa,Semi-Furnished,2,2,992,1,25,26,26649572
Delhi,Plot,Semi-Furnished,4,3,2176,22,4,8,15422569
Noida,Independent House,Furnished,3,2,1318,12,16,17,8726592
Bangalore,Apartment,Semi-Furnished,4,4,2178,19,6,25,12405306
Pune,Independent House,Unfurnished,4,3,1876,24,22,23,9925473
Noida,Apartment,Unfurnished,1,1,392,18,24,25,1799733
Delhi,Apartment,Furnished,5,5,2331,22,5,25,26068726
Pune,Plot,Unfurnished,4,3,1980,21,3,18,4225049
Noida,Apartment,Semi-Furnished,3,2,1310,23,3,33,5836008
Mumbai,Apartment,Semi-Furnished,3,2,1316,2,16,17,25666129
Chennai,Apartment,Furnished,5,4,2414,6,27,28,15804996
Pune,Apartment,Unfurnished,2,1,1072,0,20,22,6860067
Delhi,Apartment,Unfurnished,2,1,861,20,8,9,7647187
Hyderabad,Apartment,Semi-Furnished,2,1,945,19,1,6,3688061
Delhi,Villa,Unfurnished,3,2,1340,20,27,28,13779486
Pune,Apartment,Semi-Furnished,2,1,938,21,28,29,5808723
Noida,Apartment,Semi-Furnished,4,4,1889,5,24,34,13278343
Hyderabad,Apartment,Semi-Furnished,2,1,768,6,26,27,5830268
Noida,Apartment,Semi-Furnished,2,2,817,3,8,16,6120071
Bangalore,Apartment,Semi-Furnished,3,3,1694,8,12,30,8905015
Noida,Plot,Unfurnished,3,2,1452,4,19,20,6104387
Mumbai,Plot,Furnished,2,2,889,5,19,20,12155831
Noida,Apartment,Semi-Furnished,4,3,2096,10,9,19,9012338
Pune,Apartment,Furnished,3,2,1534,4,27,32,9100340
Chennai,Apartment,Furnished,4,3,1946,13,27,28,15466820
Gurugram,Apartment,Unfurnished,2,2,1099,21,18,29,7334294
Mumbai,Apartment,Unfurnished,4,3,2078,15,26,27,26538775
Pune,Apartment,Semi-Furnished,3,3,1500,9,28,30,9872559
Hyderabad,Apartment,Semi-Furnished,2,2,1037,19,20,21,4936741
Hyderabad,Villa,Unfurnished,4,3,2014,11,0,24,13960861
Pune,Apartment,Semi-Furnished,3,3,1570,7,7,24,9934443
Mumbai,Apartment,Unfurnished,2,1,952,12,21,22,14585050
Chennai,Independent House,Furnished,5,4,2430,18,9,32,14573722
Gurugram,Apartment,Semi-Furnished,2,1,1103,24,23,24,8792618
Chennai,Apartment,Unfurnished,2,2,1103,15,6,27,6070421
Bangalore,Apartment,Unfurnished,3,2,1466,10,29,30,9924961
Mumbai,Apartment,Furnished,1,1,573,13,17,26,11786479
Noida,Apartment,Unfurnished,1,1,423,4,8,9,2296899
Chennai,Villa,Furnished,3,2,1488,0,1,29,20213232
Pune,Villa,Furnished,2,2,1003,3,20,29,12128346
Pune,Independent House,Unfurnished,3,3,1615,5,21,22,14627505
Noida,Apartment,Semi-Furnished,2,2,812,23,5,26,4333413
Bangalore,Apartment,Unfurnished,2,1,971,8,25,26,5635667
Bangalore,Plot,Semi-Furnished,3,2,1402,21,8,27,6183287
Bangalore,Apartment,Unfurnished,4,4,1868,9,2,31,7674566
Pune,Villa,Unfurnished,3,3,1566,20,21,22,9917348
Bangalore,Apartment,Unfurnished,3,3,1396,16,22,31,8756929
Gurugram,Apartment,Unfurnished,2,1,1296,2,10,11,13063296
Mumbai,Apartment,Semi-Furnished,4,4,1771,1,9,25,37167240
Chennai,Independent House,Semi-Furnished,3,2,1618,15,22,23,12951119
Mumbai,Villa,Furnished,3,3,1485,6,17,18,36751251
Hyderabad,Apartment,Semi-Furnished,2,1,1037,1,17,18,4624467
Mumbai,Apartment,Unfurnished,2,1,829,21,0,31,9683030
Bangalore,Independent House,Unfurnished,1,1,509,21,29,30,2506751
Mumbai,Independent House,Semi-Furnished,3,3,1515,2,8,20,27402319
Gurugram,Independent House,Unfurnished,2,1,1160,22,25,31,8212340
Gurugram,Independent House,Semi-Furnished,2,2,946,8,27,28,12803498
Pune,Plot,Semi-Furnished,2,2,1074,12,9,17,4449421
Mumbai,Apartment,Furnished,2,1,932,20,12,13,18036033
Delhi,Apartment,Unfurnished,2,2,951,1,15,33,15039963
Delhi,Independent House,Unfurnished,3,3,1453,12,17,18,13492957
Hyderabad,Apartment,Unfurnished,3,2,1597,18,9,26,8660201
Chennai,Apartment,Semi-Furnished,2,2,819,13,13,14,3158158
Hyderabad,Studio,Semi-Furnished,3,3,1376,6,9,34,7445272
Gurugram,Independent House,Furnished,1,1,491,3,13,30,7039033
Hyderabad,Villa,Furnished,4,3,1797,19,28,29,12220797
Hyderabad,Apartment,Unfurnished,2,1,936,2,13,19,5565453
Noida,Apartment,Unfurnished,3,2,1402,7,27,28,8078577
Pune,Plot,Semi-Furnished,1,1,448,5,3,11,2044301
Delhi,Plot,Furnished,3,2,1414,11,15,16,11518380
Pune,Apartment,Furnished,2,2,968,16,29,30,6022171
Bangalore,Independent House,Furnished,1,1,498,24,18,19,3414624
Delhi,Plot,Furnished,2,2,931,17,23,33,5913442
Noida,Villa,Semi-Furnished,4,4,1803,15,11,17,11922054
Delhi,Villa,Furnished,3,2,1397,6,6,13,19534054
Hyderabad,Studio,Semi-Furnished,3,3,1156,6,27,28,7805858
Gurugram,Apartment,Unfurnished,3,3,1560,5,20,30,17580766
Hyderabad,Studio,Unfurnished,2,2,765,12,28,29,4063252
Hyderabad,Apartment,Unfurnished,4,3,1974,10,13,20,10839918
Gurugram,Independent House,Furnished,3,2,1497,1,15,19,14834378
Mumbai,Apartment,Semi-Furnished,4,4,1857,1,2,19,29554010
Pune,Apartment,Unfurnished,3,3,1163,1,20,21,7204484
Hyderabad,Apartment,Unfurnished,3,3,1427,18,22,23,6473316
Noida,Independent House,Furnished,3,3,1452,17,7,14,10448888
Gurugram,Plot,Furnished,3,3,1388,3,14,15,8832677
Hyderabad,Apartment,Semi-Furnished,2,2,1093,18,18,23,4532005
Noida,Apartment,Furnished,1,1,878,22,13,21,5477382
Chennai,Apartment,Semi-Furnished,4,3,1865,20,27,28,9605998
Chennai,Apartment,Unfurnished,2,1,953,11,15,26,4827687
Gurugram,Apartment,Semi-Furnished,2,2,996,0,29,30,7692606
Pune,Plot,Semi-Furnished,4,4,1675,24,13,14,4435525
Bangalore,Independent House,Unfurnished,5,4,2677,3,23,25,22107211
Delhi,Apartment,Semi-Furnished,2,2,925,7,17,31,7388455
Pune,Independent House,Unfurnished,3,3,1462,10,12,17,7494763
Chennai,Plot,Semi-Furnished,2,2,1172,4,6,24,5414266
Gurugram,Villa,Furnished,3,2,1457,8,23,24,17186750
Bangalore,Apartment,Unfurnished,2,1,971,0,12,27,7725252
Noida,Apartment,Unfurnished,3,3,1450,9,26,27,7803277
Pune,Villa,Semi-Furnished,3,3,1391,24,2,31,10743414
Pune,Apartment,Unfurnished,2,1,979,8,9,31,7178393
Hyderabad,Apartment,Semi-Furnished,3,3,1580,4,12,27,11800115
Hyderabad,Apartment,Unfurnished,3,3,1340,16,24,26,7603040
Gurugram,Apartment,Unfurnished,2,1,1039,19,15,16,5757557
Mumbai,Plot,Semi-Furnished,3,2,1311,19,28,29,17352611
Gurugram,Studio,Unfurnished,2,1,864,5,1,21,7633361
Gurugram,Independent House,Unfurnished,2,2,1113,6,24,25,10820219
Hyderabad,Independent House,Semi-Furnished,5,4,2613,5,2,8,19414768
Pune,Independent House,Unfurnished,3,2,1492,5,29,30,12705887
Chennai,Independent House,Unfurnished,3,3,1327,12,21,29,6555946
Pune,Villa,Semi-Furnished,3,3,1491,24,23,24,6970978
Mumbai,Apartment,Unfurnished,3,2,1587,10,22,23,22768965
Chennai,Apartment,Semi-Furnished,1,1,412,5,1,21,3480827
Chennai,Apartment,Unfurnished,3,3,1317,21,17,19,5850548
Delhi,Apartment,Unfurnished,3,2,1315,13,25,26,11215326
Bangalore,Apartment,Unfurnished,4,4,2120,2,21,22,16172562
Chennai,Apartment,Unfurnished,3,3,1423,16,11,33,9133655
Gurugram,Plot,Semi-Furnished,3,2,1323,11,22,30,7319400
Bangalore,Villa,Unfurnished,2,2,921,10,14,15,8173615
Delhi,Independent House,Semi-Furnished,3,2,1617,18,12,25,21331102
Gurugram,Apartment,Unfurnished,3,2,1583,13,29,30,19206982
Delhi,Apartment,Unfurnished,3,3,1483,1,10,23,13831004
Bangalore,Independent House,Unfurnished,5,5,2471,9,10,20,20018920
Hyderabad,Apartment,Unfurnished,2,1,1013,15,7,8,3351045
Gurugram,Apartment,Unfurnished,3,2,1357,6,12,27,11563055
Bangalore,Independent House,Unfurnished,2,1,809,21,13,29,3473536
Delhi,Apartment,Unfurnished,3,3,1275,19,4,22,12983233
Noida,Apartment,Unfurnished,4,4,1880,11,27,28,8958749
Chennai,Plot,Unfurnished,1,1,398,4,6,24,1985958
Pune,Apartment,Semi-Furnished,3,3,1653,18,21,22,9466331
Mumbai,Independent House,Furnished,1,1,373,22,5,6,6796509
Bangalore,Villa,Unfurnished,4,4,2030,15,23,24,13469191
Chennai,Apartment,Semi-Furnished,3,3,1373,20,2,8,6332968
Gurugram,Apartment,Semi-Furnished,2,1,1196,0,21,22,10884000
Chennai,Apartment,Semi-Furnished,2,1,694,5,25,26,6330027
Noida,Apartment,Furnished,4,4,2031,9,16,29,18495007
Pune,Apartment,Furnished,1,1,371,3,6,16,3104414
Mumbai,Studio,Unfurnished,4,3,1882,22,21,26,13797090
Bangalore,Villa,Semi-Furnished,3,3,1585,16,18,19,11546916
Delhi,Apartment,Furnished,4,3,1953,1,16,21,29418907
Noida,Apartment,Semi-Furnished,2,2,999,18,23,24,5544286
Bangalore,Apartment,Unfurnished,2,2,840,4,10,12,5548096
Delhi,Apartment,Furnished,3,2,1401,13,27,28,13948371
Mumbai,Apartment,Semi-Furnished,1,1,526,1,8,31,10946525
Hyderabad,Apartment,Semi-Furnished,2,1,909,7,18,34,5529350
Delhi,Plot,Unfurnished,4,3,2148,23,15,20,13173503
Noida,Apartment,Unfurnished,3,2,1174,19,0,33,4268379
Mumbai,Apartment,Unfurnished,2,2,1039,13,9,30,15776844
Bangalore,Studio,Unfurnished,2,2,858,13,14,15,5808137
Noida,Apartment,Unfurnished,2,1,675,2,1,23,3707587
Pune,Plot,Semi-Furnished,2,2,1039,17,0,11,4581607
Mumbai,Plot,Furnished,3,2,1582,15,7,25,17636288
Chennai,Villa,Semi-Furnished,1,1,623,2,29,30,5503538
Bangalore,Apartment,Semi-Furnished,2,1,1150,7,15,16,9289562
Chennai,Apartment,Semi-Furnished,4,4,1755,17,4,13,11075108
Delhi,Villa,Unfurnished,4,3,2243,1,6,17,29668407
Mumbai,Independent House,Unfurnished,2,1,965,16,16,32,16529408
Pune,Apartment,Semi-Furnished,4,4,1902,21,10,34,10826597
Chennai,Plot,Semi-Furnished,3,3,1436,6,15,20,7890933
Chennai,Independent House,Unfurnished,2,2,925,7,23,24,6663745
Pune,Apartment,Semi-Furnished,3,2,1556,15,23,24,12704858
Bangalore,Plot,Unfurnished,4,4,1996,0,19,21,9754077
Mumbai,Apartment,Unfurnished,4,4,1935,8,15,23,30400504
Chennai,Plot,Furnished,3,3,1431,15,12,19,6025249
Pune,Independent House,Unfurnished,2,1,1013,15,4,24,5582605
Chennai,Apartment,Semi-Furnished,4,4,1983,24,11,27,8527462
Bangalore,Apartment,Unfurnished,3,2,1261,16,24,25,4553880
Bangalore,Apartment,Semi-Furnished,3,2,1378,17,12,13,9127677
Mumbai,Independent House,Furnished,4,4,1842,22,19,28,28343507
Noida,Villa,Semi-Furnished,3,2,1056,17,18,19,7522165
Mumbai,Villa,Unfurnished,1,1,437,13,12,23,9658635
Mumbai,Apartment,Furnished,4,4,1944,20,6,18,28152854
Noida,Studio,Unfurnished,2,1,1009,3,11,32,4094370
Mumbai,Studio,Semi-Furnished,3,3,1492,20,19,20,19782747
Delhi,Independent House,Semi-Furnished,3,2,1400,0,19,20,21454765
Pune,Apartment,Furnished,3,3,1402,0,10,15,11493424
Mumbai,Apartment,Furnished,1,1,530,7,27,28,10528653
Noida,Apartment,Semi-Furnished,2,2,929,6,5,29,6541269
Hyderabad,Apartment,Unfurnished,3,3,1446,20,26,27,5320220
Noida,Apartment,Furnished,3,2,1289,14,24,25,8795468
Mumbai,Apartment,Unfurnished,2,2,800,1,27,28,11269616
Pune,Plot,Unfurnished,2,2,1019,23,0,31,3450238
Hyderabad,Independent House,Unfurnished,2,1,871,22,27,28,4429355
Noida,Independent House,Semi-Furnished,3,3,1501,13,10,19,12025231
Pune,Apartment,Semi-Furnished,5,4,2513,4,4,16,19289731
Gurugram,Villa,Unfurnished,1,1,625,15,3,4,5374590
Hyderabad,Independent House,Semi-Furnished,4,4,1947,3,29,30,17204841
Chennai,Apartment,Unfurnished,4,3,2021,20,16,25,11447447
Gurugram,Apartment,Semi-Furnished,2,1,742,16,25,26,7242226
Delhi,Villa,Unfurnished,2,2,887,15,29,30,11492556
Chennai,Apartment,Unfurnished,2,2,1015,20,26,27,5543513
Noida,Apartment,Semi-Furnished,3,2,1493,16,7,28,6507161
Chennai,Plot,Unfurnished,3,3,1321,23,13,14,3498133
Hyderabad,Villa,Furnished,2,2,954,8,16,17,7569956
Pune,Independent House,Unfurnished,3,2,1323,16,6,7,7747125
Hyderabad,Apartment,Furnished,2,2,924,10,5,18,7236265
Bangalore,Plot,Unfurnished,2,2,1042,1,21,22,5595180
Hyderabad,Villa,Furnished,1,1,495,15,16,17,3503201
Mumbai,Studio,Semi-Furnished,3,2,1334,13,24,25,19589190
Pune,Studio,Unfurnished,5,4,2517,18,19,20,12820347
Hyderabad,Apartment,Furnished,2,1,653,24,9,10,3451090
Chennai,Apartment,Unfurnished,1,1,456,7,7,16,2085547
Chennai,Apartment,Unfurnished,3,2,1310,10,9,25,8423644
Bangalore,Villa,Unfurnished,2,1,1001,1,21,31,9843170
Mumbai,Apartment,Furnished,3,3,1370,10,21,22,25076831
Delhi,Apartment,Unfurnished,2,2,939,19,11,12,9371633
Mumbai,Apartment,Furnished,4,4,1989,16,24,25,32197412
Delhi,Apartment,Semi-Furnished,2,2,1086,9,7,12,9359549
Mumbai,Independent House,Semi-Furnished,3,2,1574,2,16,31,38785858
Hyderabad,Independent House,Furnished,1,1,532,12,26,27,3947037
Mumbai,Apartment,Furnished,3,2,1349,16,20,25,23528552
Pune,Apartment,Semi-Furnished,1,1,374,3,21,25,2265010
Bangalore,Apartment,Semi-Furnished,2,2,824,21,16,17,4462099
Hyderabad,Independent House,Unfurnished,3,2,1496,23,23,24,6465033
Delhi,Apartment,Semi-Furnished,3,3,1511,10,4,14,14465575
Delhi,Independent House,Semi-Furnished,2,2,756,4,22,25,13437758
Hyderabad,Villa,Unfurnished,3,3,1550,18,24,30,11140225
Bangalore,Villa,Unfurnished,2,2,1026,10,13,32,8259598
Hyderabad,Apartment,Furnished,3,3,1481,21,10,14,7334721
Delhi,Studio,Semi-Furnished,1,1,380,6,20,28,3505302
Chennai,Apartment,Unfurnished,3,2,1619,10,27,28,11778525
Noida,Villa,Semi-Furnished,3,3,1566,11,18,34,14814965
Chennai,Plot,Furnished,4,3,1890,22,28,29,6405444
Chennai,Villa,Furnished,4,3,1835,7,28,29,19395650
Hyderabad,Villa,Semi-Furnished,1,1,388,0,0,31,3625135
Gurugram,Apartment,Unfurnished,2,2,1024,10,4,5,8839524
Hyderabad,Independent House,Furnished,3,3,1394,19,2,10,5361802
Bangalore,Studio,Semi-Furnished,2,1,857,23,11,15,3944887
Gurugram,Apartment,Unfurnished,5,5,2328,7,18,20,10402012
Pune,Apartment,Unfurnished,1,1,657,18,22,28,2581139
Hyderabad,Independent House,Unfurnished,4,3,1910,5,8,10,14222324
Noida,Apartment,Unfurnished,5,5,2468,24,6,20,13870416
Pune,Independent House,Unfurnished,4,4,2084,20,7,9,12759380
Mumbai,Apartment,Furnished,1,1,446,12,8,15,6920807
Bangalore,Villa,Semi-Furnished,3,2,1571,12,4,25,9737310
Noida,Independent House,Semi-Furnished,2,1,880,6,4,16,8204161
Pune,Apartment,Unfurnished,2,2,965,7,24,25,6314650
Pune,Independent House,Semi-Furnished,3,2,1219,6,13,29,12124711
Bangalore,Apartment,Unfurnished,4,3,1839,2,11,30,10474977
Gurugram,Independent House,Furnished,2,2,810,10,13,31,8880733
Gurugram,Plot,Semi-Furnished,3,3,1370,5,4,13,11211639
Bangalore,Villa,Semi-Furnished,2,1,1159,24,17,18,9249080
Mumbai,Villa,Unfurnished,3,3,1307,20,5,13,28788115
Delhi,Apartment,Semi-Furnished,3,3,1471,17,28,29,16201954
Gurugram,Studio,Unfurnished,2,1,1040,0,3,5,7715821
Hyderabad,Apartment,Semi-Furnished,2,1,929,8,6,15,5073080
Mumbai,Villa,Unfurnished,2,2,874,8,27,28,20661228
Bangalore,Plot,Semi-Furnished,4,3,2033,8,10,11,7036681
Gurugram,Apartment,Unfurnished,5,5,2250,7,19,20,19029388
Mumbai,Villa,Semi-Furnished,3,3,1406,10,10,18,25323142
Bangalore,Studio,Unfurnished,3,3,1537,5,20,21,7868434
Mumbai,Studio,Furnished,4,4,1847,3,29,30,34677762
Hyderabad,Plot,Unfurnished,2,2,976,16,27,28,1944278
Noida,Apartment,Furnished,3,2,1303,12,24,25,9262456
Mumbai,Apartment,Furnished,3,2,1219,20,17,18,19001090
Pune,Independent House,Unfurnished,3,2,1637,5,2,7,9027113
Pune,Plot,Unfurnished,2,2,1037,1,3,22,3667127
Bangalore,Apartment,Unfurnished,4,3,1646,10,22,23,10420631
Delhi,Independent House,Unfurnished,1,1,579,8,26,27,8889370
Hyderabad,Plot,Semi-Furnished,3,3,1330,12,25,26,4061653
Chennai,Independent House,Semi-Furnished,3,2,1411,16,8,15,5771370
Bangalore,Apartment,Furnished,2,1,940,23,16,17,6002697
Mumbai,Plot,Unfurnished,2,2,729,0,14,15,8183574
Gurugram,Independent House,Semi-Furnished,1,1,300,12,18,19,3400499
Delhi,Independent House,Unfurnished,2,2,968,21,18,19,11823548
Gurugram,Studio,Semi-Furnished,2,1,999,18,23,24,9116344
Delhi,Plot,Semi-Furnished,2,1,875,24,3,30,4909339
Bangalore,Independent House,Furnished,4,4,1987,16,25,26,14022641
Noida,Plot,Unfurnished,4,4,1964,19,27,28,6212368
Hyderabad,Apartment,Unfurnished,5,5,2493,0,27,28,17781151
Noida,Apartment,Unfurnished,2,1,1057,20,12,23,4272776
Hyderabad,Independent House,Semi-Furnished,1,1,489,20,27,28,2621637
Noida,Apartment,Furnished,3,2,1432,7,18,23,3985266
Delhi,Plot,Semi-Furnished,4,3,1966,8,15,16,13601031
Gurugram,Villa,Semi-Furnished,3,3,1245,18,6,13,14210127
Delhi,Apartment,Unfurnished,3,2,1368,11,20,21,17253054
Mumbai,Plot,Furnished,3,2,1470,13,27,28,24041342
Noida,Independent House,Furnished,2,2,1024,22,16,19,5939414
Pune,Apartment,Semi-Furnished,3,2,1418,17,10,11,6754689
Pune,Apartment,Unfurnished,2,1,871,0,0,17,7108986
Pune,Villa,Furnished,3,2,1482,0,23,24,16828190
Gurugram,Apartment,Semi-Furnished,1,1,451,22,21,22,2521625
Noida,Plot,Unfurnished,5,4,2284,23,11,19,5473135
Pune,Plot,Unfurnished,3,2,1152,6,2,27,3335555
Delhi,Villa,Unfurnished,1,1,562,24,10,26,6244553
Hyderabad,Apartment,Furnished,3,2,1542,6,12,13,11420894
Hyderabad,Apartment,Unfurnished,3,2,1296,12,14,24,6766121
Hyderabad,Independent House,Semi-Furnished,3,3,1654,10,1,19,12652765
Pune,Independent House,Semi-Furnished,4,3,1836,10,15,16,14573414
Delhi,Independent House,Furnished,2,1,1104,24,28,29,11763938
Delhi,Villa,Semi-Furnished,2,2,909,16,14,18,10860765
Noida,Apartment,Semi-Furnished,4,3,2017,17,28,34,11351094
Hyderabad,Independent House,Unfurnished,3,2,1214,6,24,27,8606476
Delhi,Apartment,Unfurnished,4,3,1865,24,5,17,16949739
Chennai,Independent House,Semi-Furnished,2,1,1090,13,25,26,6571894
Bangalore,Plot,Unfurnished,1,1,647,7,2,20,2315180
Gurugram,Studio,Semi-Furnished,3,3,1293,14,20,32,8547503
Pune,Apartment,Furnished,1,1,346,19,1,20,1875648
Delhi,Apartment,Semi-Furnished,3,2,1532,13,20,27,11493886
Noida,Apartment,Furnished,3,3,1392,21,10,34,8402471
Hyderabad,Apartment,Furnished,3,2,1534,2,26,27,10259817
Pune,Villa,Semi-Furnished,2,1,700,19,14,15,4715587
Chennai,Independent House,Unfurnished,3,3,1254,21,27,28,7847427
Mumbai,Plot,Unfurnished,2,1,868,2,0,21,11081641
Mumbai,Apartment,Unfurnished,5,4,2436,6,28,33,55219679
Chennai,Independent House,Unfurnished,4,4,1978,8,18,19,17952425
Chennai,Apartment,Furnished,3,3,1520,21,15,24,9227186
Hyderabad,Villa,Furnished,2,2,711,20,24,25,5264393
Delhi,Apartment,Unfurnished,2,1,915,17,18,24,12201740
Pune,Apartment,Semi-Furnished,4,3,1838,21,23,24,8672884
Hyderabad,Independent House,Semi-Furnished,2,2,1052,20,16,33,5612646
Delhi,Studio,Furnished,2,2,1033,12,26,27,12780289
Noida,Apartment,Unfurnished,4,3,1864,13,15,29,8460548
Noida,Villa,Semi-Furnished,4,3,1916,16,19,23,15169510
Mumbai,Apartment,Semi-Furnished,3,3,1367,10,13,28,19942110
Chennai,Studio,Unfurnished,2,1,1013,3,29,30,7315981
Bangalore,Plot,Unfurnished,2,1,900,0,7,8,3537360
Pune,Independent House,Furnished,4,4,2042,14,9,19,18989361
Pune,Apartment,Semi-Furnished,2,1,1083,0,12,16,8943514
Gurugram,Apartment,Unfurnished,2,2,1054,8,16,20,7977778
Delhi,Independent House,Unfurnished,3,3,1551,3,0,34,16849442
Chennai,Villa,Unfurnished,2,1,761,21,8,18,4625047
Noida,Apartment,Semi-Furnished,3,3,1401,22,1,17,6907591
Chennai,Apartment,Unfurnished,1,1,419,13,28,29,2324427
Mumbai,Apartment,Unfurnished,4,4,1853,21,9,28,21524505
Chennai,Villa,Semi-Furnished,3,2,1217,2,27,28,12556349
Gurugram,Apartment,Unfurnished,3,3,1621,2,24,25,15319755
Pune,Villa,Unfurnished,4,4,1869,10,13,14,10636543
Delhi,Apartment,Furnished,3,3,1572,22,25,26,15165676
Delhi,Villa,Semi-Furnished,3,3,1281,17,22,23,19289372
Hyderabad,Independent House,Unfurnished,2,1,959,6,14,15,7137662
Mumbai,Apartment,Semi-Furnished,4,4,1906,18,8,9,23204002
Pune,Apartment,Unfurnished,3,3,1382,21,1,22,5885546
Gurugram,Independent House,Semi-Furnished,3,3,1549,5,14,17,15859002
Hyderabad,Studio,Semi-Furnished,1,1,456,11,14,25,2602988
Delhi,Independent House,Unfurnished,2,2,998,17,27,30,13111910
Pune,Apartment,Semi-Furnished,2,2,824,14,1,25,4003746
Gurugram,Plot,Semi-Furnished,1,1,462,4,22,23,2952323
Gurugram,Apartment,Unfurnished,2,2,1108,2,12,19,9461104
Delhi,Apartment,Unfurnished,2,2,911,4,27,34,12335911
Mumbai,Apartment,Unfurnished,3,3,1458,15,20,21,19511775
Chennai,Apartment,Semi-Furnished,4,3,2077,2,24,25,11780395
Mumbai,Villa,Semi-Furnished,5,4,2593,19,3,7,47522235
Hyderabad,Apartment,Semi-Furnished,4,3,1799,4,16,17,10060957
Hyderabad,Independent House,Furnished,5,5,2294,19,0,9,16067842
Bangalore,Apartment,Unfurnished,2,2,992,3,29,30,6002668
Mumbai,Independent House,Semi-Furnished,2,1,813,15,0,29,17805873
Gurugram,Independent House,Unfurnished,4,4,1922,17,29,30,20830704
Hyderabad,Apartment,Unfurnished,3,2,1536,10,2,19,8602293
Bangalore,Villa,Semi-Furnished,2,1,768,14,27,28,7203528
Pune,Apartment,Unfurnished,4,3,2011,13,1,15,10645516
Chennai,Apartment,Semi-Furnished,5,4,2401,18,1,23,18552383
Mumbai,Independent House,Unfurnished,2,2,987,13,13,20,13280580
Bangalore,Apartment,Unfurnished,4,3,1985,13,9,21,12278091
Delhi,Apartment,Semi-Furnished,3,3,1616,4,15,28,14958198
Hyderabad,Apartment,Unfurnished,4,4,1992,9,14,31,14406875
Pune,Apartment,Unfurnished,4,4,2138,10,17,30,13076757
Noida,Villa,Unfurnished,3,3,1378,10,6,10,10726914
Bangalore,Independent House,Semi-Furnished,1,1,402,9,22,23,3048008
Pune,Independent House,Unfurnished,3,3,1399,7,6,13,12660943
Mumbai,Independent House,Semi-Furnished,2,1,1159,20,14,15,14332318
Bangalore,Independent House,Furnished,3,2,1233,10,2,15,10403408
Mumbai,Studio,Furnished,2,2,1140,6,11,17,18374296
Chennai,Independent House,Semi-Furnished,2,1,902,4,8,26,9296666
Chennai,Studio,Semi-Furnished,3,2,1389,15,24,25,6835693
Hyderabad,Independent House,Furnished,2,1,1134,3,5,31,9493398
Gurugram,Plot,Furnished,3,2,1303,18,16,32,7540959
Mumbai,Independent House,Unfurnished,1,1,499,12,8,26,12074475
Chennai,Apartment,Furnished,2,2,820,22,0,11,4440084
Chennai,Apartment,Semi-Furnished,3,2,1665,24,19,20,9502764
Pune,Apartment,Furnished,3,2,1583,14,18,23,11576885
Chennai,Apartment,Unfurnished,2,2,780,10,3,8,2808470
Gurugram,Apartment,Furnished,2,1,734,22,26,32,7065380
Gurugram,Villa,Unfurnished,3,2,1439,0,13,14,14578050
Noida,Apartment,Furnished,2,2,1058,19,17,18,4575188
Bangalore,Apartment,Unfurnished,3,2,1461,23,4,12,8921579
Pune,Apartment,Unfurnished,2,1,834,6,16,17,5358453
Hyderabad,Apartment,Furnished,3,2,1415,15,19,32,7686146
Gurugram,Apartment,Unfurnished,3,2,1387,2,12,13,15626243
Noida,Apartment,Semi-Furnished,4,4,1984,1,9,34,10650846
Delhi,Independent House,Unfurnished,4,3,1873,14,13,14,23488563
Hyderabad,Independent House,Unfurnished,2,2,1014,0,24,25,8104749
Chennai,Independent House,Semi-Furnished,2,2,1105,17,8,9,5957374
Bangalore,Independent House,Unfurnished,2,1,993,17,0,34,7676492
Chennai,Apartment,Furnished,2,2,641,8,7,27,4643017
Mumbai,Apartment,Semi-Furnished,4,4,1868,11,26,27,32171844
Hyderabad,Independent House,Unfurnished,3,3,1643,16,7,8,10005578
Mumbai,Apartment,Unfurnished,4,4,1830,3,1,4,27780281
Chennai,Plot,Semi-Furnished,4,3,1987,4,27,28,7409727
Chennai,Apartment,Semi-Furnished,4,4,1985,2,23,24,15358964
Bangalore,Independent House,Unfurnished,2,2,750,6,4,28,3335489
Hyderabad,Villa,Unfurnished,2,2,960,3,23,24,8822415
Pune,Apartment,Semi-Furnished,3,2,1366,0,2,32,7986507
Hyderabad,Plot,Unfurnished,3,2,1483,15,7,28,4750356
Delhi,Independent House,Furnished,3,3,1581,18,25,26,20624563
Hyderabad,Apartment,Unfurnished,1,1,326,6,16,34,1471971
Delhi,Studio,Unfurnished,2,2,1126,1,4,22,14350390
Hyderabad,Apartment,Semi-Furnished,2,2,1091,0,7,30,7607596
Mumbai,Apartment,Unfurnished,2,1,1177,11,14,15,15381430
Noida,Studio,Semi-Furnished,1,1,500,7,21,33,2953141
Pune,Apartment,Furnished,2,2,1122,2,8,24,10626364
Pune,Independent House,Semi-Furnished,3,2,1484,11,19,32,15183026
Hyderabad,Apartment,Unfurnished,3,2,1376,4,18,19,8453709
Pune,Plot,Semi-Furnished,3,3,1279,9,2,32,6760029
Hyderabad,Apartment,Semi-Furnished,4,4,1874,18,10,11,9593218
Mumbai,Plot,Unfurnished,2,1,893,22,9,24,6237568
Hyderabad,Apartment,Semi-Furnished,3,3,1620,9,17,34,8996498
Pune,Apartment,Unfurnished,4,4,1971,15,19,20,10349581
Gurugram,Apartment,Unfurnished,3,3,1362,8,12,34,12745885
Bangalore,Apartment,Unfurnished,2,1,1072,12,7,26,7590681
Noida,Apartment,Unfurnished,2,2,810,20,1,8,3770218
Chennai,Apartment,Semi-Furnished,3,3,1485,8,19,20,7739502
Noida,Villa,Semi-Furnished,4,3,1933,4,27,28,11547358
Hyderabad,Plot,Semi-Furnished,3,3,1334,20,24,25,4186274
Gurugram,Apartment,Furnished,2,2,821,22,18,32,5475535
Delhi,Apartment,Unfurnished,1,1,515,14,14,15,6366235
Gurugram,Apartment,Semi-Furnished,3,2,1277,7,15,18,10383177
Hyderabad,Apartment,Unfurnished,1,1,679,21,29,30,3872411
Delhi,Apartment,Unfurnished,2,1,852,20,21,22,8613910
Mumbai,Plot,Unfurnished,1,1,563,17,21,24,3989706
Delhi,Plot,Unfurnished,4,3,1932,4,24,33,14966381
Chennai,Apartment,Semi-Furnished,2,1,1123,13,23,24,8259266
Mumbai,Apartment,Semi-Furnished,3,2,1167,22,19,20,19355596
Hyderabad,Apartment,Unfurnished,2,2,948,12,3,25,3875862
Gurugram,Independent House,Unfurnished,3,3,1386,15,2,24,16627913
Hyderabad,Apartment,Semi-Furnished,3,3,1525,8,21,25,10944961
Noida,Independent House,Unfurnished,3,2,1670,12,14,34,11174543
Pune,Plot,Semi-Furnished,3,3,1479,24,18,19,5488096
Pune,Villa,Semi-Furnished,2,1,882,16,11,22,6430204
Chennai,Studio,Furnished,3,3,1577,10,9,20,7940006
Noida,Apartment,Furnished,1,1,300,6,25,26,2102018
Hyderabad,Villa,Semi-Furnished,2,2,906,9,2,19,7538858
Noida,Apartment,Semi-Furnished,3,2,1515,15,19,20,7111312
Delhi,Apartment,Unfurnished,3,3,1443,18,22,23,11491062
Delhi,Apartment,Unfurnished,2,2,818,0,29,30,11037135
Chennai,Apartment,Semi-Furnished,2,1,1032,3,22,23,8974574
Noida,Independent House,Unfurnished,3,2,1250,21,17,18,6513182
Noida,Plot,Semi-Furnished,3,3,1439,5,19,20,6080965
Mumbai,Independent House,Unfurnished,2,1,983,19,10,11,16980433
Delhi,Villa,Semi-Furnished,1,1,388,2,17,18,4808762
Hyderabad,Apartment,Unfurnished,4,4,1906,18,28,29,9312201
Mumbai,Apartment,Semi-Furnished,3,2,1389,14,23,24,21239602
Mumbai,Apartment,Semi-Furnished,3,3,1340,15,9,17,25970328
Gurugram,Apartment,Unfurnished,4,3,1782,3,18,19,17985975
Hyderabad,Villa,Semi-Furnished,1,1,387,16,17,33,3019864
Delhi,Apartment,Furnished,4,4,1936,13,24,25,21999732
Gurugram,Apartment,Unfurnished,2,2,1044,2,10,20,10044979
Bangalore,Apartment,Unfurnished,4,3,1907,23,21,22,10697970
Delhi,Apartment,Unfurnished,1,1,436,3,28,34,5038116
Mumbai,Villa,Semi-Furnished,4,4,1773,18,28,29,27805857
Pune,Plot,Unfurnished,4,3,2065,22,16,17,6178157
Delhi,Independent House,Unfurnished,4,4,2019,9,15,20,20982343
Pune,Apartment,Unfurnished,5,5,2266,12,3,6,11093991
Hyderabad,Villa,Semi-Furnished,3,3,1515,16,26,27,10919839
Pune,Apartment,Unfurnished,3,3,1507,19,20,21,6557971
Delhi,Independent House,Unfurnished,3,2,1533,17,2,9,12329929
Gurugram,Plot,Unfurnished,2,1,1047,3,11,19,6092221
Bangalore,Apartment,Furnished,3,2,1387,3,3,29,12290286
Noida,Apartment,Furnished,2,1,1078,0,20,21,9096901
Bangalore,Apartment,Semi-Furnished,1,1,417,3,12,15,2017414
Noida,Villa,Semi-Furnished,1,1,666,7,28,29,5851136
Mumbai,Apartment,Furnished,1,1,431,7,10,17,6994404
Mumbai,Studio,Furnished,1,1,496,18,29,30,7930301
Bangalore,Independent House,Unfurnished,1,1,443,1,28,29,3469506
Delhi,Villa,Semi-Furnished,3,3,1327,19,23,24,20646369
Chennai,Plot,Unfurnished,3,3,1403,6,8,11,5473105
Pune,Studio,Furnished,3,2,1538,2,8,9,11517322
Noida,Independent House,Semi-Furnished,3,2,1675,17,13,26,7372580
Hyderabad,Villa,Semi-Furnished,3,3,1327,21,18,26,9024505
Delhi,Independent House,Unfurnished,3,3,1403,21,13,14,11608373
Hyderabad,Apartment,Unfurnished,4,4,1879,22,9,17,5218402
Pune,Villa,Unfurnished,5,5,2343,18,24,25,17156370
Noida,Apartment,Semi-Furnished,4,4,1904,1,25,32,12424649
Gurugram,Independent House,Furnished,3,3,1357,19,28,29,12761486
Noida,Independent House,Furnished,3,3,1413,19,23,24,8456101
Gurugram,Villa,Furnished,2,2,1106,24,28,29,17608784
Bangalore,Apartment,Unfurnished,4,4,1871,20,4,25,9431562
Gurugram,Apartment,Semi-Furnished,4,4,2034,22,14,15,16485194
Delhi,Apartment,Unfurnished,4,4,1997,10,21,23,16815872
Mumbai,Apartment,Semi-Furnished,3,3,1546,1,12,13,22180185
Delhi,Apartment,Furnished,2,2,1128,9,17,18,15922313
Gurugram,Studio,Semi-Furnished,4,3,1995,2,8,12,18403719
Hyderabad,Villa,Unfurnished,3,2,1633,1,29,30,16433113
Mumbai,Apartment,Furnished,4,4,1886,2,24,25,21997051
Delhi,Apartment,Unfurnished,4,3,2204,18,6,12,23342734
Noida,Independent House,Furnished,2,1,915,7,4,5,8994551
Chennai,Apartment,Unfurnished,4,3,1808,18,8,14,12564276
Noida,Apartment,Unfurnished,2,1,981,10,19,24,5835658
Hyderabad,Apartment,Semi-Furnished,4,4,1793,1,20,31,10900682
Noida,Apartment,Semi-Furnished,3,3,1410,24,19,26,7657262
Hyderabad,Apartment,Furnished,1,1,492,5,8,13,3552802
Gurugram,Apartment,Semi-Furnished,1,1,507,22,3,9,3076673
Noida,Apartment,Furnished,3,3,1327,14,15,16,6950016
Hyderabad,Independent House,Semi-Furnished,2,1,1032,24,8,23,6047512
Pune,Apartment,Furnished,4,3,1998,22,24,25,12728937
Gurugram,Apartment,Semi-Furnished,2,1,830,8,19,20,6478809
Chennai,Apartment,Furnished,3,3,1472,19,17,20,8965976
Gurugram,Apartment,Semi-Furnished,2,2,942,0,10,11,10311786
Bangalore,Apartment,Unfurnished,3,2,1538,3,8,16,9824950
Bangalore,Independent House,Unfurnished,3,3,1515,10,1,3,8198979
Hyderabad,Apartment,Furnished,4,4,2058,19,5,11,6929126
Gurugram,Apartment,Furnished,4,3,1683,18,29,30,18104940
Pune,Apartment,Furnished,1,1,311,22,26,27,1967635
Chennai,Plot,Semi-Furnished,2,2,1005,3,5,6,3987445
Chennai,Villa,Semi-Furnished,3,3,1370,5,16,20,8033596
Chennai,Apartment,Semi-Furnished,3,3,1311,9,6,16,6672099
Pune,Independent House,Unfurnished,4,3,2007,13,19,26,9005841
Pune,Independent House,Semi-Furnished,2,2,934,4,9,28,5897737
Gurugram,Plot,Semi-Furnished,3,3,1236,15,9,10,4473508
Chennai,Apartment,Semi-Furnished,3,2,1538,7,13,14,8378922
Chennai,Independent House,Semi-Furnished,4,4,1813,9,11,12,9233435
Chennai,Apartment,Furnished,2,1,1078,4,20,21,8732228
Noida,Apartment,Furnished,4,4,2104,1,18,19,20103101
Hyderabad,Independent House,Unfurnished,2,1,1035,0,29,30,6452736
Delhi,Apartment,Furnished,4,3,1893,5,24,25,32566302
Mumbai,Plot,Semi-Furnished,2,1,918,16,3,4,8125086
Chennai,Villa,Semi-Furnished,4,3,1992,10,2,9,15081584
Delhi,Independent House,Unfurnished,2,1,953,15,11,30,13172419
Pune,Apartment,Semi-Furnished,4,3,1996,16,8,9,12554053
Pune,Apartment,Unfurnished,2,2,870,15,17,20,4775664
Mumbai,Apartment,Furnished,4,4,1606,13,24,25,39015403
Pune,Apartment,Furnished,3,2,1448,24,6,17,8202119
Delhi,Apartment,Unfurnished,3,2,1448,20,17,18,15711149
Pune,Apartment,Unfurnished,2,2,894,4,10,26,5813030
Delhi,Independent House,Semi-Furnished,5,5,2407,18,23,24,27026652
Noida,Studio,Unfurnished,3,3,1645,20,6,22,5829249
Pune,Villa,Semi-Furnished,3,3,1611,11,8,31,13620615
Noida,Apartment,Semi-Furnished,2,2,863,22,28,33,4846471
Pune,Studio,Unfurnished,3,3,1242,2,17,18,4312935
Chennai,Apartment,Furnished,3,3,1401,4,8,9,11752813
Mumbai,Apartment,Semi-Furnished,4,3,1973,24,4,17,23962020
Noida,Studio,Semi-Furnished,5,4,2346,10,14,15,14737735
Noida,Independent House,Unfurnished,2,1,827,21,17,21,4345184
Noida,Studio,Unfurnished,2,2,916,22,17,30,3478103
Mumbai,Apartment,Furnished,3,2,1333,22,2,13,25492900
Bangalore,Apartment,Semi-Furnished,3,2,1424,12,24,30,7764184
Bangalore,Apartment,Unfurnished,2,2,815,9,18,19,3938114
Hyderabad,Apartment,Unfurnished,1,1,624,24,19,20,2299019
Delhi,Apartment,Unfurnished,4,3,1915,24,8,30,13046092
Mumbai,Studio,Semi-Furnished,2,1,974,21,20,21,9740615
Pune,Villa,Semi-Furnished,4,4,1794,0,25,26,18925402
Delhi,Apartment,Unfurnished,2,1,894,11,26,27,5375769
Hyderabad,Independent House,Semi-Furnished,3,3,1379,3,3,30,8003449
Pune,Studio,Semi-Furnished,2,1,1071,6,0,13,4718030
Hyderabad,Apartment,Furnished,4,3,1886,12,28,29,14685175
Gurugram,Apartment,Unfurnished,3,2,1470,22,3,12,9302075
Chennai,Apartment,Semi-Furnished,5,5,2507,21,21,22,10192459
Delhi,Apartment,Furnished,2,1,997,21,19,20,13663037
Chennai,Villa,Semi-Furnished,3,2,1490,14,18,19,11457398
Gurugram,Apartment,Semi-Furnished,3,2,1480,0,0,7,15477361
Mumbai,Independent House,Semi-Furnished,2,1,1059,21,23,30,18361683
Pune,Studio,Furnished,2,2,850,10,11,28,4888045
Gurugram,Studio,Unfurnished,2,2,945,16,16,30,5957919
Gurugram,Apartment,Semi-Furnished,3,3,1536,11,2,4,15709436
Chennai,Villa,Unfurnished,4,3,1830,24,3,8,10404624
Delhi,Apartment,Furnished,2,2,1067,14,17,18,16419677
Noida,Apartment,Furnished,2,1,990,5,16,17,7911514
Chennai,Independent House,Unfurnished,2,1,1045,23,20,21,5544005
Noida,Apartment,Furnished,4,3,2205,20,26,27,13302274
Delhi,Apartment,Unfurnished,1,1,492,16,26,27,4569767
Chennai,Apartment,Furnished,2,1,1017,24,19,20,7286725
Chennai,Studio,Semi-Furnished,4,4,1970,19,14,15,8832118
Mumbai,Apartment,Furnished,4,3,1956,17,11,20,18608827
Noida,Apartment,Semi-Furnished,5,5,2563,16,18,19,17309390
Delhi,Apartment,Unfurnished,3,2,1352,18,26,27,10986336
Pune,Independent House,Semi-Furnished,2,1,1081,19,22,28,5090898
Hyderabad,Apartment,Unfurnished,1,1,447,3,6,19,2946493
Chennai,Plot,Semi-Furnished,1,1,591,6,28,29,2870447
Noida,Villa,Unfurnished,2,1,997,11,2,29,7595417
Delhi,Independent House,Semi-Furnished,5,5,2691,10,19,20,35469047
Chennai,Apartment,Unfurnished,1,1,733,3,6,7,4228568
Pune,Villa,Semi-Furnished,1,1,581,1,24,25,4155761
Chennai,Independent House,Semi-Furnished,4,3,1937,13,23,24,13798308
Chennai,Studio,Furnished,2,2,876,11,25,26,4531648
Noida,Apartment,Unfurnished,2,1,849,6,3,23,5292955
Pune,Apartment,Semi-Furnished,5,4,2495,22,23,25,13269499
Pune,Independent House,Semi-Furnished,1,1,350,21,4,7,1981331
Bangalore,Plot,Unfurnished,4,3,1967,21,19,20,6193590
Mumbai,Apartment,Semi-Furnished,2,2,1159,12,15,16,23175233
Mumbai,Apartment,Semi-Furnished,4,3,1863,22,23,24,17691246
Mumbai,Villa,Furnished,4,3,1863,17,23,24,35310457
Noida,Villa,Semi-Furnished,1,1,405,7,24,31,2909053
Pune,Independent House,Furnished,3,3,1256,5,20,21,10923048
Bangalore,Apartment,Unfurnished,3,2,1542,24,14,30,7080760
Noida,Villa,Furnished,1,1,478,10,0,17,4264048
Delhi,Independent House,Furnished,4,4,1847,21,21,29,28644868
Gurugram,Plot,Semi-Furnished,2,2,1135,10,5,22,8173719
Hyderabad,Apartment,Unfurnished,2,1,814,24,28,29,1941440
Noida,Apartment,Unfurnished,2,1,1074,7,20,21,4641551
Pune,Studio,Unfurnished,4,4,1827,5,26,27,10946920
Gurugram,Apartment,Furnished,2,2,933,6,11,18,10503167
Hyderabad,Apartment,Unfurnished,1,1,347,16,26,27,1809119
Pune,Independent House,Unfurnished,1,1,747,7,1,28,4724810
Mumbai,Villa,Unfurnished,5,5,2655,4,14,16,42856644
Noida,Independent House,Unfurnished,3,3,1410,6,14,24,7748983
Bangalore,Independent House,Unfurnished,3,2,1500,21,26,27,10006879
Gurugram,Apartment,Furnished,2,1,810,17,11,12,5580569
Delhi,Villa,Semi-Furnished,1,1,507,8,7,14,6346814
Delhi,Apartment,Unfurnished,3,2,1576,11,16,17,12422253
Delhi,Apartment,Semi-Furnished,3,2,1459,1,13,14,17773201
Bangalore,Villa,Unfurnished,4,3,1994,11,28,32,17124115
Noida,Plot,Semi-Furnished,2,2,961,19,25,29,4047152
Delhi,Apartment,Furnished,2,2,989,12,26,27,13851035
Noida,Independent House,Unfurnished,2,2,1271,14,8,22,6154559
Gurugram,Apartment,Unfurnished,1,1,338,12,12,21,3132642
Delhi,Apartment,Unfurnished,3,3,1343,13,23,24,15497599
Pune,Apartment,Furnished,4,3,1765,3,22,23,9961614
Gurugram,Apartment,Furnished,3,2,1493,8,12,32,17278866
Hyderabad,Apartment,Semi-Furnished,3,2,1306,11,25,26,6251948
Mumbai,Apartment,Unfurnished,3,2,1577,6,18,19,25158691
Gurugram,Apartment,Furnished,2,2,936,3,21,22,7418951
Bangalore,Apartment,Unfurnished,3,2,1398,12,5,6,7901689
Chennai,Villa,Semi-Furnished,4,4,2197,10,11,31,17867448
Delhi,Apartment,Semi-Furnished,5,4,2384,12,20,23,42691597
Bangalore,Apartment,Unfurnished,3,3,1539,13,28,29,8239007
Hyderabad,Apartment,Unfurnished,4,4,1844,14,2,19,11362128
Delhi,Apartment,Semi-Furnished,2,2,1032,23,2,25,13731066
Mumbai,Apartment,Unfurnished,2,1,1004,3,28,29,16100680
Hyderabad,Studio,Semi-Furnished,4,3,2045,2,20,21,12115707
Noida,Studio,Unfurnished,3,3,1439,13,20,21,5306323
Noida,Plot,Semi-Furnished,3,2,1499,12,28,29,5869348
Pune,Apartment,Semi-Furnished,2,2,1000,8,17,18,6220497
Gurugram,Apartment,Semi-Furnished,2,1,884,0,3,32,10454926
Chennai,Apartment,Semi-Furnished,5,4,2424,12,20,21,18479008
Pune,Apartment,Unfurnished,3,2,1405,2,23,24,8763791
Mumbai,Independent House,Furnished,3,3,1527,24,9,30,24345166
Bangalore,Apartment,Furnished,2,2,1087,21,8,9,6248086
Noida,Villa,Semi-Furnished,3,3,1405,12,1,5,11080672
Bangalore,Independent House,Unfurnished,2,2,999,2,25,26,8516980
Chennai,Villa,Furnished,2,2,992,22,12,16,7836973
Delhi,Independent House,Semi-Furnished,2,2,1120,8,3,11,15528456
Hyderabad,Apartment,Semi-Furnished,3,3,1366,5,19,20,9316294
Chennai,Plot,Semi-Furnished,4,4,2050,15,26,27,8435802
Pune,Plot,Semi-Furnished,2,1,993,21,13,14,2673203
Noida,Plot,Semi-Furnished,1,1,442,21,16,17,1739678
Pune,Villa,Semi-Furnished,1,1,521,6,28,29,3915468
Mumbai,Apartment,Furnished,3,2,1386,11,11,20,27857202
Hyderabad,Studio,Furnished,3,2,1279,9,23,24,5476976
Noida,Villa,Furnished,5,4,2421,3,25,26,19257274
Bangalore,Independent House,Unfurnished,5,4,2506,12,0,6,20033387
Delhi,Apartment,Unfurnished,4,3,1913,16,16,17,18009303
Noida,Villa,Unfurnished,2,2,1001,14,10,12,8085622
Gurugram,Apartment,Furnished,1,1,500,21,4,26,4421131
Mumbai,Plot,Unfurnished,3,2,1461,22,9,10,10817927
Noida,Independent House,Unfurnished,3,2,1724,4,22,23,11989982
Gurugram,Plot,Unfurnished,4,4,1909,3,23,24,15417792
Delhi,Apartment,Unfurnished,2,1,1142,15,20,24,11749983
Noida,Apartment,Furnished,2,1,883,14,16,34,5168559
Pune,Apartment,Unfurnished,5,5,2503,22,6,19,9443989
Hyderabad,Studio,Semi-Furnished,4,4,1865,3,14,33,10746326
Pune,Plot,Unfurnished,3,2,1421,14,7,8,6062534
Delhi,Villa,Semi-Furnished,3,2,1457,17,2,18,17618381
Noida,Independent House,Semi-Furnished,3,2,1566,24,4,28,4812843
Mumbai,Apartment,Semi-Furnished,4,3,1842,20,6,27,33192646
Hyderabad,Apartment,Unfurnished,4,4,1842,2,6,10,12635975
Bangalore,Apartment,Furnished,3,3,1290,24,2,31,8578560
Mumbai,Independent House,Unfurnished,4,4,1977,13,16,17,39477189
Mumbai,Apartment,Semi-Furnished,2,1,818,14,16,33,14296531
Hyderabad,Villa,Semi-Furnished,2,1,830,1,21,22,6831713
Pune,Villa,Unfurnished,3,2,1545,18,0,33,9912404
Gurugram,Independent House,Unfurnished,2,1,843,0,16,18,8593719
Pune,Independent House,Unfurnished,2,2,975,15,27,28,7596277
Gurugram,Apartment,Furnished,2,1,924,7,13,32,8543749
Chennai,Apartment,Furnished,1,1,418,14,28,29,2252452
Bangalore,Apartment,Unfurnished,5,4,2340,3,23,24,19198355
Bangalore,Apartment,Semi-Furnished,1,1,438,3,24,25,2676317
Noida,Plot,Semi-Furnished,4,4,1879,14,24,25,4669813
Hyderabad,Plot,Unfurnished,3,3,1508,22,7,23,3658833
Noida,Villa,Furnished,3,2,1457,8,27,28,7380918
Chennai,Apartment,Unfurnished,3,2,1558,6,11,12,7031640
Pune,Apartment,Furnished,1,1,609,3,1,8,2668133
Delhi,Villa,Unfurnished,2,2,989,5,17,33,15466112
Bangalore,Apartment,Semi-Furnished,4,3,1972,4,15,16,13796889
Noida,Studio,Semi-Furnished,3,3,1323,0,29,30,9250350
Hyderabad,Studio,Semi-Furnished,2,2,961,0,5,27,5141762
Noida,Villa,Semi-Furnished,4,4,1970,2,9,24,22903798
Chennai,Apartment,Unfurnished,1,1,410,20,21,22,2666752
Chennai,Apartment,Semi-Furnished,3,3,1649,1,0,18,8156500
Gurugram,Independent House,Unfurnished,4,3,1857,9,28,29,22248596
Pune,Studio,Furnished,3,2,1463,24,29,32,6244459
Hyderabad,Apartment,Furnished,4,3,1884,16,19,20,7085596
Bangalore,Villa,Semi-Furnished,4,3,1906,17,19,33,14883935
Delhi,Apartment,Unfurnished,3,3,1585,23,4,31,12892873
Hyderabad,Apartment,Unfurnished,2,1,977,3,7,18,5521499
Bangalore,Apartment,Unfurnished,4,3,2110,20,10,26,8659884
Mumbai,Studio,Semi-Furnished,3,3,1444,19,23,24,22485083
Pune,Independent House,Unfurnished,2,2,1084,13,20,21,8153041
Bangalore,Apartment,Unfurnished,2,2,1364,8,10,11,8116704
Hyderabad,Apartment,Unfurnished,2,2,1108,22,22,23,5805302
Bangalore,Apartment,Furnished,3,3,1250,23,17,18,7151039
Noida,Apartment,Furnished,2,2,1006,22,16,17,6921119
Pune,Independent House,Furnished,2,1,980,12,14,25,9063598
Bangalore,Apartment,Furnished,4,3,1900,10,16,17,14028256
Delhi,Apartment,Unfurnished,4,3,2019,23,28,32,18052839
Hyderabad,Apartment,Semi-Furnished,1,1,546,3,16,22,3818019
Mumbai,Apartment,Unfurnished,2,1,936,16,7,32,15069417
Noida,Independent House,Furnished,2,2,990,17,3,22,7269390
Mumbai,Plot,Semi-Furnished,3,3,1615,0,26,27,19728099
Mumbai,Apartment,Unfurnished,2,2,820,2,6,16,18951133
Noida,Plot,Furnished,3,3,1252,12,28,29,6059391
Bangalore,Apartment,Unfurnished,5,4,2432,21,11,28,13616998
Mumbai,Plot,Unfurnished,2,1,669,24,19,29,3942715
Hyderabad,Villa,Semi-Furnished,3,3,1526,10,22,27,12464007
Hyderabad,Apartment,Furnished,2,2,1116,0,22,23,9530831
Noida,Independent House,Unfurnished,3,3,1385,13,29,30,4626290
Chennai,Apartment,Furnished,2,1,1027,16,29,30,6067417
Mumbai,Villa,Semi-Furnished,3,2,1395,18,22,34,23247367
Hyderabad,Apartment,Furnished,3,2,1417,24,25,30,6968162
Bangalore,Independent House,Semi-Furnished,2,2,831,9,19,20,5845590
Hyderabad,Apartment,Semi-Furnished,3,3,1173,1,17,29,6558342
Gurugram,Plot,Unfurnished,3,3,1466,6,1,19,7205320
Mumbai,Plot,Semi-Furnished,1,1,391,9,19,25,4261084
Delhi,Villa,Unfurnished,3,3,1302,0,0,32,17761019
Noida,Apartment,Furnished,2,1,916,14,9,27,7038048
Hyderabad,Villa,Unfurnished,4,3,1845,14,10,25,14022092
Bangalore,Apartment,Semi-Furnished,4,3,1948,4,11,12,15891314
Pune,Studio,Furnished,4,3,1883,1,7,16,14177431
Bangalore,Apartment,Unfurnished,2,1,966,14,3,5,5088992
Hyderabad,Apartment,Unfurnished,4,3,1900,15,2,4,7797013
Mumbai,Apartment,Unfurnished,2,2,884,24,6,33,14445654
Mumbai,Villa,Semi-Furnished,3,2,1410,20,24,25,36071201
Hyderabad,Studio,Semi-Furnished,2,1,923,8,27,28,4802512
Chennai,Apartment,Unfurnished,2,2,825,18,16,17,4162626
Hyderabad,Apartment,Furnished,4,4,1753,19,28,29,11833613
Chennai,Apartment,Unfurnished,2,1,1027,15,12,13,6024309
Mumbai,Apartment,Unfurnished,2,2,776,22,15,16,7533305
Bangalore,Apartment,Unfurnished,2,2,897,21,29,33,4976762
Noida,Plot,Furnished,2,2,1009,16,8,18,3470866
Mumbai,Apartment,Unfurnished,3,3,1254,24,14,24,17581228
Hyderabad,Apartment,Unfurnished,4,4,1970,18,22,23,5707492
Chennai,Apartment,Semi-Furnished,3,2,1398,0,15,16,9450215
Mumbai,Independent House,Unfurnished,2,1,985,19,19,33,17334650
Delhi,Apartment,Furnished,3,3,1319,12,23,24,10802565
Gurugram,Independent House,Furnished,4,4,1817,14,27,28,18792864
Delhi,Independent House,Furnished,3,3,1372,23,17,18,18360473
Delhi,Independent House,Unfurnished,4,3,1814,0,8,9,31363655
Pune,Plot,Semi-Furnished,2,1,714,20,2,32,3044965
Pune,Apartment,Furnished,3,3,1400,21,0,27,9207598
Mumbai,Villa,Unfurnished,3,3,1583,15,23,24,26255935
Chennai,Apartment,Furnished,3,3,1351,0,15,18,13367960
Gurugram,Apartment,Furnished,2,2,851,19,25,26,7849085
Chennai,Studio,Unfurnished,3,3,1422,0,3,8,6207311
Hyderabad,Apartment,Unfurnished,2,2,1044,20,12,13,5237177
Hyderabad,Apartment,Semi-Furnished,5,5,2364,24,21,30,12871234
Delhi,Apartment,Furnished,2,2,1073,16,24,25,10759894
Mumbai,Studio,Unfurnished,1,1,352,0,8,20,5460031
Delhi,Apartment,Semi-Furnished,2,1,1018,8,6,31,10050767
Bangalore,Plot,Furnished,1,1,477,23,28,34,2147933
Chennai,Apartment,Semi-Furnished,4,4,1894,0,29,33,15760198
Gurugram,Apartment,Unfurnished,2,2,1099,0,25,26,10679000
Hyderabad,Apartment,Unfurnished,3,2,1252,18,4,23,6023498
Pune,Villa,Unfurnished,5,4,2511,18,24,33,18050283
Delhi,Apartment,Unfurnished,3,2,1354,17,5,25,13437511
Gurugram,Apartment,Unfurnished,2,2,1138,23,7,26,11781329
Bangalore,Villa,Semi-Furnished,5,4,2484,24,0,11,16052570
Delhi,Studio,Semi-Furnished,2,1,1025,19,25,26,7908227
Mumbai,Independent House,Unfurnished,4,3,1764,22,22,23,19790003
Pune,Apartment,Unfurnished,2,2,1064,17,20,23,4371297
Delhi,Independent House,Furnished,2,2,1059,8,22,23,21523460
Bangalore,Villa,Unfurnished,3,2,1563,13,6,23,13503042
Noida,Plot,Semi-Furnished,1,1,622,21,6,7,2519564
Chennai,Independent House,Furnished,3,3,1290,4,11,12,12524234
Delhi,Apartment,Unfurnished,5,5,2303,12,15,34,16414418
Delhi,Apartment,Unfurnished,5,4,2320,16,18,34,29355245
Delhi,Apartment,Semi-Furnished,4,3,2059,1,18,19,23811339
Hyderabad,Apartment,Semi-Furnished,4,3,1876,13,26,28,9641171
Chennai,Villa,Furnished,3,3,1441,2,28,29,15812499
Chennai,Plot,Furnished,4,3,1892,8,28,29,6498295
Hyderabad,Studio,Unfurnished,4,3,1800,24,5,27,6588160
Delhi,Apartment,Semi-Furnished,3,2,1444,4,5,6,16962973
Hyderabad,Apartment,Unfurnished,3,2,1630,3,26,27,10281560
Delhi,Apartment,Unfurnished,5,5,2642,1,28,29,35592606
Gurugram,Independent House,Unfurnished,4,3,1780,6,0,16,19782081
Mumbai,Villa,Unfurnished,3,2,1567,2,14,26,42101927
Bangalore,Villa,Semi-Furnished,4,3,1989,4,0,10,21092880
Hyderabad,Apartment,Unfurnished,1,1,369,23,3,27,1140351
Pune,Plot,Unfurnished,3,2,1248,14,15,30,4532774
Delhi,Apartment,Unfurnished,2,2,811,23,10,12,7567814
Noida,Apartment,Semi-Furnished,5,4,2378,15,6,15,14401963
Hyderabad,Apartment,Semi-Furnished,2,1,827,14,0,7,5053846
Chennai,Apartment,Semi-Furnished,2,2,869,21,7,22,6142581
Delhi,Apartment,Semi-Furnished,1,1,401,4,19,33,4120116
Pune,Independent House,Unfurnished,1,1,632,5,2,23,4621119
Delhi,Villa,Unfurnished,5,5,2314,18,18,19,35381609
Hyderabad,Apartment,Unfurnished,3,3,1554,4,22,26,6036546
Gurugram,Apartment,Semi-Furnished,4,4,1753,12,25,26,15004535
Gurugram,Independent House,Unfurnished,1,1,300,14,8,32,3361127
Bangalore,Villa,Unfurnished,3,2,1369,3,24,34,15860321
Noida,Apartment,Unfurnished,3,3,1342,22,28,29,5502636
Pune,Villa,Unfurnished,2,2,879,13,2,33,7628114
Delhi,Apartment,Semi-Furnished,3,3,1526,7,22,23,15706238
Mumbai,Apartment,Unfurnished,5,4,2184,24,8,30,23186855
Chennai,Independent House,Semi-Furnished,2,2,975,6,9,10,7486102
Hyderabad,Apartment,Furnished,5,4,2440,16,23,24,8897922
Hyderabad,Apartment,Unfurnished,3,2,1171,4,26,27,8801229
Chennai,Plot,Semi-Furnished,4,3,2056,8,20,28,7161598
Pune,Apartment,Semi-Furnished,2,2,912,15,5,19,4493919
Bangalore,Plot,Unfurnished,2,2,1036,7,2,19,3466984
Noida,Plot,Semi-Furnished,2,1,928,6,28,29,4968890
Noida,Apartment,Unfurnished,2,2,1077,6,10,26,5647277
Hyderabad,Apartment,Semi-Furnished,4,4,2173,17,27,28,8867324
Hyderabad,Plot,Semi-Furnished,3,3,1363,0,22,24,6298700
Delhi,Apartment,Unfurnished,1,1,311,20,8,33,3295127
Bangalore,Studio,Furnished,2,2,876,17,9,23,5317456
Chennai,Apartment,Semi-Furnished,3,2,1427,4,19,20,7737076
Noida,Apartment,Semi-Furnished,2,2,901,22,23,25,5019842
Delhi,Apartment,Unfurnished,3,3,1379,3,27,28,13710327
Noida,Independent House,Semi-Furnished,2,1,1054,11,11,29,9558080
Mumbai,Independent House,Furnished,3,2,1473,24,17,18,22879147
Delhi,Apartment,Unfurnished,2,1,837,20,7,16,7587419
Hyderabad,Apartment,Semi-Furnished,3,2,1561,23,14,24,6258516
Chennai,Apartment,Unfurnished,5,4,2401,16,24,25,13570172
Pune,Independent House,Unfurnished,4,4,1713,20,5,8,7995738
Pune,Villa,Unfurnished,2,1,888,2,29,30,7357832
Bangalore,Apartment,Semi-Furnished,2,1,812,9,11,28,5150400
Noida,Plot,Unfurnished,4,3,1939,14,12,26,7462552
Mumbai,Villa,Unfurnished,2,1,758,8,7,13,18568802
Bangalore,Studio,Unfurnished,2,1,830,8,0,9,4096009
Pune,Apartment,Unfurnished,3,3,1356,18,17,27,5954850
Delhi,Apartment,Unfurnished,4,4,1974,19,24,25,22961276
Chennai,Apartment,Furnished,2,1,935,9,14,15,7014737
Gurugram,Apartment,Unfurnished,3,2,1361,12,24,25,12972996
Hyderabad,Apartment,Unfurnished,1,1,558,21,20,28,2801911
Chennai,Apartment,Semi-Furnished,2,1,798,3,5,18,5483826
Hyderabad,Apartment,Unfurnished,3,3,1482,18,8,22,6257097
Bangalore,Apartment,Unfurnished,2,2,1055,14,5,16,5274899
Chennai,Apartment,Unfurnished,3,3,1378,16,7,17,5829177
Hyderabad,Apartment,Unfurnished,2,2,871,8,27,31,4084993
Noida,Independent House,Unfurnished,2,2,1097,0,26,27,7367095
Gurugram,Apartment,Unfurnished,3,2,1410,0,21,26,8767316
Mumbai,Apartment,Semi-Furnished,2,1,870,10,11,18,13533903
Pune,Plot,Unfurnished,3,3,1379,12,12,17,3795696
Chennai,Apartment,Semi-Furnished,1,1,359,6,5,24,3005367
Hyderabad,Apartment,Unfurnished,4,4,1772,2,23,33,12730343
Chennai,Apartment,Semi-Furnished,2,2,1100,15,27,32,6232368
Gurugram,Apartment,Semi-Furnished,2,2,907,1,14,15,8735538
Noida,Apartment,Furnished,4,3,1727,12,15,25,11622039
Bangalore,Plot,Furnished,2,2,1013,23,7,14,3582246
Chennai,Apartment,Unfurnished,3,3,1715,13,24,25,13212683
Noida,Villa,Furnished,2,2,927,11,18,19,7314272
Chennai,Apartment,Semi-Furnished,3,3,1414,4,19,31,10786538
Mumbai,Plot,Furnished,2,2,973,12,12,13,6258070
Gurugram,Apartment,Unfurnished,2,1,787,15,24,34,5622729
Hyderabad,Apartment,Semi-Furnished,5,5,2482,20,18,19,12269023
Chennai,Apartment,Semi-Furnished,4,3,2017,14,22,23,12832740
Delhi,Apartment,Semi-Furnished,2,2,1032,11,11,12,12036885
Delhi,Independent House,Semi-Furnished,2,1,959,2,24,25,15284576
Mumbai,Apartment,Unfurnished,3,3,1381,9,7,20,18980275
Mumbai,Apartment,Furnished,3,3,1466,21,18,21,20479252
Bangalore,Independent House,Unfurnished,2,1,957,10,11,12,7900664
Bangalore,Apartment,Semi-Furnished,2,2,909,16,12,13,5179217
Bangalore,Apartment,Furnished,2,1,943,23,14,28,5384611
Bangalore,Apartment,Unfurnished,1,1,328,14,11,15,2030578
Mumbai,Apartment,Furnished,4,3,1699,0,27,28,47185608
Pune,Apartment,Furnished,3,2,1547,20,24,25,9176214
Noida,Plot,Unfurnished,3,3,1520,19,1,16,4446240
Mumbai,Plot,Unfurnished,2,2,656,21,0,14,3780968
Gurugram,Villa,Semi-Furnished,4,3,1835,16,16,17,20622698
Gurugram,Apartment,Semi-Furnished,2,2,998,14,23,24,7042378
Chennai,Apartment,Furnished,4,3,1800,2,25,26,14543969
Gurugram,Independent House,Unfurnished,4,3,1952,23,9,26,19601939
Pune,Studio,Unfurnished,2,2,863,5,2,19,6241646
Bangalore,Independent House,Semi-Furnished,3,2,1327,5,10,11,11940731
Chennai,Apartment,Unfurnished,3,2,1543,11,20,22,6754302
Bangalore,Apartment,Unfurnished,4,4,2062,1,1,19,17449471
Noida,Apartment,Semi-Furnished,4,4,1890,20,17,29,12480525
Delhi,Villa,Unfurnished,3,3,1547,12,28,29,25234953
Pune,Apartment,Unfurnished,2,1,733,5,23,24,6232699
Gurugram,Apartment,Unfurnished,4,4,1738,21,13,14,13304199
Bangalore,Apartment,Furnished,2,1,674,9,26,27,4698785
Delhi,Plot,Furnished,1,1,499,5,2,12,5063245
Bangalore,Plot,Furnished,5,4,2324,22,7,12,11569020
Mumbai,Apartment,Semi-Furnished,4,3,1839,7,1,4,22579299
Chennai,Apartment,Semi-Furnished,3,3,1553,18,0,6,8323069
Hyderabad,Plot,Furnished,3,3,1390,17,26,27,4294373
Pune,Apartment,Semi-Furnished,3,3,1644,9,6,9,9757585
Gurugram,Apartment,Furnished,1,1,362,6,26,27,3850020
Gurugram,Apartment,Semi-Furnished,2,1,1106,15,8,22,9712428
Hyderabad,Villa,Semi-Furnished,5,4,2416,24,17,18,15489988
Noida,Apartment,Unfurnished,2,1,756,8,1,21,4024344
Chennai,Independent House,Unfurnished,4,4,2015,2,23,24,13462237
Noida,Apartment,Unfurnished,2,1,1196,13,26,27,7073019
Delhi,Plot,Unfurnished,4,4,1645,21,0,14,10150421
Chennai,Studio,Furnished,4,4,2036,6,27,29,11998141
Hyderabad,Independent House,Furnished,2,1,1055,16,10,11,8449575
Hyderabad,Independent House,Semi-Furnished,2,1,994,14,22,23,8280483
Pune,Apartment,Unfurnished,4,3,1678,0,4,10,12669943
Delhi,Villa,Furnished,3,3,1263,2,17,18,25917432
Gurugram,Villa,Furnished,3,3,1506,21,29,30,23811280
Gurugram,Studio,Unfurnished,1,1,387,21,17,24,2176427
Noida,Villa,Semi-Furnished,2,2,943,1,1,6,9110274
Bangalore,Apartment,Semi-Furnished,1,1,535,11,15,28,3555503
Bangalore,Studio,Furnished,2,2,756,10,27,28,3816477
Delhi,Apartment,Unfurnished,4,3,1697,4,28,34,22705630
Delhi,Plot,Unfurnished,5,5,2485,5,16,17,18440846
Bangalore,Villa,Furnished,3,3,1493,14,28,29,9948460
Pune,Apartment,Semi-Furnished,3,2,1378,14,16,17,7891327
Chennai,Plot,Unfurnished,2,2,998,0,24,25,4236870
Chennai,Apartment,Unfurnished,3,3,1368,22,7,16,6019628
Bangalore,Apartment,Furnished,2,2,1004,21,21,22,5958267
Pune,Studio,Semi-Furnished,2,2,1100,11,11,31,7164621
Gurugram,Apartment,Unfurnished,4,4,1932,3,21,22,19841382
Bangalore,Apartment,Unfurnished,2,1,942,4,21,22,5125135
Bangalore,Plot,Unfurnished,1,1,300,7,18,34,1221638
Delhi,Apartment,Furnished,2,2,1165,14,11,27,11381047
Pune,Apartment,Unfurnished,3,3,1446,10,14,15,10244651
Mumbai,Apartment,Semi-Furnished,2,1,861,15,13,14,15437232
Pune,Apartment,Unfurnished,1,1,300,10,4,30,2007479
Hyderabad,Apartment,Semi-Furnished,2,2,958,0,17,33,8201680
Delhi,Apartment,Furnished,4,3,1980,2,12,13,28784029
Hyderabad,Apartment,Unfurnished,3,3,1470,2,22,23,9007499
Bangalore,Independent House,Furnished,5,5,2752,22,19,20,17003759
Chennai,Apartment,Unfurnished,2,1,832,4,24,33,5470024
Hyderabad,Apartment,Furnished,2,1,935,23,19,22,4283620
Chennai,Independent House,Furnished,3,2,1327,16,24,25,9280408
Delhi,Apartment,Unfurnished,2,1,838,11,4,32,7522914
Bangalore,Plot,Semi-Furnished,3,3,1395,7,7,8,6540669
Gurugram,Villa,Furnished,3,2,1231,22,25,26,6834495
Hyderabad,Apartment,Furnished,2,1,1057,18,26,28,6388723
Chennai,Apartment,Semi-Furnished,3,2,1613,18,10,29,7191504
Hyderabad,Apartment,Furnished,2,2,1021,18,18,19,6499003
Hyderabad,Apartment,Unfurnished,3,2,1294,17,20,21,6166772
Pune,Apartment,Unfurnished,5,4,2383,8,20,21,12539353
Delhi,Independent House,Unfurnished,1,1,775,11,8,25,10351986
Pune,Independent House,Unfurnished,2,2,1087,20,7,9,4924444
Hyderabad,Villa,Semi-Furnished,1,1,541,12,14,15,4480850
Gurugram,Apartment,Unfurnished,4,4,2111,18,18,29,17711907
Noida,Apartment,Unfurnished,2,1,999,2,20,21,6803863
Hyderabad,Apartment,Unfurnished,3,3,1393,16,17,20,6666438
Noida,Apartment,Semi-Furnished,4,3,2022,6,0,14,15357515
Bangalore,Plot,Semi-Furnished,1,1,389,3,26,27,1397634
Delhi,Villa,Semi-Furnished,2,2,1071,6,19,30,21371999
Hyderabad,Apartment,Unfurnished,2,1,1063,20,2,18,3793985
Gurugram,Apartment,Unfurnished,2,1,812,3,27,28,9133020
Hyderabad,Apartment,Semi-Furnished,4,3,2051,7,27,28,15010997
Delhi,Apartment,Semi-Furnished,1,1,383,14,11,28,4517945
Chennai,Apartment,Semi-Furnished,2,2,954,21,12,13,4987081
Hyderabad,Apartment,Unfurnished,2,2,966,10,0,20,5839013
Delhi,Plot,Unfurnished,2,1,939,1,4,16,6361596
Hyderabad,Independent House,Furnished,2,1,841,2,5,30,5364833
Hyderabad,Apartment,Unfurnished,3,2,1395,14,16,29,9777143
Gurugram,Apartment,Semi-Furnished,3,3,1448,22,12,24,7011898
Bangalore,Independent House,Unfurnished,3,3,1513,22,24,25,9046961
Pune,Studio,Semi-Furnished,1,1,350,16,9,15,1989711
Bangalore,Apartment,Unfurnished,4,3,2051,24,13,16,10887238
Chennai,Villa,Furnished,2,2,973,11,4,31,7960779
Pune,Plot,Unfurnished,3,2,1510,1,19,20,7445900
Mumbai,Plot,Unfurnished,5,5,2503,20,0,17,22079391
Pune,Apartment,Unfurnished,3,3,1557,11,23,24,9504166
Pune,Independent House,Semi-Furnished,2,2,747,18,27,34,4156842
Pune,Apartment,Semi-Furnished,1,1,450,8,2,6,2230788
Bangalore,Studio,Unfurnished,2,2,923,5,0,27,5620986
Delhi,Apartment,Unfurnished,3,3,1239,2,20,22,13854585
Mumbai,Independent House,Unfurnished,5,4,2313,24,16,22,34954739
Gurugram,Apartment,Semi-Furnished,4,3,1732,19,16,17,12227383
Hyderabad,Apartment,Semi-Furnished,5,5,2394,9,6,7,11342279
Noida,Apartment,Unfurnished,3,3,1472,16,12,13,7285907
Pune,Apartment,Unfurnished,1,1,300,13,15,16,1255988
Hyderabad,Villa,Semi-Furnished,2,1,1041,8,27,28,8056685
Chennai,Apartment,Semi-Furnished,3,2,1454,5,26,27,9068668
Chennai,Apartment,Semi-Furnished,3,3,1469,18,21,22,8155975
Delhi,Villa,Unfurnished,2,2,1034,5,4,28,15829919
Noida,Apartment,Furnished,3,2,1402,4,17,28,9789129
Noida,Apartment,Unfurnished,5,4,2431,9,19,20,13041154
Bangalore,Apartment,Unfurnished,3,2,1580,20,28,29,8457028
Delhi,Apartment,Unfurnished,2,2,983,20,25,26,7784499
Bangalore,Apartment,Semi-Furnished,2,1,1130,4,4,11,7792007
Hyderabad,Apartment,Semi-Furnished,5,5,2414,11,24,27,13314900
Bangalore,Villa,Furnished,3,2,1511,17,6,13,13407236
Noida,Apartment,Unfurnished,4,3,1973,16,10,33,9275874
Pune,Independent House,Unfurnished,4,3,2038,0,1,29,12557214
Chennai,Villa,Furnished,3,2,1457,7,3,13,13308401
Noida,Apartment,Semi-Furnished,1,1,388,24,9,31,1909078
Noida,Plot,Semi-Furnished,1,1,431,17,21,30,1507136
Noida,Apartment,Unfurnished,5,4,2492,5,24,30,14230749
Chennai,Apartment,Unfurnished,2,2,873,15,17,33,4888862
Hyderabad,Villa,Semi-Furnished,3,2,1477,13,18,22,10752279
Gurugram,Independent House,Unfurnished,2,1,1230,24,23,24,13812490
Pune,Apartment,Furnished,2,1,1128,0,1,13,10272016
Pune,Apartment,Furnished,2,2,1054,22,0,9,5969397
Noida,Apartment,Unfurnished,4,4,1888,21,23,24,7044704
Bangalore,Apartment,Furnished,3,2,1457,19,26,27,11458098
Mumbai,Apartment,Unfurnished,2,1,1040,13,25,26,10556706
Chennai,Villa,Semi-Furnished,3,3,1570,14,4,23,10249768
Chennai,Apartment,Semi-Furnished,3,2,1262,17,5,34,7234249
Pune,Independent House,Unfurnished,2,1,1077,1,16,25,8620266
Delhi,Apartment,Unfurnished,1,1,549,9,0,4,7840235
Noida,Villa,Furnished,1,1,469,3,14,15,4405246
Bangalore,Villa,Semi-Furnished,3,3,1401,5,4,23,9360934
Noida,Villa,Unfurnished,1,1,557,21,23,24,4217621
Delhi,Apartment,Furnished,2,2,853,9,23,32,9561295
Hyderabad,Independent House,Unfurnished,2,1,1049,12,5,29,6830683
Hyderabad,Apartment,Semi-Furnished,3,2,1489,8,20,26,8481458
Pune,Apartment,Unfurnished,3,3,1411,2,6,28,9871390
Chennai,Plot,Furnished,3,3,1514,20,5,9,6959204
Mumbai,Apartment,Unfurnished,4,4,1870,0,15,16,34344689
Delhi,Independent House,Furnished,4,4,2006,14,14,18,24481238
Noida,Independent House,Unfurnished,3,3,1334,17,16,19,8831953
Delhi,Independent House,Semi-Furnished,5,4,2420,1,22,23,35821859
Bangalore,Apartment,Semi-Furnished,2,1,1008,3,16,17,8205557
Delhi,Apartment,Semi-Furnished,4,4,1855,0,13,32,27429579
Mumbai,Apartment,Unfurnished,4,3,1783,9,17,22,28046388
Bangalore,Plot,Semi-Furnished,2,1,1003,15,14,28,5217142
Hyderabad,Apartment,Semi-Furnished,4,4,1961,23,1,10,9074029
Pune,Plot,Furnished,3,3,1318,22,23,24,6255997
Mumbai,Independent House,Unfurnished,1,1,734,16,19,20,17078986
Gurugram,Apartment,Furnished,4,3,1975,22,4,16,14705898
Noida,Apartment,Furnished,2,2,1028,6,29,30,6396208
Delhi,Studio,Semi-Furnished,2,1,1058,17,12,13,7892601
Noida,Studio,Unfurnished,4,4,1970,7,27,28,10861076
Delhi,Plot,Furnished,3,3,1572,1,24,25,13226733
Noida,Plot,Unfurnished,3,2,1485,13,9,30,4039055
Gurugram,Apartment,Semi-Furnished,4,3,1684,15,20,21,16571958
Hyderabad,Apartment,Semi-Furnished,3,2,1552,24,13,22,6278128
Pune,Apartment,Unfurnished,2,2,1012,16,28,29,4970708
Noida,Plot,Unfurnished,4,3,2227,17,23,24,6755433
Gurugram,Plot,Unfurnished,1,1,300,10,18,28,1163591
Delhi,Apartment,Furnished,2,2,1058,20,20,31,12121338
Mumbai,Apartment,Semi-Furnished,2,2,940,4,25,28,15608993
Gurugram,Villa,Furnished,3,2,1402,6,15,30,23726552
Chennai,Apartment,Semi-Furnished,3,2,1435,12,28,29,11707229
Bangalore,Apartment,Unfurnished,3,2,1413,21,13,27,7329983
Pune,Villa,Semi-Furnished,2,2,1229,12,26,27,11263024
Mumbai,Apartment,Unfurnished,2,2,1038,2,17,31,17690834
Chennai,Apartment,Unfurnished,3,3,1303,2,14,19,6964941
Chennai,Apartment,Furnished,3,3,1519,5,22,23,8184712
Bangalore,Apartment,Semi-Furnished,1,1,392,1,25,27,2659631
Noida,Villa,Furnished,2,2,999,24,12,15,7230555
Pune,Villa,Furnished,3,3,1608,6,16,23,14878646
Gurugram,Independent House,Semi-Furnished,2,1,890,17,15,16,4285142
Delhi,Independent House,Unfurnished,5,4,2452,7,17,23,31188367
Gurugram,Apartment,Semi-Furnished,2,2,769,1,8,10,8566043
Bangalore,Apartment,Furnished,4,4,1954,5,21,22,14980505
Pune,Villa,Semi-Furnished,2,1,1071,22,12,25,8782202
Gurugram,Independent House,Unfurnished,2,1,1002,1,14,15,10490184
Delhi,Apartment,Furnished,3,2,1416,17,13,14,10633138
Pune,Apartment,Unfurnished,2,1,1157,5,17,27,6775423
Chennai,Apartment,Semi-Furnished,1,1,300,20,9,14,2135561
Gurugram,Apartment,Semi-Furnished,3,2,1548,19,25,26,15921804
Gurugram,Studio,Unfurnished,3,3,1588,4,0,13,10202435
Noida,Apartment,Unfurnished,1,1,462,12,10,16,2630631
Bangalore,Independent House,Semi-Furnished,5,5,2276,7,1,29,14734225
Mumbai,Apartment,Furnished,3,2,1501,21,16,33,21778035
Bangalore,Apartment,Semi-Furnished,2,2,908,2,28,29,4738471
Noida,Apartment,Unfurnished,2,1,936,18,6,32,5740963
Hyderabad,Villa,Semi-Furnished,3,3,1548,6,10,16,14329299
Noida,Apartment,Furnished,2,2,750,16,27,32,5665024
Hyderabad,Apartment,Furnished,3,2,1676,16,15,32,10451995
Bangalore,Studio,Semi-Furnished,2,1,885,4,2,8,5397763
Bangalore,Apartment,Unfurnished,2,1,1044,7,14,28,5452560
Mumbai,Villa,Unfurnished,2,2,1023,23,4,8,16427881
Pune,Plot,Semi-Furnished,1,1,534,13,25,26,2020618
Bangalore,Villa,Unfurnished,4,4,1916,4,1,27,13778559
Delhi,Plot,Semi-Furnished,2,1,880,7,20,32,6642796
Delhi,Studio,Unfurnished,2,1,940,14,4,24,7540112
Delhi,Apartment,Furnished,2,1,937,6,24,25,12130544
Pune,Villa,Unfurnished,5,4,2590,23,18,19,19096893
Noida,Independent House,Semi-Furnished,2,1,739,16,25,26,3910285
Pune,Independent House,Unfurnished,2,1,1179,9,6,33,8070931
Delhi,Apartment,Semi-Furnished,2,1,984,23,5,34,8299313
Gurugram,Plot,Furnished,1,1,348,7,21,29,1935112
Noida,Villa,Semi-Furnished,3,3,1254,24,24,25,8963285
Bangalore,Apartment,Unfurnished,4,4,2000,1,24,25,16989753
Hyderabad,Studio,Unfurnished,3,2,1431,4,6,30,7590946
Pune,Apartment,Semi-Furnished,2,2,908,14,25,28,6556864
Chennai,Apartment,Furnished,3,2,1467,4,25,26,9662906
Hyderabad,Apartment,Unfurnished,1,1,502,19,22,23,2873639
Bangalore,Apartment,Semi-Furnished,3,3,1768,13,17,34,10637548
Chennai,Apartment,Semi-Furnished,3,2,1489,18,15,19,7757824
Chennai,Independent House,Furnished,2,2,944,23,10,11,5712492
Mumbai,Independent House,Furnished,2,2,1067,4,11,18,24844016
Mumbai,Apartment,Semi-Furnished,2,2,932,11,16,27,13958179
Mumbai,Independent House,Unfurnished,4,3,2046,12,4,13,35950361
Bangalore,Plot,Unfurnished,2,2,788,9,11,16,1977042
Delhi,Apartment,Semi-Furnished,3,3,1266,6,22,23,16375581
Chennai,Villa,Semi-Furnished,3,3,1238,2,8,21,9410763
Gurugram,Apartment,Unfurnished,1,1,490,0,27,28,6060121
Pune,Apartment,Unfurnished,2,1,937,13,12,13,4383459
Hyderabad,Studio,Unfurnished,2,2,900,18,15,16,4678812
Gurugram,Plot,Unfurnished,2,2,825,0,10,32,4535065
Delhi,Apartment,Semi-Furnished,3,3,1462,22,8,32,14608859
Noida,Apartment,Semi-Furnished,2,1,985,16,28,29,6414214
Mumbai,Villa,Semi-Furnished,3,3,1429,15,4,27,24366758
Bangalore,Apartment,Furnished,3,3,1155,24,28,31,6934938
Hyderabad,Villa,Unfurnished,4,4,1869,13,27,28,14752440
Noida,Studio,Unfurnished,1,1,466,14,26,27,1820083
Pune,Apartment,Furnished,3,3,1379,10,1,5,7513146
Noida,Independent House,Furnished,1,1,717,13,27,31,7592034
Pune,Independent House,Unfurnished,3,3,1428,8,20,21,8573521
Bangalore,Apartment,Furnished,3,3,1506,4,26,27,13614113
Pune,Apartment,Unfurnished,3,2,1455,7,2,29,9711589
Mumbai,Apartment,Furnished,4,3,1993,12,11,12,30182129
Chennai,Plot,Furnished,3,3,1554,22,5,9,3723089
Mumbai,Independent House,Semi-Furnished,2,1,958,8,28,29,19401792
Hyderabad,Plot,Unfurnished,2,1,982,4,27,28,3713250
Gurugram,Apartment,Semi-Furnished,2,1,884,8,6,20,8255824
Mumbai,Independent House,Semi-Furnished,5,4,2383,15,14,15,45787406
Chennai,Apartment,Semi-Furnished,3,3,1294,10,12,13,6398597
Pune,Apartment,Unfurnished,3,2,1602,17,13,14,10716948
Mumbai,Apartment,Unfurnished,1,1,459,5,17,30,8017950
Mumbai,Plot,Semi-Furnished,2,2,827,13,7,14,9894376
Noida,Villa,Semi-Furnished,3,3,1317,16,0,27,7957799
Noida,Apartment,Furnished,3,3,1385,15,7,8,9135204
Chennai,Villa,Unfurnished,3,2,1447,5,12,13,8566501
Hyderabad,Apartment,Unfurnished,2,1,993,18,15,28,4225315
Pune,Apartment,Furnished,4,3,1765,19,9,34,11238975
Mumbai,Apartment,Unfurnished,2,2,1098,2,22,23,20486120
Noida,Independent House,Unfurnished,4,4,2128,15,2,20,11787685
Delhi,Plot,Semi-Furnished,3,3,1373,9,26,27,11494410
Gurugram,Independent House,Unfurnished,2,2,1272,12,25,26,9943734
Chennai,Plot,Semi-Furnished,1,1,381,16,18,21,1645738
Hyderabad,Apartment,Semi-Furnished,3,3,1531,7,15,23,6897496
Delhi,Apartment,Semi-Furnished,3,2,1359,13,11,15,12925309
Bangalore,Villa,Semi-Furnished,1,1,343,21,22,23,2442249
Noida,Apartment,Semi-Furnished,2,1,680,1,1,30,4809768
Noida,Villa,Unfurnished,3,3,1391,17,24,25,12240659
Noida,Apartment,Unfurnished,3,2,1647,21,27,28,9067566
Mumbai,Independent House,Furnished,2,1,932,17,29,30,25348831
Mumbai,Apartment,Semi-Furnished,1,1,549,13,9,22,8949258
Noida,Independent House,Unfurnished,3,3,1457,8,21,30,9357996
Delhi,Independent House,Unfurnished,3,3,1430,18,28,29,14757764
Bangalore,Independent House,Semi-Furnished,2,1,813,24,16,17,5896342
Hyderabad,Apartment,Semi-Furnished,2,1,796,4,20,21,6487421
Hyderabad,Plot,Unfurnished,5,4,2378,23,17,18,7815608
Chennai,Studio,Semi-Furnished,4,4,1832,3,11,14,8581818
Mumbai,Apartment,Furnished,2,2,766,23,21,29,12623606
Delhi,Apartment,Semi-Furnished,5,4,2397,0,19,20,36760617
Chennai,Apartment,Semi-Furnished,3,3,1529,20,1,22,9026925
Delhi,Villa,Semi-Furnished,2,2,940,23,29,30,12622914
Gurugram,Plot,Semi-Furnished,1,1,358,19,0,5,1976370
Bangalore,Apartment,Unfurnished,2,2,1207,14,24,25,6092463
Bangalore,Villa,Unfurnished,2,2,1031,15,19,22,9723379
Hyderabad,Villa,Semi-Furnished,2,2,730,6,18,19,5126167
Bangalore,Apartment,Unfurnished,2,1,767,5,0,32,4802463
Gurugram,Villa,Unfurnished,4,3,1771,19,3,10,18889813
Hyderabad,Apartment,Semi-Furnished,3,3,1440,17,13,26,10408078
Hyderabad,Apartment,Furnished,3,3,1515,6,1,26,8879554
Mumbai,Apartment,Semi-Furnished,3,3,1599,18,3,11,17833729
Mumbai,Apartment,Semi-Furnished,1,1,341,0,27,28,5291626
Bangalore,Apartment,Furnished,5,4,2407,20,22,25,15819428
Noida,Studio,Unfurnished,2,1,978,14,17,18,4212216
Mumbai,Apartment,Unfurnished,3,3,1547,13,28,29,14646987
Noida,Apartment,Furnished,3,3,1424,11,28,29,11129932
Delhi,Plot,Unfurnished,1,1,449,8,0,11,2799921
Gurugram,Apartment,Unfurnished,2,1,933,20,17,29,4456077
Hyderabad,Apartment,Unfurnished,3,2,1510,11,1,31,6810436
Hyderabad,Independent House,Semi-Furnished,2,1,939,10,5,25,7537742
Hyderabad,Apartment,Unfurnished,2,1,960,3,0,29,6044072
Hyderabad,Villa,Semi-Furnished,1,1,431,3,26,30,2593975
Gurugram,Independent House,Furnished,3,2,1585,18,12,32,13594742
Gurugram,Apartment,Semi-Furnished,2,1,1009,1,6,10,6526510
Hyderabad,Apartment,Semi-Furnished,3,3,1428,19,28,29,5552711
Mumbai,Apartment,Unfurnished,4,4,1985,2,28,29,31405297
Bangalore,Apartment,Unfurnished,2,1,877,7,2,13,4995170
Hyderabad,Apartment,Semi-Furnished,3,2,1314,24,28,29,5722151
Delhi,Villa,Semi-Furnished,2,2,1002,21,7,23,17312637
Delhi,Villa,Unfurnished,3,3,1535,10,26,27,13335547
Chennai,Plot,Semi-Furnished,2,2,873,13,29,30,3427828
Pune,Studio,Semi-Furnished,1,1,410,0,4,15,2261745
Delhi,Apartment,Semi-Furnished,2,1,1043,22,20,21,7976046
Delhi,Villa,Furnished,2,2,845,20,23,29,13457761
Delhi,Apartment,Semi-Furnished,2,1,1093,24,11,12,13795136
Mumbai,Apartment,Unfurnished,3,3,1481,8,17,18,27797173
Gurugram,Independent House,Semi-Furnished,4,4,1886,9,16,18,23823813
Noida,Apartment,Furnished,2,1,1063,9,29,30,7635345
Bangalore,Villa,Furnished,2,1,1076,16,23,24,11868345
Gurugram,Plot,Semi-Furnished,2,2,900,2,4,12,6217977
Noida,Apartment,Semi-Furnished,4,4,2206,19,20,28,12142665
Chennai,Independent House,Unfurnished,2,1,887,6,20,21,5020292
Gurugram,Studio,Unfurnished,3,2,1569,11,25,26,9439092
Hyderabad,Independent House,Unfurnished,1,1,460,17,26,27,2605931
Mumbai,Independent House,Furnished,2,1,932,9,21,22,13915242
Mumbai,Apartment,Semi-Furnished,4,3,1907,20,3,8,27723018
Gurugram,Apartment,Furnished,3,3,1503,6,28,29,19787436
Chennai,Apartment,Semi-Furnished,3,2,1373,11,11,28,10610237
Gurugram,Apartment,Unfurnished,3,2,1398,13,3,21,9956537
Pune,Independent House,Semi-Furnished,2,1,1011,9,1,33,7056947
Chennai,Apartment,Unfurnished,1,1,519,20,5,13,2842831
Chennai,Studio,Unfurnished,2,1,933,7,11,12,4222597
Mumbai,Apartment,Unfurnished,4,3,2036,4,13,16,33138379
Hyderabad,Independent House,Semi-Furnished,2,1,901,23,2,7,5359012
Pune,Apartment,Furnished,2,2,985,19,21,22,6951706
Chennai,Independent House,Unfurnished,3,2,1429,0,20,34,11404375
Pune,Independent House,Semi-Furnished,2,2,994,11,12,20,5744101
Delhi,Independent House,Semi-Furnished,3,3,1409,15,18,19,20643110
Gurugram,Apartment,Unfurnished,3,2,1501,11,16,17,16041867
Pune,Apartment,Semi-Furnished,2,2,800,6,12,24,5866671
Pune,Apartment,Semi-Furnished,2,1,1053,1,3,32,6926213
Delhi,Apartment,Unfurnished,2,1,986,15,22,23,11800048
Bangalore,Apartment,Furnished,5,5,2298,4,21,22,21573051
Chennai,Studio,Semi-Furnished,2,1,993,24,9,17,4173419
Hyderabad,Apartment,Semi-Furnished,2,1,956,24,15,28,4938349
Gurugram,Apartment,Semi-Furnished,3,2,1576,23,0,27,10565219
Noida,Independent House,Semi-Furnished,4,4,1921,23,0,18,12194164
Chennai,Plot,Semi-Furnished,2,2,702,2,28,29,2806888
Delhi,Apartment,Unfurnished,3,2,1383,7,11,30,16757591
Chennai,Apartment,Furnished,1,1,541,5,7,27,3058150
Pune,Independent House,Furnished,4,4,1858,4,7,29,12681941
Hyderabad,Villa,Semi-Furnished,5,4,2331,22,26,27,9438378
Noida,Apartment,Unfurnished,2,2,1013,1,8,16,5608297
Bangalore,Apartment,Unfurnished,4,4,1903,15,25,26,12620996
Delhi,Apartment,Furnished,1,1,413,0,6,7,6051383
Delhi,Villa,Unfurnished,3,3,1408,15,12,29,14829879
Hyderabad,Plot,Semi-Furnished,2,1,873,18,6,26,2241613
Gurugram,Independent House,Furnished,1,1,567,15,6,21,4211606
Pune,Plot,Unfurnished,2,2,1092,21,12,30,3837697
Gurugram,Apartment,Unfurnished,1,1,629,7,8,14,5923953
Bangalore,Apartment,Unfurnished,1,1,441,13,2,29,1995384
Delhi,Apartment,Unfurnished,3,2,1393,4,4,9,17639163
Pune,Villa,Semi-Furnished,2,1,805,19,24,25,6031160
Gurugram,Apartment,Semi-Furnished,5,4,2724,12,18,19,30091862
Gurugram,Apartment,Unfurnished,4,4,1856,21,25,26,9308018
Noida,Apartment,Unfurnished,4,4,1923,21,28,29,9591530
Pune,Villa,Unfurnished,3,2,1329,12,25,26,12163439
Gurugram,Apartment,Unfurnished,3,3,1344,3,13,14,15646646
Delhi,Apartment,Semi-Furnished,4,3,1821,11,11,34,17508622
Gurugram,Independent House,Semi-Furnished,3,3,1387,9,18,19,15865839
Gurugram,Apartment,Furnished,2,1,978,9,25,34,9387102
Mumbai,Apartment,Unfurnished,2,2,1109,7,0,5,20593338
Bangalore,Independent House,Unfurnished,3,2,1487,21,4,22,11121345
Gurugram,Villa,Unfurnished,1,1,424,18,17,18,4919645
Chennai,Apartment,Unfurnished,2,2,948,16,11,21,3840599
Chennai,Studio,Unfurnished,3,2,1363,1,7,25,6265336
Delhi,Apartment,Semi-Furnished,3,2,1585,24,26,27,9982535
Hyderabad,Apartment,Semi-Furnished,2,2,927,11,18,19,4600060
Pune,Apartment,Unfurnished,3,3,1480,21,9,31,6803777
Pune,Apartment,Unfurnished,3,3,1511,16,26,32,10586265
Bangalore,Villa,Unfurnished,3,3,1684,10,14,26,17325815
Delhi,Apartment,Semi-Furnished,4,4,2025,11,24,30,18124008
Pune,Independent House,Unfurnished,2,1,1005,6,23,24,5611860
Hyderabad,Independent House,Unfurnished,2,2,1029,22,17,27,5803515
Hyderabad,Apartment,Unfurnished,2,1,886,20,20,24,5122707
Noida,Independent House,Semi-Furnished,1,1,461,20,16,32,3510111
Noida,Independent House,Semi-Furnished,3,3,1566,19,22,24,12324474
Pune,Apartment,Unfurnished,5,5,2388,3,26,27,14691453
Hyderabad,Apartment,Furnished,2,2,1121,15,29,30,4472365
Chennai,Apartment,Unfurnished,2,2,800,12,10,33,4393908
Mumbai,Apartment,Unfurnished,2,2,998,16,27,28,13450660
Delhi,Independent House,Semi-Furnished,2,2,928,17,14,15,13381671
Delhi,Apartment,Unfurnished,3,3,1503,4,29,30,18370877
Delhi,Villa,Semi-Furnished,4,4,2087,18,24,25,33643160
Noida,Villa,Unfurnished,4,3,1624,1,2,25,14589493
Gurugram,Apartment,Unfurnished,2,2,1102,8,15,16,10343812
Noida,Apartment,Furnished,5,5,2413,2,0,21,16590249
Hyderabad,Apartment,Unfurnished,3,3,1506,10,4,21,8199100
Mumbai,Villa,Unfurnished,3,3,1458,22,9,34,18238099
Bangalore,Villa,Unfurnished,2,1,967,20,22,23,9479359
Hyderabad,Studio,Unfurnished,2,1,893,17,22,32,3630618
Gurugram,Apartment,Unfurnished,2,1,917,7,2,4,7969030
Pune,Apartment,Semi-Furnished,5,5,2323,18,5,16,13264002
Noida,Apartment,Furnished,1,1,455,20,11,25,3113167
Noida,Villa,Unfurnished,2,2,984,0,8,10,11117231
Hyderabad,Apartment,Semi-Furnished,1,1,302,1,27,29,2016526
Pune,Villa,Furnished,3,2,1491,0,12,13,13637678
Bangalore,Apartment,Unfurnished,2,2,1037,16,2,19,4090601
Mumbai,Apartment,Semi-Furnished,2,2,903,9,18,25,15368317
Noida,Villa,Semi-Furnished,4,4,1802,17,17,24,10457459
Chennai,Plot,Semi-Furnished,2,1,604,4,23,24,3386877
Gurugram,Villa,Furnished,1,1,461,22,24,25,3936332
Delhi,Plot,Semi-Furnished,2,2,1185,7,18,19,7342049
Noida,Apartment,Unfurnished,2,1,1015,10,21,22,3890228
Pune,Independent House,Semi-Furnished,2,2,929,4,9,30,7868965
Hyderabad,Villa,Semi-Furnished,2,2,1180,14,21,30,10374925
Gurugram,Apartment,Unfurnished,2,1,1067,15,25,26,9972675
Delhi,Apartment,Semi-Furnished,3,2,1389,14,23,24,12209748
Mumbai,Villa,Semi-Furnished,3,2,1387,14,5,7,25186937
Delhi,Studio,Unfurnished,4,3,1798,9,19,20,23004948
Pune,Apartment,Furnished,4,3,1896,17,24,25,10084259
Chennai,Apartment,Semi-Furnished,2,1,934,21,22,23,5578315
Bangalore,Villa,Furnished,1,1,481,7,12,18,6152897
Delhi,Independent House,Semi-Furnished,4,3,2034,24,2,5,17451901
Delhi,Plot,Unfurnished,2,1,1083,6,7,9,9070820
Noida,Studio,Unfurnished,2,1,1152,24,11,34,4351755
Bangalore,Apartment,Semi-Furnished,1,1,485,0,12,13,3541660
Mumbai,Independent House,Unfurnished,3,2,1513,16,4,34,23809853
Bangalore,Independent House,Unfurnished,4,3,1860,0,29,30,15577439
Gurugram,Apartment,Unfurnished,1,1,469,11,8,11,3388948
Mumbai,Plot,Semi-Furnished,3,2,1511,14,14,15,16770896
Delhi,Independent House,Unfurnished,3,3,1262,1,10,27,16911346
Chennai,Apartment,Unfurnished,2,1,1000,14,5,9,6439714
Bangalore,Villa,Semi-Furnished,3,2,1485,16,17,18,12438352
Delhi,Apartment,Semi-Furnished,3,3,1449,5,19,20,19052118
Mumbai,Apartment,Furnished,3,3,1622,8,12,13,30603316
Gurugram,Independent House,Semi-Furnished,5,4,2544,23,10,33,31524284
Hyderabad,Apartment,Furnished,3,3,1568,21,20,30,5421308
Delhi,Studio,Unfurnished,4,4,1904,0,0,22,22027841
Hyderabad,Apartment,Unfurnished,3,3,1569,22,2,23,6918593
Hyderabad,Apartment,Furnished,2,1,1119,24,19,20,6146239
Bangalore,Villa,Unfurnished,4,4,1925,19,4,22,12780458
Mumbai,Independent House,Furnished,5,5,2456,11,10,12,45777179
Bangalore,Independent House,Semi-Furnished,5,4,2500,10,1,9,12806366
Pune,Apartment,Semi-Furnished,1,1,406,16,6,27,2363976
Gurugram,Apartment,Furnished,2,2,897,5,4,29,8464580
Bangalore,Apartment,Unfurnished,4,3,2071,8,21,33,14860131
Chennai,Plot,Furnished,2,2,994,10,3,31,4858354
Noida,Apartment,Unfurnished,4,3,1867,7,1,28,10245180
Chennai,Apartment,Unfurnished,4,4,1868,5,2,18,15651731
Mumbai,Apartment,Semi-Furnished,2,2,1026,23,1,28,16017822
Noida,Independent House,Unfurnished,3,2,1363,13,20,21,9397111
Hyderabad,Villa,Unfurnished,3,2,1396,17,1,25,7979572
Pune,Apartment,Furnished,4,3,1902,7,13,24,6043473
Mumbai,Apartment,Semi-Furnished,1,1,402,10,22,23,8427054
Pune,Apartment,Semi-Furnished,2,2,1105,18,27,28,8650975
Delhi,Villa,Semi-Furnished,4,4,2149,8,16,32,40007851
Chennai,Plot,Semi-Furnished,2,2,807,18,19,20,3123919
Bangalore,Independent House,Furnished,2,2,890,1,18,30,7192105
Noida,Independent House,Semi-Furnished,1,1,604,6,24,31,5240616
Noida,Independent House,Semi-Furnished,3,3,1348,20,13,14,8540411
Noida,Apartment,Furnished,1,1,310,13,8,20,2032539
Chennai,Independent House,Semi-Furnished,1,1,361,23,21,22,2037511
Pune,Apartment,Semi-Furnished,4,4,1894,17,3,23,10847195
Chennai,Apartment,Semi-Furnished,5,5,2509,21,22,32,15937721
Noida,Apartment,Furnished,2,1,976,20,15,16,5154158
Pune,Villa,Unfurnished,1,1,578,10,20,32,4788482
Hyderabad,Plot,Unfurnished,4,4,1869,18,26,27,5604812
Pune,Plot,Unfurnished,2,1,872,24,21,31,2500979
Noida,Studio,Unfurnished,4,4,2101,2,22,31,10247026
Chennai,Apartment,Furnished,3,2,1390,1,15,29,13365176
Delhi,Apartment,Semi-Furnished,1,1,671,23,25,28,5234108
Gurugram,Plot,Furnished,2,2,1034,12,4,10,7401276
Chennai,Apartment,Furnished,1,1,374,6,8,9,2030053
Noida,Apartment,Semi-Furnished,2,1,831,20,18,32,2510958
Pune,Independent House,Semi-Furnished,2,1,1038,1,25,26,8479946
Chennai,Apartment,Unfurnished,2,1,1208,17,10,29,6297370
Pune,Independent House,Furnished,1,1,415,20,22,23,2731308
Chennai,Independent House,Unfurnished,2,2,1014,18,5,6,6397283
Chennai,Apartment,Furnished,4,3,1872,17,20,22,12948700
Mumbai,Independent House,Semi-Furnished,3,2,1702,9,7,17,33553682
Delhi,Independent House,Furnished,2,2,1070,15,8,24,16114138
Bangalore,Apartment,Semi-Furnished,2,1,870,5,13,34,6942178
Noida,Apartment,Unfurnished,2,2,1094,8,5,8,6701984
Chennai,Villa,Unfurnished,3,2,1168,16,9,16,7571184
Delhi,Apartment,Unfurnished,3,3,1345,19,16,34,12828323
Delhi,Plot,Furnished,2,2,984,15,20,30,9491571
Chennai,Independent House,Unfurnished,3,2,1568,7,25,34,12636427
Noida,Plot,Semi-Furnished,3,3,1266,22,8,15,4103626
Hyderabad,Apartment,Unfurnished,1,1,738,1,26,28,3946518
Pune,Apartment,Unfurnished,4,4,2031,7,26,33,12347339
Noida,Apartment,Semi-Furnished,2,1,778,7,28,29,6494443
Gurugram,Villa,Furnished,3,3,1403,12,8,28,17740767
Pune,Villa,Semi-Furnished,4,3,1871,12,11,32,11498630
Chennai,Independent House,Semi-Furnished,5,5,2264,1,7,22,17646232
Mumbai,Apartment,Unfurnished,1,1,467,3,13,25,7134864
Gurugram,Apartment,Furnished,2,2,762,24,6,8,5874235
Gurugram,Apartment,Semi-Furnished,3,2,1610,3,28,29,15003220
Chennai,Apartment,Semi-Furnished,4,4,1991,5,18,19,7878009
Mumbai,Apartment,Semi-Furnished,3,3,1240,18,12,16,22810166
Mumbai,Villa,Semi-Furnished,4,3,2039,3,29,30,55954730
Chennai,Studio,Furnished,4,3,1895,15,8,30,13652648
Bangalore,Plot,Unfurnished,5,5,2421,21,15,21,7179121
Chennai,Apartment,Unfurnished,3,3,1439,4,0,13,7687704
Mumbai,Apartment,Furnished,1,1,531,22,3,33,8142945
Pune,Independent House,Unfurnished,3,2,1233,3,10,15,8517206
Bangalore,Apartment,Semi-Furnished,1,1,508,1,3,33,4040736
Hyderabad,Studio,Semi-Furnished,3,2,1263,21,27,28,5107740
Hyderabad,Apartment,Semi-Furnished,2,1,1013,21,13,14,4263946
Bangalore,Villa,Furnished,2,2,825,0,9,13,7213450
Mumbai,Independent House,Semi-Furnished,3,3,1480,15,23,24,18690364
Bangalore,Apartment,Unfurnished,1,1,500,18,1,16,2415116
Bangalore,Independent House,Unfurnished,4,3,2105,17,21,22,10830211
Pune,Apartment,Unfurnished,2,2,908,16,2,12,4642900
Gurugram,Villa,Unfurnished,1,1,585,20,6,7,6073161
Noida,Apartment,Semi-Furnished,3,2,1403,21,1,12,6253269
Hyderabad,Apartment,Furnished,4,4,1989,1,5,24,14431518
Pune,Independent House,Furnished,2,1,1090,12,7,34,7549197
Bangalore,Studio,Unfurnished,4,4,1645,9,6,25,9701979
Noida,Apartment,Furnished,2,2,1201,3,2,13,7960201
Mumbai,Apartment,Unfurnished,3,2,1372,17,24,27,24192099
Bangalore,Studio,Semi-Furnished,4,4,1940,16,9,10,13913122
Mumbai,Independent House,Semi-Furnished,2,2,920,16,8,9,14146622
Chennai,Independent House,Semi-Furnished,4,4,1916,11,12,17,11650128
Bangalore,Apartment,Furnished,1,1,632,15,24,25,5210451
Noida,Independent House,Unfurnished,2,1,738,13,7,18,4733622
Chennai,Apartment,Unfurnished,2,2,796,20,27,28,4872926
Chennai,Independent House,Unfurnished,2,1,887,0,6,28,6273162
Gurugram,Apartment,Semi-Furnished,2,2,921,24,2,27,6334304
Mumbai,Apartment,Unfurnished,1,1,638,22,26,27,8898126
Gurugram,Apartment,Semi-Furnished,2,1,1181,24,22,32,11604344
Hyderabad,Apartment,Unfurnished,3,2,1440,12,1,11,8353169
Hyderabad,Apartment,Furnished,5,5,2501,12,5,12,13865732
Gurugram,Apartment,Unfurnished,3,2,1419,0,18,19,18245134
Pune,Villa,Unfurnished,3,3,1466,24,13,14,9211144
Gurugram,Apartment,Semi-Furnished,1,1,504,6,22,25,6383949
Pune,Apartment,Semi-Furnished,4,3,1750,17,15,16,8658147
Hyderabad,Independent House,Unfurnished,1,1,448,15,8,27,1843546
Bangalore,Studio,Semi-Furnished,3,2,1462,5,25,26,5343070
Pune,Villa,Semi-Furnished,5,5,2331,15,14,22,15243821
Gurugram,Apartment,Unfurnished,2,1,951,2,24,28,9973582
Delhi,Apartment,Semi-Furnished,1,1,700,2,20,33,9866303
Mumbai,Apartment,Unfurnished,4,4,1988,14,17,18,33095644
Mumbai,Villa,Unfurnished,3,3,1416,2,15,26,31507950
Gurugram,Villa,Furnished,4,3,1812,19,9,13,20891598
Mumbai,Plot,Unfurnished,1,1,558,6,3,19,5364424
Pune,Apartment,Semi-Furnished,1,1,399,7,3,31,1859890
Delhi,Plot,Furnished,2,1,1097,16,24,25,8317595
Noida,Apartment,Unfurnished,3,2,1560,14,20,23,6928816
Hyderabad,Villa,Semi-Furnished,1,1,304,7,8,9,2153502
Mumbai,Apartment,Unfurnished,4,3,1703,24,6,34,16787587
Mumbai,Apartment,Unfurnished,2,2,1038,1,26,27,19910461
Noida,Apartment,Unfurnished,4,4,1713,0,29,34,12998801
Mumbai,Apartment,Semi-Furnished,2,2,1145,1,28,31,26659459
Noida,Apartment,Semi-Furnished,2,1,1012,13,8,20,7684876
Delhi,Apartment,Semi-Furnished,4,3,2024,7,4,29,25538901
Delhi,Independent House,Unfurnished,3,3,1248,22,25,29,11437030
Delhi,Independent House,Unfurnished,2,2,885,0,9,15,10464276
Bangalore,Apartment,Unfurnished,3,3,1632,0,25,26,12126584
Mumbai,Apartment,Unfurnished,2,2,984,22,14,22,13559682
Gurugram,Apartment,Semi-Furnished,1,1,387,0,5,7,3384752
Gurugram,Independent House,Semi-Furnished,2,1,818,11,11,24,7292630
Gurugram,Studio,Unfurnished,2,1,1390,16,24,25,11740363
Hyderabad,Apartment,Semi-Furnished,2,2,995,5,2,17,7152469
Gurugram,Studio,Unfurnished,2,1,907,8,17,18,5615675
Chennai,Independent House,Furnished,2,2,995,7,26,28,7425495
Mumbai,Apartment,Unfurnished,4,3,1872,11,1,13,25154381
Mumbai,Independent House,Unfurnished,4,4,1835,14,24,25,29609232
Delhi,Independent House,Semi-Furnished,3,3,1413,1,4,17,19920726
Delhi,Independent House,Semi-Furnished,2,1,1020,5,19,23,15313224
Chennai,Apartment,Furnished,4,3,2074,10,23,24,11619180
Pune,Plot,Semi-Furnished,1,1,410,13,23,24,1700549
Hyderabad,Apartment,Unfurnished,1,1,300,23,1,16,1161092
Hyderabad,Apartment,Unfurnished,4,4,1788,15,26,27,12397462
Chennai,Independent House,Unfurnished,2,1,867,20,0,16,5180471
Mumbai,Apartment,Semi-Furnished,5,5,2415,1,16,17,48811083
Hyderabad,Villa,Furnished,2,2,906,10,27,28,6238597
Mumbai,Independent House,Furnished,2,1,886,7,3,17,18390626
Chennai,Independent House,Unfurnished,2,2,992,1,25,26,7789660
Gurugram,Apartment,Unfurnished,2,2,1183,19,12,34,6969546
Bangalore,Apartment,Unfurnished,4,3,1956,20,10,11,10256647
Chennai,Apartment,Semi-Furnished,2,1,1117,7,4,14,9834167
Bangalore,Apartment,Semi-Furnished,1,1,382,11,9,24,2826435
Mumbai,Villa,Furnished,5,4,2471,9,28,29,66196240
Mumbai,Apartment,Semi-Furnished,3,2,1517,21,23,33,19539666
Noida,Villa,Unfurnished,2,1,799,11,14,31,5919590
Pune,Independent House,Furnished,3,2,1517,14,15,16,8413849
Hyderabad,Apartment,Semi-Furnished,2,1,976,22,9,23,4970081
Chennai,Independent House,Unfurnished,3,2,1419,10,4,28,11605712
Noida,Independent House,Unfurnished,4,3,1942,18,3,25,12515551
Delhi,Apartment,Semi-Furnished,2,1,1117,11,25,31,15190286
Delhi,Apartment,Furnished,2,1,1044,14,28,29,10695658
Hyderabad,Studio,Semi-Furnished,2,1,921,2,14,19,6505672
Noida,Apartment,Semi-Furnished,4,4,1901,11,15,16,14813933
Chennai,Villa,Semi-Furnished,3,3,1630,17,6,27,9385167
Noida,Studio,Unfurnished,1,1,484,23,13,23,2220162
Gurugram,Apartment,Semi-Furnished,3,2,1421,6,16,17,9638416
Gurugram,Apartment,Unfurnished,2,1,942,19,21,23,9203751
Noida,Independent House,Unfurnished,4,4,2224,21,29,30,13937449
Delhi,Apartment,Unfurnished,3,2,1347,9,25,26,15084370
Pune,Plot,Unfurnished,3,2,1579,23,12,30,5071304
Delhi,Apartment,Unfurnished,3,3,1458,24,6,28,9735920
Delhi,Apartment,Semi-Furnished,3,2,1614,12,25,26,15995057
Chennai,Independent House,Furnished,1,1,426,8,8,25,3962260
Hyderabad,Apartment,Unfurnished,3,2,1539,23,21,32,7494905
Hyderabad,Independent House,Unfurnished,3,2,1426,14,18,19,8356601
Noida,Apartment,Unfurnished,4,3,1705,6,0,32,11268735
Gurugram,Plot,Semi-Furnished,2,2,910,7,10,31,5781851
Hyderabad,Villa,Semi-Furnished,2,2,892,22,14,15,6074356
Pune,Independent House,Unfurnished,2,1,959,9,3,23,5047782
Bangalore,Apartment,Unfurnished,1,1,359,17,16,23,1746436
Mumbai,Studio,Semi-Furnished,2,1,899,5,25,31,14372480
Delhi,Apartment,Semi-Furnished,2,1,1023,24,8,21,11536360
Bangalore,Apartment,Unfurnished,3,2,1403,0,11,22,11155279
Bangalore,Plot,Semi-Furnished,3,2,1561,24,9,34,5486839
Delhi,Apartment,Unfurnished,2,2,954,2,0,8,10906509
Pune,Apartment,Furnished,3,2,1519,0,13,25,10799862
Pune,Apartment,Semi-Furnished,3,2,1380,15,6,33,6723414
Pune,Apartment,Unfurnished,4,4,2203,18,2,22,9497922
Pune,Apartment,Unfurnished,2,1,1032,4,28,29,9303937
Delhi,Apartment,Semi-Furnished,2,2,969,22,7,23,6233127
Pune,Apartment,Semi-Furnished,4,4,1995,14,0,25,9793218
Gurugram,Villa,Unfurnished,2,2,839,5,28,29,11517776
Gurugram,Villa,Unfurnished,2,2,955,9,13,29,13509392
Hyderabad,Apartment,Semi-Furnished,4,3,2029,15,28,29,7645713
Pune,Villa,Semi-Furnished,3,2,1612,7,0,7,15729398
Chennai,Independent House,Semi-Furnished,2,1,914,15,12,13,6080922
Delhi,Independent House,Semi-Furnished,5,5,2524,18,3,4,36783934
Chennai,Apartment,Unfurnished,2,1,1023,0,26,27,7220108
Noida,Apartment,Semi-Furnished,3,2,1567,14,3,21,5560427
Pune,Apartment,Furnished,2,1,967,8,13,24,6416376
Bangalore,Villa,Furnished,5,5,2328,19,23,24,16903914
Pune,Apartment,Unfurnished,4,4,1841,6,6,7,9585468
Pune,Apartment,Unfurnished,3,3,1607,21,4,6,8369923
Delhi,Apartment,Unfurnished,2,2,878,10,2,19,7280055
Bangalore,Apartment,Furnished,2,2,1041,19,21,28,6602557
Chennai,Apartment,Furnished,1,1,445,21,25,33,2320668
Chennai,Studio,Unfurnished,1,1,493,23,18,28,1861838
Pune,Apartment,Unfurnished,1,1,626,23,22,28,3568304
Gurugram,Apartment,Unfurnished,1,1,440,17,25,26,2359592
Gurugram,Villa,Semi-Furnished,2,1,906,24,23,24,5601497
Noida,Villa,Semi-Furnished,3,2,1541,18,9,13,8883593
Chennai,Villa,Furnished,1,1,300,9,12,13,2229267
Mumbai,Apartment,Semi-Furnished,2,1,939,9,24,30,17589153
Gurugram,Independent House,Unfurnished,2,1,1198,18,28,29,7895721
Noida,Apartment,Unfurnished,2,2,746,0,11,19,3450520
Noida,Independent House,Semi-Furnished,5,4,2611,23,14,15,15125847
Noida,Independent House,Unfurnished,2,2,830,12,3,18,5349771
Gurugram,Apartment,Semi-Furnished,3,2,1291,8,7,32,10941110
Pune,Plot,Semi-Furnished,3,2,1419,21,19,32,4434057
Hyderabad,Apartment,Furnished,1,1,722,20,19,33,4109081
Chennai,Studio,Unfurnished,2,1,666,15,0,17,3131706
Gurugram,Apartment,Furnished,2,1,802,17,8,9,4423165
Mumbai,Apartment,Semi-Furnished,1,1,312,22,1,5,4411964
Noida,Apartment,Unfurnished,4,3,1645,21,2,7,7449904
Pune,Plot,Unfurnished,3,2,1273,1,13,25,4647755
Noida,Plot,Furnished,2,2,861,7,25,26,5761714
Mumbai,Apartment,Unfurnished,3,3,1742,4,25,26,30363151
Hyderabad,Apartment,Furnished,4,4,1894,2,23,24,14429493
Bangalore,Apartment,Semi-Furnished,2,1,888,2,27,30,4432488
Gurugram,Villa,Semi-Furnished,2,1,827,23,1,34,11451483
Bangalore,Villa,Unfurnished,3,3,1293,4,1,27,12843804
Pune,Studio,Unfurnished,3,3,1551,2,22,33,8558802
Mumbai,Apartment,Unfurnished,3,2,1267,19,9,18,21752695
Gurugram,Plot,Unfurnished,4,3,2033,19,14,32,9727856
Mumbai,Villa,Unfurnished,3,3,1416,0,0,23,34958157
Bangalore,Independent House,Semi-Furnished,3,3,1293,13,28,29,10889265
Pune,Apartment,Furnished,4,3,2084,14,10,15,11546971
Noida,Independent House,Unfurnished,2,2,897,22,13,24,4759754
Hyderabad,Plot,Unfurnished,4,3,1955,14,16,26,5396215
Bangalore,Apartment,Semi-Furnished,2,2,1095,21,1,31,5402317
Hyderabad,Apartment,Furnished,3,2,1882,13,27,28,11751619
Pune,Studio,Unfurnished,2,2,1103,19,15,16,4190584
Gurugram,Apartment,Unfurnished,2,2,836,21,23,24,5371019
Pune,Apartment,Furnished,5,4,2425,6,21,22,13148892
Pune,Apartment,Semi-Furnished,2,2,1041,1,24,25,8814327
Gurugram,Independent House,Semi-Furnished,1,1,300,16,14,19,2554470
Hyderabad,Studio,Semi-Furnished,2,1,972,15,22,28,5628733
Mumbai,Apartment,Semi-Furnished,4,3,1952,3,7,25,27001094
Mumbai,Apartment,Unfurnished,1,1,318,9,23,24,6750082
Gurugram,Apartment,Semi-Furnished,2,2,1026,15,29,30,6789465
Pune,Apartment,Furnished,2,2,1080,14,18,20,6734931
Delhi,Apartment,Unfurnished,4,3,1885,7,16,17,19275951
Delhi,Apartment,Furnished,4,3,1843,18,25,26,15971944
Bangalore,Apartment,Semi-Furnished,2,1,1061,16,4,24,5147002
Delhi,Apartment,Furnished,3,3,1294,3,21,22,20060956
Hyderabad,Villa,Unfurnished,3,2,1380,16,1,34,7683541
Gurugram,Apartment,Furnished,5,5,2313,22,12,22,20334995
Mumbai,Apartment,Semi-Furnished,2,1,1113,11,19,20,15780919
Gurugram,Apartment,Unfurnished,3,2,1532,11,12,13,12960334
Bangalore,Apartment,Semi-Furnished,2,2,896,24,20,21,6300222
Gurugram,Villa,Semi-Furnished,1,1,436,12,20,25,5400796
Chennai,Apartment,Unfurnished,3,3,1293,9,8,20,5883197
Mumbai,Apartment,Unfurnished,1,1,467,0,16,17,7518433
Gurugram,Villa,Unfurnished,5,4,2434,13,25,33,31627913
Gurugram,Independent House,Unfurnished,2,2,985,11,9,11,10869645
Gurugram,Apartment,Unfurnished,4,3,1988,12,8,31,15096892
Delhi,Apartment,Semi-Furnished,3,3,1543,1,27,28,15386964
Gurugram,Studio,Furnished,2,2,1224,10,24,29,11447509
Pune,Apartment,Furnished,4,4,1863,22,9,18,6672977
Noida,Independent House,Unfurnished,2,2,814,8,5,23,4514887
Noida,Independent House,Unfurnished,2,1,948,14,28,29,6504437
Mumbai,Apartment,Unfurnished,3,2,1119,24,15,22,13085674
Gurugram,Apartment,Furnished,2,2,999,14,8,10,7073181
Bangalore,Independent House,Semi-Furnished,3,3,1347,16,21,30,8128135
Noida,Independent House,Semi-Furnished,2,2,989,6,29,31,6773783
Pune,Independent House,Furnished,4,3,2071,18,20,32,18197345
Delhi,Villa,Furnished,4,4,1938,24,21,31,23525746
Hyderabad,Studio,Unfurnished,1,1,555,9,15,21,2982949
Mumbai,Villa,Semi-Furnished,1,1,624,22,29,30,12184055
Mumbai,Studio,Unfurnished,5,4,2340,16,21,22,32210076
Noida,Apartment,Semi-Furnished,2,1,1210,23,9,20,5098395
Bangalore,Apartment,Semi-Furnished,4,3,1671,24,24,25,8986403
Noida,Apartment,Semi-Furnished,3,2,1383,23,20,21,8467112
Delhi,Studio,Unfurnished,4,4,1812,1,27,28,26831105
Hyderabad,Plot,Semi-Furnished,3,3,1562,13,21,33,4463541
Hyderabad,Villa,Semi-Furnished,2,1,1154,0,20,28,9612817
Mumbai,Villa,Furnished,3,2,1503,3,26,27,40434527
Gurugram,Villa,Semi-Furnished,4,4,1981,1,0,13,16932361
Mumbai,Apartment,Unfurnished,3,3,1388,11,11,18,25181059
Chennai,Apartment,Unfurnished,4,4,1853,16,8,29,11030745
Chennai,Independent House,Furnished,2,2,746,15,20,21,5843034
Noida,Independent House,Unfurnished,4,4,2216,10,6,21,14753097
Hyderabad,Independent House,Semi-Furnished,2,2,823,1,3,24,7305172
Bangalore,Apartment,Unfurnished,4,4,1800,5,21,31,14681965
Chennai,Independent House,Unfurnished,2,1,1012,15,20,21,7670040
Noida,Apartment,Unfurnished,4,4,1822,19,10,32,6227408
Gurugram,Apartment,Furnished,3,2,1439,14,24,27,12593465
Pune,Apartment,Unfurnished,4,3,2008,9,18,20,15662090
Bangalore,Plot,Furnished,2,2,1000,24,7,28,2508011
Gurugram,Apartment,Unfurnished,2,1,981,2,27,29,8149703
Mumbai,Villa,Semi-Furnished,1,1,470,12,0,10,8169401
Chennai,Apartment,Unfurnished,2,1,896,12,28,29,6018883
Gurugram,Apartment,Unfurnished,3,2,1561,6,27,28,15717969
Delhi,Plot,Furnished,3,2,1505,23,11,23,9823745
Noida,Studio,Semi-Furnished,2,2,740,12,8,29,3571922
Delhi,Apartment,Semi-Furnished,2,2,1156,16,10,22,12559950
Pune,Apartment,Unfurnished,3,2,1624,19,22,23,9679849
Gurugram,Villa,Unfurnished,3,2,1494,4,1,30,15654305
Bangalore,Apartment,Furnished,3,3,1500,18,8,21,7924076
Gurugram,Independent House,Furnished,1,1,367,24,24,25,3846462
Chennai,Independent House,Semi-Furnished,4,4,2019,19,22,34,9900513
Pune,Independent House,Unfurnished,1,1,357,24,26,27,2046761
Chennai,Apartment,Unfurnished,2,1,857,0,14,27,5890632
Gurugram,Independent House,Furnished,3,2,1460,5,0,32,15005315
Noida,Apartment,Unfurnished,1,1,368,24,10,20,1759367
Noida,Plot,Semi-Furnished,2,1,919,0,5,21,4307350
Pune,Apartment,Unfurnished,3,3,1608,6,20,21,7689143
Chennai,Studio,Semi-Furnished,3,2,1386,18,24,27,7536364
Noida,Apartment,Unfurnished,4,4,2172,17,21,22,11917563
Pune,Plot,Furnished,2,2,709,3,1,14,2691795
Mumbai,Villa,Semi-Furnished,1,1,510,23,5,18,8264572
Mumbai,Villa,Unfurnished,3,3,1318,10,5,33,30398052
Delhi,Studio,Unfurnished,2,2,879,15,20,21,8235550
Noida,Plot,Semi-Furnished,1,1,496,17,7,14,1532756
Pune,Villa,Semi-Furnished,3,3,1479,22,27,28,13732865
Noida,Independent House,Unfurnished,2,1,826,7,7,27,4373746
Hyderabad,Plot,Semi-Furnished,3,2,1451,2,28,29,7528602
Delhi,Apartment,Unfurnished,3,2,1396,11,5,27,9971430
Noida,Apartment,Unfurnished,3,3,1543,7,28,29,8313204
Pune,Independent House,Unfurnished,3,2,1303,11,17,18,9060002
Pune,Apartment,Semi-Furnished,4,3,1970,20,6,24,9533145
Gurugram,Apartment,Unfurnished,3,3,1320,7,15,23,8410511
Delhi,Villa,Unfurnished,4,3,1915,0,6,18,29427838
Hyderabad,Apartment,Unfurnished,1,1,554,8,13,28,3540347
Noida,Apartment,Furnished,3,2,1327,3,22,23,11799682
Chennai,Independent House,Semi-Furnished,4,3,2081,14,21,22,14503109
Noida,Apartment,Furnished,1,1,476,23,26,27,2196701
Chennai,Apartment,Unfurnished,4,3,1987,23,14,15,12536559
Chennai,Apartment,Semi-Furnished,4,4,2031,7,18,32,15889058
Delhi,Apartment,Furnished,3,2,1585,13,29,30,21206757
Delhi,Apartment,Semi-Furnished,5,5,2571,21,28,29,24212435
Gurugram,Studio,Semi-Furnished,3,3,1419,20,12,28,7259461
Delhi,Apartment,Semi-Furnished,2,2,1080,11,24,25,9354104
Mumbai,Independent House,Unfurnished,3,3,1407,9,0,14,27063983
Gurugram,Independent House,Unfurnished,2,1,820,1,1,29,8835857
Hyderabad,Apartment,Unfurnished,3,2,1335,19,7,31,4464610
Gurugram,Apartment,Unfurnished,2,2,788,2,1,27,5353554
Gurugram,Studio,Semi-Furnished,3,3,1688,6,29,30,13669252
Pune,Apartment,Semi-Furnished,2,1,957,19,14,23,5315748
Bangalore,Independent House,Furnished,2,2,897,7,27,28,9337564
Hyderabad,Apartment,Unfurnished,3,3,1387,9,24,25,6745993
Gurugram,Apartment,Furnished,3,2,1579,21,17,27,12872170
Bangalore,Apartment,Semi-Furnished,3,3,1282,7,20,21,7048708
Hyderabad,Villa,Unfurnished,4,3,1935,4,22,23,13293529
Noida,Villa,Furnished,3,3,1397,4,26,33,16575287
Gurugram,Plot,Unfurnished,2,2,817,10,20,31,4918923
Noida,Villa,Unfurnished,1,1,463,13,29,30,4388814
Bangalore,Apartment,Unfurnished,4,4,1977,13,5,28,10393524
Chennai,Plot,Unfurnished,2,2,1021,23,8,21,3204648
Chennai,Apartment,Semi-Furnished,4,3,1817,24,8,29,7064505
Chennai,Independent House,Unfurnished,3,2,1548,14,11,12,7511312
Hyderabad,Independent House,Unfurnished,4,3,2085,10,5,27,15022532
Chennai,Apartment,Semi-Furnished,4,4,1900,23,26,32,9661925
Gurugram,Apartment,Furnished,4,4,1785,16,23,26,13594543
Bangalore,Apartment,Unfurnished,4,3,1973,9,28,29,18250709
Bangalore,Studio,Unfurnished,4,3,1928,2,8,28,10448717
Mumbai,Apartment,Semi-Furnished,3,2,1443,0,5,30,30328732
Chennai,Apartment,Unfurnished,2,2,887,23,26,27,4353989
Pune,Apartment,Furnished,4,4,2089,23,12,23,12569922
Hyderabad,Studio,Unfurnished,4,3,1951,3,6,18,12175640
Gurugram,Independent House,Semi-Furnished,4,3,1792,0,5,30,22443413
Delhi,Studio,Unfurnished,3,2,1504,20,17,18,9708660
Bangalore,Apartment,Furnished,3,2,1499,12,7,13,11635017
Chennai,Independent House,Semi-Furnished,5,4,2456,7,24,25,12878319
Bangalore,Independent House,Unfurnished,3,3,1544,20,21,32,8917531
Chennai,Apartment,Unfurnished,2,1,902,7,11,12,4746990
Mumbai,Independent House,Unfurnished,2,2,1017,22,28,29,14907222
Gurugram,Apartment,Unfurnished,3,2,1555,5,8,22,11147887
Noida,Villa,Unfurnished,4,4,1852,3,3,27,12506607
Pune,Apartment,Unfurnished,2,2,876,7,6,10,5214825
Bangalore,Apartment,Furnished,5,5,2451,24,1,6,11913476
Hyderabad,Apartment,Furnished,2,1,920,3,28,29,5840857
Bangalore,Apartment,Unfurnished,2,2,997,4,8,26,5866618
Delhi,Studio,Semi-Furnished,2,1,928,20,26,27,9893400
Chennai,Apartment,Furnished,4,4,1980,8,23,24,14231919
Mumbai,Apartment,Semi-Furnished,3,2,1416,13,9,22,30038547
Gurugram,Apartment,Unfurnished,4,3,2008,6,18,19,16333891
Pune,Independent House,Furnished,2,2,1082,2,4,19,9323899
Pune,Apartment,Unfurnished,2,2,761,7,18,19,5139304
Mumbai,Independent House,Unfurnished,3,3,1442,17,20,21,23871744
Hyderabad,Plot,Unfurnished,4,3,2015,6,8,16,7002361
Mumbai,Apartment,Unfurnished,3,3,1423,16,9,10,18654290
Gurugram,Apartment,Furnished,3,3,1417,5,5,17,13261726
Chennai,Apartment,Semi-Furnished,2,1,848,15,2,10,5324436
Hyderabad,Studio,Furnished,2,1,829,13,11,22,5053523
Chennai,Independent House,Unfurnished,2,2,848,15,8,29,5043365
Gurugram,Apartment,Semi-Furnished,3,3,1497,23,26,27,13437544
Chennai,Apartment,Unfurnished,2,2,1142,11,6,17,6333007
Gurugram,Villa,Unfurnished,3,3,1466,3,4,15,15023905
Bangalore,Apartment,Furnished,2,1,823,8,5,34,7074877
Bangalore,Independent House,Unfurnished,2,2,1035,24,26,27,5921694
Noida,Apartment,Unfurnished,2,2,1092,0,20,21,8133416
Chennai,Apartment,Unfurnished,3,2,1514,17,24,25,6697364
Chennai,Apartment,Unfurnished,2,1,859,23,4,5,4030104
Delhi,Apartment,Semi-Furnished,4,4,2013,24,10,28,22185168
Bangalore,Apartment,Semi-Furnished,1,1,577,5,22,23,4573127
Chennai,Studio,Unfurnished,3,2,1538,8,19,20,6439806
Chennai,Apartment,Semi-Furnished,4,3,2043,19,29,31,8793364
Noida,Independent House,Semi-Furnished,2,2,831,9,14,15,5875489
Pune,Independent House,Furnished,5,4,2417,1,20,32,25898173
Noida,Apartment,Semi-Furnished,3,3,1409,19,7,8,7001330
Noida,Apartment,Unfurnished,1,1,429,12,4,24,1280714
Bangalore,Apartment,Unfurnished,3,2,1378,16,25,32,6285951
Hyderabad,Independent House,Semi-Furnished,4,4,1815,2,11,26,12861152
Bangalore,Plot,Unfurnished,2,1,940,1,15,17,4558145
Hyderabad,Independent House,Unfurnished,3,2,1341,0,19,20,6473449
Bangalore,Villa,Furnished,3,2,1454,4,24,34,17443478
Mumbai,Apartment,Unfurnished,3,2,1350,23,18,27,15572011
Pune,Apartment,Unfurnished,2,2,869,13,1,24,6253174
Noida,Apartment,Unfurnished,2,2,777,19,21,33,4960769
Gurugram,Apartment,Unfurnished,3,2,1276,14,19,20,13408318
Chennai,Studio,Furnished,3,3,1582,20,27,28,7675544
Chennai,Apartment,Furnished,4,4,1944,0,23,31,15877172
Gurugram,Apartment,Semi-Furnished,3,2,1437,19,13,20,9846964
Noida,Apartment,Unfurnished,3,3,1371,19,29,30,6989965
Delhi,Apartment,Semi-Furnished,1,1,400,20,16,20,3199610
Mumbai,Apartment,Semi-Furnished,4,4,2074,20,19,26,31704604
Chennai,Apartment,Semi-Furnished,3,2,1413,0,28,29,10326456
Pune,Villa,Unfurnished,3,3,1677,5,7,28,14751846
Delhi,Apartment,Furnished,3,2,1246,19,20,30,18926081
Bangalore,Apartment,Furnished,2,1,1183,5,15,21,7761655
Noida,Studio,Unfurnished,1,1,456,7,3,22,2711369
Gurugram,Apartment,Furnished,1,1,300,4,11,12,3661290
Mumbai,Apartment,Semi-Furnished,2,2,869,10,19,23,17309116
Noida,Apartment,Unfurnished,3,3,1453,5,23,24,8065996
Bangalore,Apartment,Furnished,2,1,894,24,29,30,6480131
Bangalore,Apartment,Semi-Furnished,5,4,2283,0,4,32,13534078
Chennai,Plot,Semi-Furnished,3,2,1463,23,0,10,5089016
Hyderabad,Apartment,Unfurnished,3,2,1326,6,15,26,5609969
Gurugram,Apartment,Semi-Furnished,1,1,511,16,19,23,4331613
Delhi,Apartment,Semi-Furnished,4,3,1695,12,23,28,19555026
Hyderabad,Villa,Unfurnished,3,2,1452,9,27,28,8574865
Pune,Apartment,Unfurnished,4,3,2002,9,23,24,10078705
Pune,Independent House,Semi-Furnished,4,4,2105,21,1,23,13133388
Bangalore,Apartment,Unfurnished,2,2,986,1,16,34,8402784
Bangalore,Apartment,Furnished,2,1,796,17,2,18,4158193
Delhi,Apartment,Furnished,3,2,1671,9,29,30,17637710
Hyderabad,Villa,Unfurnished,4,3,1982,20,0,14,8876655
Noida,Villa,Furnished,4,4,1810,16,11,17,13942165
Bangalore,Villa,Furnished,1,1,619,8,23,24,6753653
Hyderabad,Apartment,Furnished,1,1,404,8,2,30,2747854
Noida,Independent House,Unfurnished,1,1,580,8,27,28,2929115
Pune,Apartment,Semi-Furnished,4,3,2016,2,26,32,16600669
Mumbai,Apartment,Semi-Furnished,5,5,2187,9,6,34,33263243
Bangalore,Independent House,Semi-Furnished,5,5,2335,17,21,22,15844965
Pune,Apartment,Unfurnished,2,2,970,5,8,32,6856178
Mumbai,Apartment,Furnished,3,2,1334,8,3,32,35074945
Noida,Studio,Furnished,4,3,1709,12,14,15,8618083
Gurugram,Apartment,Unfurnished,2,2,915,12,19,28,9818045
Hyderabad,Independent House,Unfurnished,2,1,833,17,3,22,3815759
Pune,Apartment,Furnished,2,1,701,4,27,28,5469034
Gurugram,Apartment,Furnished,1,1,524,17,17,18,4465457
Noida,Plot,Semi-Furnished,4,4,1852,23,23,24,6900290
Pune,Villa,Semi-Furnished,3,2,1545,1,27,28,16559343
Bangalore,Studio,Semi-Furnished,2,1,952,5,5,20,6607176
Noida,Independent House,Unfurnished,2,1,895,15,25,34,5511491
Hyderabad,Studio,Unfurnished,4,3,1848,21,15,32,5175442
Delhi,Plot,Semi-Furnished,3,3,1417,6,24,25,10702157
Delhi,Plot,Semi-Furnished,4,3,1839,6,13,29,18633463
Gurugram,Apartment,Semi-Furnished,4,4,2077,4,19,20,19122777
Gurugram,Villa,Furnished,4,3,1917,6,25,26,33943365
Pune,Apartment,Semi-Furnished,4,4,1853,7,0,18,14067804
Pune,Apartment,Semi-Furnished,3,3,1561,2,10,13,12122052
Pune,Apartment,Furnished,3,2,1482,19,8,27,6666327
Delhi,Independent House,Semi-Furnished,3,3,1511,7,27,28,20042388
Noida,Apartment,Unfurnished,3,2,1633,6,13,24,11869679
Mumbai,Apartment,Unfurnished,2,2,976,10,9,14,12921231
Chennai,Plot,Unfurnished,2,2,874,6,10,19,3760103
Bangalore,Apartment,Unfurnished,2,2,812,8,29,30,5131169
Mumbai,Studio,Semi-Furnished,2,2,1031,14,29,30,11255941
Gurugram,Apartment,Furnished,1,1,468,13,17,18,4844885
Delhi,Apartment,Furnished,4,3,1952,19,16,30,22533729
Mumbai,Independent House,Furnished,2,2,982,3,9,30,20239634
Mumbai,Apartment,Semi-Furnished,5,4,2533,15,12,27,34511694
Gurugram,Independent House,Unfurnished,3,3,1456,16,9,10,9477089
Delhi,Independent House,Furnished,3,2,1393,4,1,11,15457183
Chennai,Apartment,Semi-Furnished,3,3,1403,18,2,17,5997965
Gurugram,Apartment,Semi-Furnished,3,3,1329,18,4,25,12371979
Mumbai,Apartment,Unfurnished,1,1,573,21,28,32,6336235
Delhi,Plot,Semi-Furnished,3,3,1475,7,15,16,17234308
Mumbai,Apartment,Semi-Furnished,3,2,1365,1,15,16,27436273
Gurugram,Apartment,Unfurnished,3,3,1500,21,22,23,9055399
Delhi,Apartment,Semi-Furnished,3,2,1397,10,0,15,17037509
Bangalore,Independent House,Furnished,1,1,652,9,13,30,4736666
Hyderabad,Apartment,Unfurnished,3,3,1584,17,18,19,6738066
Bangalore,Apartment,Semi-Furnished,3,2,1529,24,26,27,8233873
Pune,Studio,Unfurnished,1,1,372,6,22,23,2116669
Chennai,Apartment,Semi-Furnished,3,2,1310,10,8,28,9205384
Hyderabad,Apartment,Unfurnished,5,4,2465,15,10,24,10951093
Gurugram,Plot,Unfurnished,5,4,2525,1,0,20,13442108
Noida,Apartment,Unfurnished,3,2,1506,7,24,25,6391791
Delhi,Apartment,Semi-Furnished,2,2,965,7,6,28,6099119
Noida,Apartment,Unfurnished,3,2,1380,6,11,12,7273618
Delhi,Apartment,Semi-Furnished,3,2,1463,21,20,21,10919080
Bangalore,Independent House,Semi-Furnished,3,2,1488,0,14,17,12268900
Delhi,Apartment,Unfurnished,2,2,967,24,21,23,11218210
Hyderabad,Independent House,Semi-Furnished,3,3,1382,17,2,28,7767150
Noida,Plot,Semi-Furnished,2,1,1061,1,19,20,4904072
Bangalore,Independent House,Unfurnished,4,3,2068,2,27,28,18143411
Bangalore,Independent House,Semi-Furnished,2,2,960,5,16,27,7866675
Pune,Apartment,Semi-Furnished,3,3,1437,8,14,18,11302652
Chennai,Apartment,Furnished,1,1,458,4,26,27,2164023
Pune,Apartment,Furnished,2,1,857,8,25,26,3955770
Gurugram,Apartment,Semi-Furnished,3,2,1576,6,5,19,9042053
Delhi,Plot,Unfurnished,3,3,1579,22,25,26,10456087
Noida,Apartment,Unfurnished,4,3,1839,19,29,30,7248214
Chennai,Apartment,Unfurnished,5,5,2421,3,16,17,15076216
Noida,Apartment,Unfurnished,3,2,1410,6,17,24,7875762
Noida,Apartment,Unfurnished,2,1,1057,2,17,18,6516253
Bangalore,Apartment,Unfurnished,2,1,1051,19,23,24,5840107
Chennai,Apartment,Semi-Furnished,2,1,798,24,12,14,3238703
Gurugram,Villa,Unfurnished,1,1,392,4,28,29,3894549
Chennai,Apartment,Semi-Furnished,3,2,1479,13,26,27,9166746
Pune,Apartment,Furnished,4,3,1947,3,22,23,15172686
Delhi,Apartment,Unfurnished,3,3,1552,6,9,31,20659764
Bangalore,Independent House,Unfurnished,2,2,800,19,19,25,4411325
Bangalore,Studio,Unfurnished,5,4,2307,20,9,10,10014182
Delhi,Apartment,Semi-Furnished,2,1,1139,13,13,22,14130181
Gurugram,Apartment,Unfurnished,4,4,2084,6,16,17,12944599
Pune,Independent House,Semi-Furnished,2,1,884,0,29,30,9447915
Gurugram,Independent House,Furnished,2,2,802,8,10,17,9495466
Bangalore,Apartment,Unfurnished,2,1,1025,9,11,28,9819397
Hyderabad,Villa,Unfurnished,3,3,1417,9,27,28,9701035
Mumbai,Villa,Furnished,4,3,1915,23,7,8,40961747
Gurugram,Apartment,Furnished,3,2,1449,22,17,18,11708624
Hyderabad,Independent House,Unfurnished,4,3,1853,23,29,30,11512914
Gurugram,Studio,Unfurnished,2,1,941,21,8,14,6880528
Delhi,Independent House,Unfurnished,2,2,971,1,27,28,15937227
Bangalore,Apartment,Semi-Furnished,3,3,1476,10,1,14,8105937
Mumbai,Villa,Unfurnished,1,1,483,19,25,26,9099453
Gurugram,Apartment,Semi-Furnished,4,3,1894,3,11,17,18730249
Pune,Apartment,Semi-Furnished,4,4,2050,23,10,11,12239011
Mumbai,Apartment,Semi-Furnished,4,4,1880,5,13,14,24369994
Gurugram,Apartment,Semi-Furnished,3,2,1370,10,12,25,9466905
Bangalore,Apartment,Furnished,3,2,1466,20,2,27,7529894
Gurugram,Apartment,Semi-Furnished,4,3,1854,0,4,29,13231652
Bangalore,Apartment,Semi-Furnished,3,2,1401,8,24,25,11580127
Mumbai,Apartment,Semi-Furnished,2,2,1060,20,16,17,15059133
Gurugram,Apartment,Unfurnished,2,2,831,12,15,33,6414198
Hyderabad,Apartment,Semi-Furnished,1,1,356,16,23,24,1463796
Pune,Apartment,Furnished,2,2,933,15,3,21,6057366
Gurugram,Apartment,Semi-Furnished,2,1,1019,6,28,29,8140564
Hyderabad,Independent House,Unfurnished,2,1,1107,17,27,28,7206189
Gurugram,Apartment,Unfurnished,2,2,650,6,8,22,5918654
Gurugram,Villa,Semi-Furnished,4,4,1825,2,24,32,28321552
Noida,Apartment,Unfurnished,3,2,1365,15,11,29,7465587
Mumbai,Apartment,Furnished,2,1,773,14,20,21,10963881
Chennai,Apartment,Furnished,4,4,1848,2,11,12,17317126
Delhi,Independent House,Unfurnished,5,4,2495,11,20,21,38466253
Hyderabad,Apartment,Semi-Furnished,4,4,1745,14,13,28,7758666
Pune,Apartment,Unfurnished,1,1,574,9,25,26,3862299
Bangalore,Villa,Furnished,5,4,2297,0,0,8,20387996
Gurugram,Apartment,Unfurnished,2,1,862,24,14,19,5458687
Noida,Independent House,Semi-Furnished,1,1,369,18,22,23,2569276
Bangalore,Apartment,Semi-Furnished,2,1,968,9,15,16,7512447
Pune,Independent House,Semi-Furnished,2,2,972,16,7,8,8845441
Pune,Apartment,Unfurnished,1,1,602,10,11,32,3509643
Delhi,Independent House,Unfurnished,2,2,956,1,13,26,13471079
Mumbai,Villa,Furnished,5,4,2267,0,7,22,61283622
Chennai,Studio,Semi-Furnished,1,1,442,11,11,32,2459200
Chennai,Apartment,Semi-Furnished,2,2,1051,5,18,19,5431171
Hyderabad,Apartment,Unfurnished,4,4,1696,15,16,28,11597139
Pune,Apartment,Furnished,3,2,1517,8,27,28,9631328
Noida,Apartment,Furnished,2,1,900,15,18,19,3376266
Delhi,Apartment,Semi-Furnished,3,2,1426,18,5,13,15195804
Mumbai,Apartment,Furnished,4,4,1752,12,27,28,31229215
Chennai,Apartment,Semi-Furnished,4,4,1876,7,11,34,11990670
Hyderabad,Villa,Furnished,4,3,2081,14,13,21,16704310
Bangalore,Independent House,Unfurnished,3,2,1437,20,29,30,12334492
Noida,Apartment,Semi-Furnished,5,4,2324,1,3,23,19064133
Bangalore,Apartment,Unfurnished,2,2,1032,12,16,31,4784114
Pune,Independent House,Furnished,2,1,1128,17,23,28,7195813
Bangalore,Apartment,Furnished,5,4,2320,11,28,29,19136249
Bangalore,Apartment,Furnished,2,1,909,18,28,29,8280088
Chennai,Plot,Furnished,3,2,1594,5,4,32,8302126
Hyderabad,Apartment,Unfurnished,2,1,905,12,22,23,3927913
Mumbai,Apartment,Unfurnished,4,4,1931,18,21,22,35499205
Gurugram,Plot,Unfurnished,2,1,642,6,15,32,2215548
Pune,Apartment,Semi-Furnished,1,1,339,20,14,15,2342544
Delhi,Villa,Furnished,2,1,904,5,18,19,14587813
Chennai,Independent House,Semi-Furnished,2,1,1195,6,13,18,9553814
Chennai,Plot,Semi-Furnished,2,2,962,6,21,28,4148898
Bangalore,Apartment,Unfurnished,2,2,1212,4,3,15,8923468
Pune,Apartment,Semi-Furnished,3,2,1371,20,25,26,7135412
Delhi,Apartment,Unfurnished,4,4,1959,7,19,20,19886606
Gurugram,Apartment,Semi-Furnished,1,1,321,4,4,19,3231967
Gurugram,Apartment,Unfurnished,3,2,1517,24,25,26,10978516
Mumbai,Apartment,Furnished,1,1,532,17,5,19,7486912
Bangalore,Apartment,Semi-Furnished,3,3,1355,4,25,26,8963190
Chennai,Villa,Unfurnished,2,1,1172,6,9,10,10086824
Chennai,Apartment,Semi-Furnished,3,3,1483,12,19,21,9666034
Delhi,Apartment,Unfurnished,1,1,421,1,3,20,3877820
Pune,Apartment,Semi-Furnished,2,2,839,3,20,27,6444963
Bangalore,Independent House,Unfurnished,2,2,840,1,22,23,7585111
Mumbai,Apartment,Semi-Furnished,3,2,1529,13,12,23,33327399
Mumbai,Apartment,Furnished,1,1,463,21,3,22,6918708
Chennai,Independent House,Semi-Furnished,2,2,1089,19,16,21,6235720
Gurugram,Apartment,Unfurnished,2,1,890,12,29,32,7066354
Gurugram,Apartment,Furnished,2,1,938,12,28,29,10694272
Chennai,Independent House,Unfurnished,2,2,850,22,2,11,4612193
Chennai,Apartment,Unfurnished,4,3,2011,6,21,22,14834660
Mumbai,Apartment,Semi-Furnished,3,2,1602,14,27,28,26608702
Bangalore,Independent House,Unfurnished,4,3,1971,19,2,25,11408413
Delhi,Independent House,Semi-Furnished,3,3,1352,9,6,7,15131627
Pune,Apartment,Semi-Furnished,3,2,1316,18,4,15,8103948
Hyderabad,Apartment,Unfurnished,3,3,1218,4,24,26,7540386
Hyderabad,Apartment,Semi-Furnished,1,1,377,5,13,14,1563338
Delhi,Apartment,Semi-Furnished,4,3,1744,10,19,31,23995778
Delhi,Villa,Furnished,2,1,896,18,28,29,14941561
Noida,Independent House,Semi-Furnished,4,4,2077,17,12,14,10958096
Hyderabad,Independent House,Semi-Furnished,1,1,490,12,27,28,3151580
Bangalore,Villa,Unfurnished,3,2,1445,2,16,17,11220813
Gurugram,Independent House,Unfurnished,3,3,1397,7,12,23,12485467
Pune,Plot,Unfurnished,1,1,419,5,9,18,1875798
Mumbai,Apartment,Semi-Furnished,3,2,1313,5,8,9,16645438
Hyderabad,Apartment,Semi-Furnished,2,2,1086,9,7,33,5312012
Delhi,Apartment,Furnished,1,1,483,3,27,32,6154490
Gurugram,Apartment,Unfurnished,2,2,850,18,3,32,5372112
Delhi,Apartment,Unfurnished,4,3,2154,21,23,24,23265914
Noida,Villa,Semi-Furnished,3,2,1345,24,23,24,10465958
Noida,Independent House,Furnished,3,2,1283,3,18,19,11713900
Mumbai,Apartment,Semi-Furnished,2,2,945,19,20,21,12912698
Pune,Apartment,Furnished,3,2,1675,4,13,32,10885120
Gurugram,Apartment,Unfurnished,5,5,2387,22,15,16,15361564
Chennai,Villa,Semi-Furnished,3,3,1563,21,19,21,7753531
Pune,Apartment,Semi-Furnished,4,4,1943,6,20,21,11688272
Chennai,Independent House,Furnished,3,3,1423,23,15,34,12025972
Delhi,Villa,Unfurnished,1,1,493,3,16,32,6574960
Mumbai,Independent House,Semi-Furnished,5,4,2376,6,12,13,59176944
Delhi,Apartment,Semi-Furnished,5,4,2409,2,19,20,38471620
Bangalore,Apartment,Semi-Furnished,5,5,2184,14,4,16,14003051
Mumbai,Plot,Unfurnished,1,1,560,18,2,11,4439815
Mumbai,Apartment,Semi-Furnished,3,2,1328,15,4,22,22526544
Delhi,Apartment,Semi-Furnished,2,2,977,4,14,15,14733973
Noida,Apartment,Furnished,3,2,1312,11,25,34,6542014
Delhi,Plot,Unfurnished,2,1,856,6,14,19,8286375
Chennai,Independent House,Unfurnished,3,3,1399,22,28,30,8696262
Chennai,Apartment,Unfurnished,1,1,605,7,13,33,3904814
Bangalore,Apartment,Unfurnished,1,1,640,5,7,13,4216932
Noida,Plot,Unfurnished,3,3,1138,10,7,31,3890914
Bangalore,Plot,Semi-Furnished,2,2,875,16,8,9,4077270
Noida,Independent House,Unfurnished,3,3,1501,20,21,30,10354257
Chennai,Villa,Semi-Furnished,2,2,811,3,20,27,7647343
Noida,Apartment,Semi-Furnished,3,2,1530,15,27,28,8111485
Gurugram,Apartment,Semi-Furnished,3,2,1365,6,26,32,14788770
Pune,Independent House,Furnished,1,1,583,10,29,30,4991224
Mumbai,Apartment,Unfurnished,2,1,944,11,28,29,13044974
Delhi,Apartment,Semi-Furnished,3,3,1549,17,6,24,20272284
Bangalore,Independent House,Furnished,4,4,1843,8,20,25,17614689
Gurugram,Apartment,Semi-Furnished,2,2,1072,17,21,33,8694742
Delhi,Apartment,Semi-Furnished,3,3,1439,1,11,18,20443947
Gurugram,Plot,Semi-Furnished,2,1,823,1,3,23,6702881
Chennai,Apartment,Unfurnished,1,1,347,19,19,20,1615187
Hyderabad,Apartment,Semi-Furnished,2,2,770,20,5,25,4540412
Chennai,Apartment,Furnished,3,3,1367,23,9,21,5799981
Delhi,Plot,Unfurnished,2,2,1024,12,16,17,6472057
Gurugram,Apartment,Unfurnished,4,4,1896,23,29,30,10983421
Chennai,Independent House,Unfurnished,4,4,1983,23,25,28,10431388
Bangalore,Apartment,Unfurnished,1,1,630,16,15,16,2721533
Mumbai,Apartment,Unfurnished,1,1,408,0,6,24,6461694
Hyderabad,Plot,Semi-Furnished,3,3,1498,10,3,31,4425409
Delhi,Villa,Semi-Furnished,4,3,1763,2,8,29,36783888
Gurugram,Apartment,Furnished,1,1,416,6,24,25,4712993
Delhi,Independent House,Semi-Furnished,1,1,300,22,14,21,3991448
Mumbai,Apartment,Furnished,1,1,347,4,17,32,6413416
Gurugram,Independent House,Unfurnished,5,5,2532,20,29,30,17920553
Chennai,Villa,Semi-Furnished,3,2,1462,6,17,23,9419894
Hyderabad,Independent House,Semi-Furnished,1,1,509,15,28,29,3466996
Delhi,Villa,Unfurnished,2,1,844,15,7,8,10764881
Chennai,Apartment,Semi-Furnished,2,2,923,6,11,29,2730375
Noida,Apartment,Furnished,2,1,1126,19,3,25,8139815
Bangalore,Apartment,Semi-Furnished,1,1,546,15,8,9,3133852
Gurugram,Apartment,Unfurnished,2,1,989,10,17,18,9121772
Chennai,Apartment,Semi-Furnished,2,1,1061,19,19,20,6206812
Mumbai,Plot,Furnished,3,2,1395,6,19,30,14660694
Delhi,Apartment,Furnished,2,1,1280,16,17,22,14287147
Chennai,Apartment,Semi-Furnished,1,1,300,16,7,22,1880667
Delhi,Apartment,Furnished,3,3,1667,17,2,20,16779409
Delhi,Independent House,Furnished,3,2,1595,6,17,18,23565787
Chennai,Independent House,Semi-Furnished,3,2,1298,20,14,17,9350233
Bangalore,Villa,Semi-Furnished,5,4,2594,14,20,21,25660044
Delhi,Independent House,Unfurnished,3,2,1305,22,5,27,9517181
Mumbai,Villa,Furnished,2,1,987,7,11,12,26716206
Mumbai,Villa,Furnished,2,1,844,24,9,17,13764634
Noida,Independent House,Unfurnished,2,2,808,6,11,16,4876835
Noida,Apartment,Unfurnished,3,2,1488,13,18,33,10256218
Chennai,Apartment,Semi-Furnished,2,1,968,13,26,27,5497597
Pune,Apartment,Unfurnished,2,1,870,7,29,30,4477113
Mumbai,Independent House,Semi-Furnished,3,2,1337,13,29,33,17534488
Bangalore,Studio,Unfurnished,3,2,1509,5,12,22,12069597
Pune,Plot,Semi-Furnished,2,2,924,7,26,27,4216788
Mumbai,Villa,Unfurnished,3,2,1172,9,5,31,25568660
Mumbai,Apartment,Unfurnished,4,4,2108,21,29,33,27813052
Bangalore,Apartment,Unfurnished,3,2,1505,5,19,26,12334686
Mumbai,Apartment,Unfurnished,4,4,1825,19,23,31,20980062
Mumbai,Independent House,Semi-Furnished,1,1,503,19,23,24,8731531
Mumbai,Villa,Unfurnished,4,3,2001,10,2,10,45179087
Gurugram,Plot,Unfurnished,3,2,1153,9,24,31,7471798
Chennai,Independent House,Unfurnished,1,1,375,15,11,14,2298128
Pune,Apartment,Unfurnished,3,2,1526,9,15,16,9835437
Delhi,Apartment,Semi-Furnished,2,1,956,12,29,30,8017886
Bangalore,Apartment,Unfurnished,4,4,1891,5,11,31,14158694
Pune,Plot,Furnished,3,2,1364,4,26,27,5927447
Mumbai,Apartment,Unfurnished,2,2,1042,23,21,27,13497044
Noida,Apartment,Semi-Furnished,2,1,1010,13,7,26,5773907
Chennai,Plot,Unfurnished,2,2,916,18,17,18,2683697
Delhi,Plot,Furnished,2,2,758,5,28,29,7788201
Bangalore,Apartment,Unfurnished,3,2,1533,6,25,26,6887438
Hyderabad,Apartment,Furnished,2,2,1023,5,27,33,7357486
Noida,Villa,Unfurnished,3,2,1334,9,21,22,9726431
Noida,Plot,Unfurnished,3,2,1543,11,13,14,5363752
Pune,Independent House,Unfurnished,3,2,1518,22,12,13,5954665
Gurugram,Villa,Unfurnished,3,3,1453,6,4,25,14132999
Bangalore,Plot,Unfurnished,1,1,640,22,27,28,2715397
Chennai,Independent House,Unfurnished,3,2,1327,17,28,29,5883200
Chennai,Apartment,Semi-Furnished,2,1,779,7,29,30,4923612
Pune,Apartment,Semi-Furnished,3,2,1369,21,0,18,8777508
Mumbai,Villa,Semi-Furnished,3,3,1385,4,2,31,31833551
Delhi,Villa,Semi-Furnished,1,1,385,6,0,5,6304725
Mumbai,Apartment,Unfurnished,1,1,534,10,0,26,6995883
Pune,Independent House,Furnished,3,3,1621,21,10,13,11507078
Pune,Plot,Semi-Furnished,2,2,808,2,6,33,3564045
Pune,Apartment,Semi-Furnished,3,3,1305,7,19,20,7230550
Pune,Independent House,Unfurnished,4,4,2033,7,4,5,14648005
Bangalore,Apartment,Unfurnished,2,1,986,6,24,25,6976376
Hyderabad,Plot,Semi-Furnished,3,2,1480,20,13,14,5148106
Mumbai,Apartment,Unfurnished,3,3,1609,5,15,16,24481775
Hyderabad,Studio,Semi-Furnished,3,2,1466,10,21,22,8432347
Pune,Villa,Unfurnished,3,2,1283,18,4,13,9262587
Noida,Villa,Unfurnished,3,2,1345,11,1,15,6533644
Chennai,Apartment,Unfurnished,2,2,960,5,29,30,6228151
Pune,Independent House,Semi-Furnished,1,1,563,23,15,23,3349236
Noida,Independent House,Unfurnished,2,1,713,22,10,23,4282099
Pune,Apartment,Semi-Furnished,3,2,1460,3,23,24,6154336
Delhi,Independent House,Semi-Furnished,2,2,943,20,9,32,7265643
Hyderabad,Apartment,Unfurnished,3,3,1428,1,8,30,9981076
Pune,Apartment,Unfurnished,4,3,2183,20,27,28,12401582
Mumbai,Apartment,Unfurnished,2,1,1057,11,3,11,17053647
Delhi,Plot,Semi-Furnished,3,2,1517,21,15,17,7712963
Chennai,Apartment,Unfurnished,3,3,1568,2,9,11,9707173
Gurugram,Apartment,Furnished,2,2,926,11,22,30,9051554
Hyderabad,Apartment,Semi-Furnished,2,1,1084,4,29,30,8289821
Noida,Apartment,Semi-Furnished,3,3,1338,2,1,9,8873840
Hyderabad,Apartment,Furnished,3,3,1364,1,9,13,8586662
Delhi,Independent House,Furnished,2,2,953,16,5,15,9769907
Gurugram,Independent House,Furnished,4,4,1686,7,21,22,18540268
Bangalore,Plot,Semi-Furnished,3,2,1484,4,3,4,7540332
Hyderabad,Apartment,Semi-Furnished,4,4,1998,17,8,31,12608865
Delhi,Villa,Semi-Furnished,3,3,1393,23,2,10,18651614
Chennai,Apartment,Unfurnished,2,2,1035,2,3,31,5919008
Chennai,Apartment,Unfurnished,3,3,1649,11,8,25,10236149
Pune,Apartment,Semi-Furnished,3,3,1279,10,23,24,8269940
Bangalore,Apartment,Unfurnished,3,2,1448,12,19,20,10465004
Hyderabad,Apartment,Semi-Furnished,2,1,1022,6,11,16,5975231
Mumbai,Plot,Semi-Furnished,4,3,1668,17,13,14,12619235
Hyderabad,Apartment,Semi-Furnished,2,2,1090,19,27,28,5358118
Pune,Plot,Unfurnished,3,3,1196,16,23,24,3898879
Bangalore,Villa,Unfurnished,3,3,1527,24,3,21,11481773
Noida,Independent House,Semi-Furnished,1,1,607,15,15,29,4603339
Chennai,Villa,Unfurnished,5,5,2331,17,14,25,17250129
Pune,Apartment,Furnished,3,3,1663,15,11,14,8917971
Mumbai,Independent House,Furnished,4,4,2159,12,6,29,33961943
Mumbai,Apartment,Semi-Furnished,2,1,835,8,2,16,13490500
Bangalore,Independent House,Semi-Furnished,4,3,1893,16,16,17,17481795
Bangalore,Apartment,Furnished,3,2,1463,22,20,25,8864607
Mumbai,Apartment,Semi-Furnished,2,1,885,22,9,31,11359432
Noida,Apartment,Furnished,3,2,1390,24,25,26,6982598
Delhi,Apartment,Semi-Furnished,5,5,2269,24,5,32,17113046
Hyderabad,Apartment,Unfurnished,3,3,1291,24,4,29,4539780
Gurugram,Independent House,Semi-Furnished,2,1,782,18,27,28,7349408
Pune,Apartment,Semi-Furnished,1,1,682,16,6,32,5447307
Hyderabad,Apartment,Unfurnished,3,3,1418,21,17,18,6931025
Noida,Villa,Furnished,3,2,1605,24,17,27,12206175
Noida,Villa,Unfurnished,3,3,1619,0,0,15,13991296
Mumbai,Apartment,Unfurnished,5,4,2546,10,7,8,34694344
Hyderabad,Apartment,Semi-Furnished,3,2,1452,18,23,28,6171293
Mumbai,Apartment,Unfurnished,5,4,2592,9,0,31,54154852
Chennai,Apartment,Unfurnished,3,2,1552,23,26,27,9847296
Gurugram,Plot,Unfurnished,3,3,1449,0,17,19,7719916
Gurugram,Apartment,Unfurnished,4,3,1873,5,12,20,19445150
Chennai,Apartment,Unfurnished,4,4,2029,10,9,13,8859444
Bangalore,Independent House,Semi-Furnished,3,2,1619,0,1,8,11650239
Hyderabad,Apartment,Semi-Furnished,2,2,1350,11,26,27,7996436
Chennai,Apartment,Unfurnished,2,2,893,12,25,34,4984052
Mumbai,Apartment,Semi-Furnished,2,2,896,18,7,15,9876877
Mumbai,Villa,Unfurnished,5,5,2555,18,29,30,40986863
Hyderabad,Independent House,Unfurnished,2,1,1022,24,16,17,5278916
Mumbai,Independent House,Furnished,4,4,1959,13,15,30,41443089
Chennai,Apartment,Unfurnished,3,2,1486,11,2,28,9524996
Gurugram,Independent House,Semi-Furnished,1,1,437,7,9,33,3807712
Mumbai,Apartment,Semi-Furnished,4,3,1881,12,19,34,16398878
Pune,Studio,Unfurnished,3,3,1382,5,7,29,8898004
Hyderabad,Apartment,Furnished,1,1,455,11,10,24,2525740
Pune,Studio,Furnished,1,1,485,16,25,26,2202101
Mumbai,Apartment,Furnished,3,2,1562,9,9,14,32291317
Gurugram,Apartment,Unfurnished,3,3,1341,24,10,16,9315470
Pune,Apartment,Unfurnished,3,2,1459,3,15,16,9289763
Delhi,Plot,Unfurnished,2,2,1165,22,11,23,7026070
Delhi,Villa,Unfurnished,1,1,504,10,14,25,6825892
Noida,Apartment,Unfurnished,5,4,2402,12,1,5,12743067
Chennai,Apartment,Unfurnished,3,2,1392,12,21,26,9876682
Mumbai,Independent House,Furnished,3,3,1378,7,10,20,25157414
Chennai,Villa,Semi-Furnished,2,1,987,13,23,24,8395666
Mumbai,Apartment,Unfurnished,5,5,2441,21,10,22,37482611
Hyderabad,Apartment,Unfurnished,4,4,1784,12,5,6,9255950
Bangalore,Independent House,Semi-Furnished,1,1,436,0,25,26,4015902
Pune,Studio,Semi-Furnished,3,2,1398,18,9,10,8110039
Mumbai,Independent House,Unfurnished,1,1,516,8,13,26,12107063
Noida,Apartment,Semi-Furnished,1,1,484,17,11,17,2081572
Chennai,Villa,Furnished,1,1,431,14,27,28,3460819
Gurugram,Villa,Unfurnished,2,2,929,17,23,29,7937340
Mumbai,Apartment,Unfurnished,1,1,408,5,25,31,7776667
Mumbai,Apartment,Furnished,1,1,406,9,16,32,6252211
Bangalore,Apartment,Furnished,1,1,397,10,20,25,2700002
Hyderabad,Apartment,Furnished,4,4,2085,2,14,15,16848578
Gurugram,Apartment,Unfurnished,3,2,1370,7,16,17,9965872
Gurugram,Studio,Semi-Furnished,3,2,1645,13,9,25,11956052
Delhi,Studio,Unfurnished,4,4,2060,21,7,20,13615891
Chennai,Apartment,Furnished,2,1,892,13,28,29,5244533
Mumbai,Independent House,Unfurnished,3,2,1233,8,7,29,23596593
Chennai,Apartment,Unfurnished,2,2,960,3,27,28,5592304
Mumbai,Plot,Semi-Furnished,5,5,2556,12,4,33,19605310
Mumbai,Apartment,Furnished,4,4,2053,8,28,29,41640394
Noida,Apartment,Unfurnished,1,1,457,1,23,30,3245520
Gurugram,Apartment,Furnished,1,1,765,15,25,26,7510137
Noida,Studio,Furnished,3,3,1617,4,16,17,9690714
Mumbai,Apartment,Furnished,2,1,1108,8,10,31,18427041
Pune,Apartment,Furnished,3,3,1224,4,5,27,5394957
Pune,Studio,Unfurnished,3,3,1493,23,3,11,4732583
Noida,Independent House,Unfurnished,2,2,811,22,12,13,3888007
Hyderabad,Apartment,Furnished,4,4,2072,7,9,15,10307795
Gurugram,Independent House,Semi-Furnished,4,4,1947,9,9,27,18657326
Delhi,Apartment,Unfurnished,4,3,1870,8,20,21,15316728
Pune,Apartment,Unfurnished,2,1,1247,13,3,12,8986885
Hyderabad,Villa,Furnished,2,1,740,9,27,28,5548839
Delhi,Villa,Unfurnished,3,2,1342,19,25,26,21834877
Mumbai,Independent House,Unfurnished,3,3,1529,14,7,17,29748837
Chennai,Apartment,Unfurnished,3,3,1578,19,11,12,7232469
Chennai,Apartment,Semi-Furnished,4,3,1935,4,6,29,12512878
Noida,Plot,Furnished,3,2,1641,3,3,26,10654381
Chennai,Apartment,Semi-Furnished,1,1,545,15,0,17,2446184
Chennai,Apartment,Semi-Furnished,3,3,1458,22,8,30,7904167
Delhi,Villa,Semi-Furnished,1,1,588,3,2,25,9944782
Pune,Studio,Unfurnished,2,2,1194,12,3,11,5480120
Chennai,Apartment,Furnished,3,3,1279,20,0,15,5962642
Mumbai,Apartment,Unfurnished,2,2,910,23,3,33,9908568
Noida,Apartment,Unfurnished,2,2,1197,18,18,33,7173970
Gurugram,Villa,Semi-Furnished,1,1,481,2,28,29,6337444
Gurugram,Apartment,Semi-Furnished,3,2,1649,6,12,13,15334903
Hyderabad,Apartment,Unfurnished,4,3,1827,15,3,32,10158628
Bangalore,Apartment,Unfurnished,3,2,1273,18,0,7,6526896
Hyderabad,Independent House,Unfurnished,2,1,1203,22,9,16,6416231
Delhi,Independent House,Semi-Furnished,3,2,1565,22,10,11,17400334
Bangalore,Villa,Semi-Furnished,5,5,2525,2,10,31,23970179
Chennai,Independent House,Unfurnished,3,3,1118,7,7,11,6120864
Bangalore,Apartment,Semi-Furnished,3,2,1390,2,17,18,11411341
Gurugram,Villa,Semi-Furnished,2,1,993,20,14,26,9297140
Gurugram,Independent House,Unfurnished,4,3,1884,2,5,25,18955130
Delhi,Villa,Unfurnished,2,1,882,11,15,23,15032255
Chennai,Apartment,Unfurnished,2,2,1021,12,25,30,4292269
Pune,Apartment,Unfurnished,2,2,1150,3,11,27,9583245
Chennai,Apartment,Semi-Furnished,2,1,1165,21,23,24,7548732
Noida,Independent House,Furnished,3,3,1477,19,23,24,10244996
Noida,Villa,Semi-Furnished,2,1,1195,20,26,27,9425597
Delhi,Apartment,Semi-Furnished,4,4,2028,8,0,12,20774333
Pune,Independent House,Unfurnished,3,3,1633,6,25,26,9755683
Chennai,Apartment,Furnished,2,2,794,23,7,8,3649412
Hyderabad,Apartment,Unfurnished,2,2,1013,21,22,23,4274737
Pune,Apartment,Furnished,3,3,1262,21,18,19,6508533
Hyderabad,Apartment,Unfurnished,2,1,1139,13,26,27,5177285
Mumbai,Apartment,Semi-Furnished,1,1,398,6,29,30,7120105
Chennai,Apartment,Furnished,4,3,1880,1,19,31,13856649
Delhi,Apartment,Semi-Furnished,5,4,2293,19,28,33,18931663
Hyderabad,Apartment,Furnished,3,3,1429,15,22,23,7546181
Delhi,Independent House,Semi-Furnished,4,3,1822,1,3,16,31432769
Pune,Apartment,Semi-Furnished,1,1,361,14,25,26,2257704
Pune,Independent House,Furnished,4,4,2056,2,22,23,18197393
Noida,Apartment,Unfurnished,2,2,1014,1,3,34,6008397
Hyderabad,Apartment,Unfurnished,4,4,1885,14,18,23,7838572
Chennai,Apartment,Unfurnished,2,1,1051,21,13,14,5895443
Gurugram,Apartment,Semi-Furnished,3,2,1475,10,27,28,13751637
Mumbai,Plot,Unfurnished,3,3,1462,24,0,18,13186215
Noida,Independent House,Unfurnished,3,3,1441,12,3,18,10109641
Gurugram,Apartment,Furnished,2,1,1015,20,1,13,5975038
Delhi,Villa,Furnished,3,3,1425,17,15,21,24229649
Bangalore,Apartment,Unfurnished,2,2,961,20,14,25,3980238
Gurugram,Apartment,Furnished,2,2,957,16,21,31,7422956
Delhi,Independent House,Semi-Furnished,4,3,1769,20,12,19,21358707
Pune,Apartment,Semi-Furnished,3,3,1307,6,29,30,9910745
Mumbai,Studio,Unfurnished,3,2,1284,0,14,15,27821403
Chennai,Independent House,Unfurnished,3,2,1484,10,28,29,10254776
Delhi,Apartment,Unfurnished,1,1,450,1,14,15,5190102
Noida,Villa,Unfurnished,3,2,1372,11,13,22,10688813
Gurugram,Villa,Semi-Furnished,2,2,947,0,17,22,8307610
Gurugram,Apartment,Unfurnished,3,3,1353,2,0,20,13772292
Gurugram,Apartment,Furnished,2,2,1225,9,24,25,10839576
Hyderabad,Villa,Semi-Furnished,3,3,1363,8,18,19,11048080
Mumbai,Plot,Semi-Furnished,4,4,1985,2,20,27,24106646
Mumbai,Studio,Unfurnished,1,1,304,12,20,33,3502042
Gurugram,Plot,Unfurnished,3,3,1397,2,20,21,10321727
Pune,Apartment,Unfurnished,3,3,1360,2,29,30,10141619
Delhi,Independent House,Unfurnished,2,2,1183,2,28,29,18346500
Chennai,Apartment,Furnished,2,2,904,1,16,17,7032026
Bangalore,Apartment,Unfurnished,3,2,1252,17,23,25,7533087
Pune,Apartment,Unfurnished,1,1,314,16,18,30,2080416
Hyderabad,Independent House,Unfurnished,4,4,1897,4,11,12,14258915
Bangalore,Apartment,Unfurnished,4,4,1942,10,29,30,12732167
Pune,Plot,Unfurnished,2,2,769,20,1,15,2461594
Pune,Apartment,Semi-Furnished,2,2,1072,6,18,19,6486370
Delhi,Villa,Furnished,2,2,931,22,25,31,11713465
Bangalore,Apartment,Semi-Furnished,2,1,1083,2,26,27,8784508
Chennai,Villa,Semi-Furnished,4,4,2033,21,3,26,11617556
Noida,Apartment,Semi-Furnished,4,3,1865,20,5,11,11373444
Mumbai,Apartment,Semi-Furnished,3,3,1420,22,19,20,15749019
Mumbai,Apartment,Semi-Furnished,2,1,806,24,11,28,11668455
Hyderabad,Villa,Furnished,4,3,1991,2,15,16,13565300
Pune,Studio,Unfurnished,3,2,1539,6,17,20,8373140
Gurugram,Apartment,Semi-Furnished,3,2,1339,19,8,14,11763863
Delhi,Apartment,Furnished,3,2,1555,13,14,16,15844299
Pune,Independent House,Furnished,1,1,416,0,6,27,3479334
Chennai,Apartment,Unfurnished,2,2,1165,2,18,32,5579081
Delhi,Villa,Unfurnished,3,3,1402,6,29,30,19258265
Hyderabad,Villa,Unfurnished,1,1,535,3,2,16,4686295
Noida,Independent House,Furnished,1,1,300,6,3,14,2219110
Noida,Apartment,Semi-Furnished,3,2,1727,6,15,16,9292975
Delhi,Apartment,Furnished,2,2,1091,14,22,23,17671454
Mumbai,Apartment,Semi-Furnished,3,3,1458,22,25,26,24166345
Gurugram,Independent House,Semi-Furnished,2,2,778,19,7,13,6448399
Bangalore,Apartment,Furnished,1,1,520,18,27,31,3211730
Chennai,Independent House,Furnished,3,2,1583,2,3,4,13967685
Gurugram,Villa,Unfurnished,2,1,861,8,29,30,9226571
Gurugram,Apartment,Unfurnished,3,2,1565,11,19,20,13922354
Hyderabad,Apartment,Furnished,3,2,1782,6,20,25,11120683
Pune,Apartment,Semi-Furnished,2,2,1195,1,25,26,8901427
Noida,Apartment,Furnished,2,2,1184,12,28,29,5767350
Hyderabad,Villa,Unfurnished,1,1,647,7,17,27,4586789
Noida,Apartment,Semi-Furnished,1,1,663,0,1,9,5312393
Delhi,Apartment,Furnished,2,1,1173,11,17,18,16345827
Pune,Apartment,Semi-Furnished,2,1,935,14,13,14,6896858
Mumbai,Apartment,Unfurnished,2,2,1127,14,18,19,21486419
Mumbai,Apartment,Furnished,2,1,884,4,2,11,14246831
Chennai,Apartment,Semi-Furnished,3,2,1459,8,22,23,9582148
Mumbai,Apartment,Furnished,2,2,781,10,4,22,14214283
Noida,Villa,Semi-Furnished,2,1,1013,19,5,11,6048493
Gurugram,Independent House,Furnished,3,3,1290,5,6,14,12598100
Hyderabad,Apartment,Unfurnished,4,3,1868,2,29,30,9092030
Delhi,Apartment,Unfurnished,3,3,1605,8,25,33,19807685
Delhi,Independent House,Unfurnished,4,4,2164,20,10,11,25588186
Mumbai,Plot,Semi-Furnished,4,3,1906,12,17,31,22384591
Delhi,Villa,Unfurnished,2,2,934,11,20,21,15181746
Delhi,Plot,Unfurnished,2,1,887,4,6,34,8728029
Pune,Villa,Semi-Furnished,5,4,2552,12,17,23,12535422
Mumbai,Apartment,Unfurnished,2,1,697,18,11,18,12177452
Gurugram,Studio,Unfurnished,5,4,2457,20,16,17,17432612
Mumbai,Apartment,Unfurnished,2,1,1027,11,6,7,13447268
Gurugram,Apartment,Furnished,4,3,1855,13,24,30,19615725
Gurugram,Independent House,Semi-Furnished,2,2,768,11,24,25,6220408
Pune,Plot,Semi-Furnished,1,1,323,2,28,29,1606228
Noida,Independent House,Unfurnished,3,3,1497,4,17,18,11983818
Mumbai,Apartment,Unfurnished,2,2,921,6,12,13,15125101
Pune,Independent House,Furnished,2,1,998,19,10,17,5676414
Chennai,Apartment,Unfurnished,3,2,1489,5,4,15,13200948
Chennai,Apartment,Unfurnished,3,2,1394,8,20,30,10323354
Pune,Apartment,Unfurnished,2,1,998,18,15,16,6408025
Pune,Apartment,Semi-Furnished,1,1,707,22,1,14,3481735
Delhi,Plot,Furnished,1,1,366,19,6,24,3111135
Hyderabad,Apartment,Unfurnished,3,2,1563,7,10,23,12565312
Mumbai,Apartment,Semi-Furnished,2,1,733,11,21,26,11875067
Pune,Villa,Unfurnished,2,1,888,19,26,27,7142284
Mumbai,Independent House,Semi-Furnished,3,3,1348,9,26,32,26420206
Hyderabad,Apartment,Furnished,2,1,1079,15,18,34,5202361
Delhi,Apartment,Semi-Furnished,2,2,979,5,3,24,9981006
Pune,Apartment,Furnished,3,3,1420,5,3,23,8269869
Noida,Apartment,Unfurnished,2,2,983,13,7,13,4662780
Delhi,Apartment,Furnished,3,2,1577,8,18,19,19047777
Chennai,Independent House,Unfurnished,3,2,904,12,4,33,5303540
Chennai,Plot,Semi-Furnished,4,3,1945,11,12,23,10705417
Bangalore,Independent House,Furnished,1,1,442,2,20,21,3169353
Delhi,Independent House,Unfurnished,2,2,1013,6,26,27,16442996
Gurugram,Apartment,Semi-Furnished,1,1,367,17,24,25,2408723
Hyderabad,Villa,Unfurnished,3,3,1274,0,2,18,7721979
Mumbai,Independent House,Unfurnished,3,2,1043,12,23,24,16825864
Noida,Studio,Furnished,2,1,1010,19,4,8,4821837
Hyderabad,Apartment,Unfurnished,3,3,1183,19,6,7,5454462
Hyderabad,Independent House,Unfurnished,3,3,1102,2,29,30,7576295
Delhi,Apartment,Furnished,2,1,1084,1,25,26,18437299
Chennai,Plot,Unfurnished,2,2,779,4,20,21,2098302
Hyderabad,Independent House,Semi-Furnished,3,3,1423,21,29,30,7890661
Delhi,Independent House,Semi-Furnished,2,1,1237,22,14,30,13345519
Bangalore,Apartment,Semi-Furnished,3,2,1461,20,15,25,11034701
Gurugram,Villa,Unfurnished,2,1,1009,6,3,10,13414233
Delhi,Apartment,Unfurnished,4,4,1904,17,29,30,18786322
Noida,Apartment,Semi-Furnished,2,2,1057,18,9,10,4897282
Mumbai,Independent House,Unfurnished,2,2,976,5,16,17,18371113
Noida,Apartment,Unfurnished,3,3,1451,7,19,31,9176566
Noida,Apartment,Unfurnished,2,2,1047,9,20,31,5104967
Bangalore,Apartment,Semi-Furnished,3,3,1416,17,25,26,11788997
Delhi,Apartment,Unfurnished,3,3,1437,18,7,29,11135493
Gurugram,Plot,Unfurnished,3,3,1573,2,18,19,9057686
Delhi,Independent House,Unfurnished,5,4,2345,10,7,21,17266336
Delhi,Apartment,Unfurnished,3,2,1344,11,19,20,15337066
Noida,Villa,Semi-Furnished,2,2,881,18,29,30,7251958
Noida,Apartment,Semi-Furnished,1,1,473,0,28,29,2466723
Pune,Apartment,Unfurnished,3,2,1481,1,8,32,10372452
Hyderabad,Apartment,Unfurnished,5,5,2391,22,10,11,12253699
Mumbai,Apartment,Unfurnished,3,2,1497,14,18,33,24118221
Noida,Apartment,Semi-Furnished,2,2,908,11,23,30,7726168
Mumbai,Apartment,Unfurnished,1,1,426,21,17,18,5911717
Noida,Apartment,Semi-Furnished,5,4,2576,0,12,13,23048859
Gurugram,Apartment,Furnished,3,2,1361,1,29,30,14047780
Gurugram,Apartment,Semi-Furnished,3,3,1334,15,6,32,8413214
Pune,Apartment,Unfurnished,2,1,1173,17,22,23,5988352
Bangalore,Plot,Semi-Furnished,1,1,365,20,6,20,1086401
Noida,Apartment,Furnished,3,2,1663,15,15,21,12385449
Delhi,Apartment,Unfurnished,3,2,1459,9,13,16,14525885
Gurugram,Apartment,Furnished,2,1,1070,22,16,24,8916287
Hyderabad,Villa,Furnished,3,2,1678,22,6,9,17584890
Gurugram,Villa,Furnished,1,1,300,4,26,27,4353375
Chennai,Apartment,Semi-Furnished,2,1,871,6,5,6,4509510
Chennai,Apartment,Semi-Furnished,4,4,1770,12,17,26,12148476
Bangalore,Apartment,Unfurnished,2,2,801,2,28,29,3451389
Mumbai,Villa,Semi-Furnished,2,1,1004,16,18,19,17214479
Bangalore,Apartment,Semi-Furnished,2,1,869,1,11,12,6566671
Chennai,Apartment,Furnished,2,1,897,8,19,30,6078202
Noida,Independent House,Semi-Furnished,3,2,1516,12,0,13,12094471
Hyderabad,Villa,Semi-Furnished,2,2,984,17,4,21,7204374
Delhi,Studio,Unfurnished,1,1,495,20,29,30,4512175
Bangalore,Villa,Unfurnished,3,3,1496,13,4,28,10637572
Chennai,Villa,Unfurnished,2,2,1026,20,25,26,6928404
Noida,Apartment,Unfurnished,3,2,1293,0,8,9,9048035
Mumbai,Apartment,Semi-Furnished,2,2,887,5,28,29,15049636
Chennai,Apartment,Unfurnished,3,2,1339,8,16,25,7128672
Pune,Villa,Unfurnished,2,2,1046,17,2,24,7528918
Gurugram,Apartment,Semi-Furnished,3,3,1455,16,27,28,11082784
Mumbai,Apartment,Unfurnished,5,4,2506,16,22,23,27440187
Noida,Villa,Semi-Furnished,4,3,1823,11,4,5,14359451
Bangalore,Apartment,Semi-Furnished,2,1,954,17,17,30,5612745
Noida,Independent House,Furnished,3,3,1476,16,1,32,11146569
Chennai,Plot,Unfurnished,1,1,450,3,15,16,2024817
Noida,Apartment,Semi-Furnished,4,3,1990,14,20,28,9115209
Delhi,Apartment,Semi-Furnished,5,4,2513,2,15,16,29148288
Chennai,Apartment,Semi-Furnished,3,2,1403,7,26,30,8405520
Bangalore,Independent House,Semi-Furnished,3,2,1426,21,29,30,10691139
Mumbai,Apartment,Unfurnished,3,3,1338,23,2,17,18834874
Bangalore,Studio,Unfurnished,4,3,1591,21,10,19,10357288
Hyderabad,Plot,Semi-Furnished,1,1,774,5,2,27,2374237
Noida,Independent House,Unfurnished,5,5,2322,12,11,12,13154043
Pune,Independent House,Unfurnished,2,2,1028,14,7,34,7045632
Mumbai,Apartment,Semi-Furnished,2,1,924,5,15,27,13099275
Pune,Villa,Semi-Furnished,2,2,992,0,28,29,10346795
Mumbai,Apartment,Unfurnished,2,1,1064,16,25,26,15266724
Noida,Apartment,Furnished,1,1,527,2,11,29,3130540
Chennai,Independent House,Furnished,4,4,1745,21,28,29,11018725
Gurugram,Villa,Semi-Furnished,3,3,1338,19,14,27,13022817
Mumbai,Independent House,Semi-Furnished,3,2,1393,17,20,21,25712519
Delhi,Apartment,Unfurnished,3,2,1627,7,10,13,16396155
Noida,Apartment,Unfurnished,3,3,1441,3,22,34,9728690
Chennai,Apartment,Semi-Furnished,2,1,909,14,2,33,5441186
Noida,Apartment,Semi-Furnished,2,1,1081,23,26,28,5032639
Chennai,Apartment,Furnished,3,3,1650,9,15,27,13546236
Bangalore,Apartment,Semi-Furnished,3,3,1325,21,14,23,5197255
Bangalore,Apartment,Semi-Furnished,2,2,1007,14,0,34,5780113
Mumbai,Apartment,Furnished,3,3,1429,5,14,30,30775543
Delhi,Apartment,Semi-Furnished,3,3,1682,24,9,11,17237374
Delhi,Apartment,Semi-Furnished,2,2,1230,1,17,28,19507915
Gurugram,Independent House,Unfurnished,2,1,958,10,28,29,8350964
Delhi,Studio,Unfurnished,2,2,1034,4,4,22,9995803
Gurugram,Apartment,Semi-Furnished,2,2,995,21,26,31,7103709
Pune,Independent House,Semi-Furnished,2,2,995,21,8,16,6326640
Gurugram,Apartment,Semi-Furnished,4,3,1933,5,1,32,16781564
Delhi,Apartment,Semi-Furnished,3,3,1540,2,9,23,19379416
Delhi,Apartment,Furnished,2,2,895,17,21,22,8890840
Delhi,Apartment,Unfurnished,1,1,365,21,29,30,2672830
Mumbai,Apartment,Unfurnished,3,2,1442,12,16,33,25966026
Delhi,Independent House,Unfurnished,2,1,1024,17,21,29,11904148
Mumbai,Apartment,Unfurnished,2,2,1159,13,26,27,17445009
Bangalore,Apartment,Unfurnished,2,2,884,10,9,19,5571099
Mumbai,Apartment,Unfurnished,3,2,1411,3,25,26,28650429
Mumbai,Plot,Furnished,4,4,1768,8,6,33,20108553
Hyderabad,Independent House,Semi-Furnished,3,3,1694,6,10,26,8481667
Noida,Villa,Unfurnished,3,2,1457,0,1,31,11609783
Mumbai,Apartment,Semi-Furnished,3,2,1380,5,7,34,15062320
Bangalore,Independent House,Semi-Furnished,4,4,1918,20,22,23,14955296
Bangalore,Apartment,Unfurnished,5,5,2355,2,27,28,15048601
Mumbai,Independent House,Semi-Furnished,3,2,1553,20,26,27,25917786
Chennai,Studio,Unfurnished,5,5,2537,2,11,17,10998375
Noida,Apartment,Unfurnished,2,2,1095,7,5,25,5491051
Noida,Plot,Unfurnished,3,2,1284,17,15,30,2268896
Hyderabad,Villa,Furnished,1,1,499,18,21,32,4590555
Bangalore,Apartment,Unfurnished,2,1,1067,22,20,34,5028733
Delhi,Apartment,Unfurnished,3,2,1527,11,27,28,19300394
Gurugram,Apartment,Semi-Furnished,3,3,1354,16,10,11,13010264
Mumbai,Independent House,Semi-Furnished,3,2,1466,9,21,22,37535964
Hyderabad,Apartment,Semi-Furnished,5,4,2506,1,10,18,22574171
Mumbai,Studio,Unfurnished,2,2,909,4,26,27,20297144
Noida,Apartment,Unfurnished,3,3,1464,16,14,25,7165725
Pune,Plot,Unfurnished,3,3,1371,10,20,26,6061619
Delhi,Villa,Semi-Furnished,4,4,1904,3,29,30,35107242
Pune,Independent House,Unfurnished,3,2,1552,2,17,18,12721742
Chennai,Villa,Unfurnished,3,3,1361,23,27,28,8783655
Noida,Apartment,Unfurnished,1,1,355,20,28,31,1442140
Chennai,Independent House,Unfurnished,5,4,2462,3,26,27,18280766
Chennai,Apartment,Furnished,3,3,1528,20,29,30,7863491
Hyderabad,Independent House,Unfurnished,3,3,1479,2,13,14,6809519
Noida,Apartment,Unfurnished,4,3,1846,24,9,10,6156799
Hyderabad,Apartment,Semi-Furnished,3,2,1396,18,2,15,6796449
Bangalore,Apartment,Unfurnished,2,1,714,1,8,25,3871257
Bangalore,Studio,Furnished,1,1,514,3,14,15,2083394
Pune,Apartment,Semi-Furnished,4,3,1684,18,0,13,10429954
Noida,Apartment,Unfurnished,3,2,1428,2,22,25,8948963
Gurugram,Apartment,Furnished,4,4,1853,24,1,12,10904127
Delhi,Independent House,Unfurnished,4,4,1811,11,14,25,25929555
Noida,Apartment,Semi-Furnished,1,1,305,11,27,28,1530068
Delhi,Apartment,Semi-Furnished,3,3,1583,18,28,29,21414444
Bangalore,Apartment,Semi-Furnished,2,2,944,10,22,28,6188905
Chennai,Apartment,Unfurnished,3,3,1421,17,8,9,8296812
Bangalore,Independent House,Unfurnished,2,2,1208,3,7,34,13296766
Noida,Independent House,Unfurnished,3,2,1312,22,8,9,8419438
Gurugram,Villa,Furnished,2,2,850,11,20,21,12849633
Hyderabad,Apartment,Unfurnished,2,1,1167,1,24,25,8409408
Mumbai,Plot,Unfurnished,3,2,1591,14,5,10,13517184
Hyderabad,Apartment,Unfurnished,2,1,1014,3,13,14,6533719
Mumbai,Apartment,Furnished,5,4,2272,12,9,14,42057012
Delhi,Apartment,Semi-Furnished,3,2,1288,22,28,29,12649557
Delhi,Apartment,Semi-Furnished,3,3,1384,24,21,22,12401795
Gurugram,Independent House,Semi-Furnished,2,1,1344,3,18,32,13361350
Chennai,Independent House,Semi-Furnished,1,1,372,1,25,26,3893974
Delhi,Apartment,Semi-Furnished,3,2,1425,4,25,26,19232986
Pune,Villa,Unfurnished,1,1,691,6,14,15,5017323
Mumbai,Apartment,Unfurnished,4,4,1797,8,1,20,33049195
Gurugram,Plot,Unfurnished,2,2,962,24,15,16,4330063
Mumbai,Independent House,Unfurnished,2,2,686,11,26,27,10636231
Chennai,Apartment,Unfurnished,5,4,2517,17,15,30,15326918
Chennai,Apartment,Semi-Furnished,4,3,2025,20,0,5,14367358
Gurugram,Apartment,Unfurnished,3,2,1355,18,28,29,12668196
Gurugram,Apartment,Furnished,1,1,511,15,12,24,4146312
Chennai,Apartment,Unfurnished,2,2,710,1,26,27,5064377
Hyderabad,Studio,Unfurnished,4,3,1770,0,8,17,9148044
Pune,Apartment,Unfurnished,2,2,990,12,5,33,5229660
Mumbai,Villa,Furnished,4,4,1813,9,8,9,49006895
Noida,Apartment,Unfurnished,5,4,2329,4,17,31,13521286
Chennai,Independent House,Semi-Furnished,3,2,1456,22,28,31,10528772
Chennai,Apartment,Unfurnished,3,3,1505,8,4,23,9633067
Noida,Apartment,Unfurnished,1,1,518,5,19,20,3051834
Mumbai,Apartment,Furnished,2,2,1096,18,9,10,15854061
Bangalore,Apartment,Unfurnished,2,1,904,19,15,16,4792072
Bangalore,Plot,Semi-Furnished,3,3,1584,22,19,33,6166822
Noida,Plot,Furnished,2,2,948,23,12,13,3013736
Bangalore,Apartment,Unfurnished,1,1,671,14,25,26,4180327
Gurugram,Independent House,Semi-Furnished,3,2,1457,24,10,31,14178050
Bangalore,Plot,Unfurnished,2,2,1031,5,19,27,4563996
Hyderabad,Plot,Furnished,2,1,784,3,19,20,3714266
Hyderabad,Independent House,Semi-Furnished,4,4,1850,9,25,26,11278978
Bangalore,Independent House,Semi-Furnished,2,2,1025,3,29,30,9615446
Chennai,Apartment,Unfurnished,5,4,2114,2,23,24,11383550
Hyderabad,Independent House,Unfurnished,3,2,1347,14,2,16,8920679
Delhi,Villa,Semi-Furnished,3,2,1421,0,5,19,26122406
Hyderabad,Villa,Semi-Furnished,4,4,1867,12,7,14,11331440
Bangalore,Independent House,Furnished,1,1,632,6,16,19,6316594
Mumbai,Independent House,Unfurnished,3,2,1459,2,18,27,40656240
Gurugram,Studio,Semi-Furnished,4,4,1814,12,11,12,13509095
Pune,Apartment,Unfurnished,3,3,1432,19,14,24,7746662
Mumbai,Villa,Unfurnished,2,2,921,4,7,13,20768458
Noida,Apartment,Unfurnished,1,1,300,19,20,21,1530735
Pune,Independent House,Unfurnished,2,2,845,16,23,24,6980404
Delhi,Apartment,Unfurnished,1,1,373,19,22,23,3980864
Delhi,Apartment,Semi-Furnished,4,3,1712,12,8,17,22943079
Pune,Apartment,Unfurnished,1,1,653,6,13,29,3481270
Pune,Independent House,Semi-Furnished,3,3,1643,2,6,21,12649247
Pune,Apartment,Unfurnished,2,1,1137,5,0,23,7215909
Bangalore,Apartment,Unfurnished,2,2,1064,9,29,30,7525010
Delhi,Studio,Semi-Furnished,2,1,952,20,24,25,7916759
Mumbai,Independent House,Semi-Furnished,2,2,1056,9,15,19,26584571
Delhi,Independent House,Semi-Furnished,2,1,978,9,14,29,15525888
Pune,Villa,Unfurnished,5,5,2374,6,19,20,17969490
Delhi,Villa,Semi-Furnished,3,2,1419,7,29,30,16226091
Mumbai,Apartment,Unfurnished,3,3,1446,13,17,33,27597306
Mumbai,Apartment,Unfurnished,2,2,932,11,17,33,13833779
Delhi,Villa,Unfurnished,2,1,1061,1,26,27,16110659
Bangalore,Villa,Semi-Furnished,4,3,2002,19,26,27,14325538
Chennai,Apartment,Unfurnished,1,1,639,11,24,25,4257423
Chennai,Independent House,Semi-Furnished,2,2,879,18,24,30,5517759
Chennai,Apartment,Unfurnished,4,4,1959,11,23,24,8940506
Gurugram,Plot,Unfurnished,3,3,1266,20,29,30,5186376
Noida,Apartment,Unfurnished,2,2,941,20,22,32,5213966
Chennai,Apartment,Furnished,2,1,843,13,5,26,5735377
Chennai,Apartment,Unfurnished,4,4,2005,22,4,15,9813088
Bangalore,Independent House,Unfurnished,1,1,535,20,20,21,3005993
Gurugram,Independent House,Unfurnished,3,2,1193,4,26,27,16166391
Chennai,Apartment,Semi-Furnished,1,1,300,0,14,15,2314940
Noida,Villa,Unfurnished,2,1,849,11,25,30,6623000
Chennai,Apartment,Unfurnished,3,3,1257,23,12,22,7164077
Hyderabad,Apartment,Semi-Furnished,2,1,1026,2,1,21,6097615
Noida,Apartment,Furnished,3,3,1014,11,17,27,5843213
Gurugram,Apartment,Furnished,2,2,1084,18,3,22,6988690
Mumbai,Villa,Semi-Furnished,3,3,1545,0,23,24,34959525
Pune,Villa,Semi-Furnished,1,1,363,20,12,14,3162914
Chennai,Villa,Semi-Furnished,2,1,1025,2,28,29,9269721
Delhi,Independent House,Semi-Furnished,3,3,1326,23,15,16,17140894
Chennai,Apartment,Furnished,3,3,1523,13,20,30,9623267
Delhi,Villa,Furnished,2,2,971,20,20,30,17149378
Noida,Apartment,Semi-Furnished,5,4,2420,19,5,10,9055195
Hyderabad,Independent House,Furnished,3,2,1380,13,6,7,7351609
Delhi,Independent House,Unfurnished,3,3,1386,16,27,28,22188685
Bangalore,Apartment,Semi-Furnished,2,1,796,20,26,27,5372245
Chennai,Apartment,Furnished,2,2,992,2,20,32,4976660
Noida,Villa,Semi-Furnished,2,1,739,4,15,31,8466163
Chennai,Apartment,Unfurnished,2,1,879,12,29,30,5893059
Bangalore,Independent House,Semi-Furnished,2,1,904,15,11,12,6067491
Chennai,Apartment,Semi-Furnished,3,3,1600,3,16,17,9077620
Mumbai,Apartment,Semi-Furnished,3,2,1466,22,21,22,24640937
Hyderabad,Apartment,Unfurnished,3,3,1364,6,13,14,8790430
Bangalore,Apartment,Furnished,1,1,442,5,19,28,4348073
Bangalore,Plot,Unfurnished,3,2,1275,8,7,24,4201926
Noida,Apartment,Unfurnished,2,1,1081,3,15,31,7966689
Chennai,Studio,Unfurnished,1,1,450,7,11,12,2314333
Hyderabad,Independent House,Semi-Furnished,3,3,1624,12,14,17,12142676
Pune,Apartment,Unfurnished,2,2,1251,0,11,12,8603064
Bangalore,Plot,Furnished,4,3,1675,7,28,29,9359573
Mumbai,Apartment,Unfurnished,4,3,2001,6,18,19,17751908
Delhi,Villa,Semi-Furnished,4,3,1768,16,21,29,29653087
Delhi,Plot,Unfurnished,3,2,1515,22,12,28,7651032
Chennai,Apartment,Unfurnished,2,2,1010,19,10,22,4004030
Pune,Villa,Unfurnished,3,3,1630,8,29,30,12062380
Bangalore,Apartment,Unfurnished,1,1,384,21,20,21,1863255
Chennai,Apartment,Furnished,1,1,300,1,28,31,2445207
Hyderabad,Villa,Semi-Furnished,2,1,967,2,10,12,6157898
Delhi,Apartment,Semi-Furnished,4,3,1979,7,15,20,21520296
Pune,Plot,Unfurnished,1,1,581,23,5,12,1794368
Mumbai,Apartment,Semi-Furnished,3,3,1491,24,10,11,21167518
Noida,Apartment,Semi-Furnished,4,3,1954,20,27,28,11911224
Mumbai,Plot,Unfurnished,2,1,1226,22,6,33,10843893
Bangalore,Apartment,Furnished,2,1,968,20,16,21,6149964
Bangalore,Apartment,Semi-Furnished,4,3,1973,11,1,13,13825467
Delhi,Apartment,Unfurnished,3,2,1311,18,3,30,10137463
Hyderabad,Apartment,Unfurnished,1,1,300,1,21,22,1659246
Hyderabad,Independent House,Semi-Furnished,1,1,558,9,28,29,3534688
Bangalore,Apartment,Furnished,2,2,777,6,29,34,7088245
Chennai,Apartment,Semi-Furnished,3,2,1344,20,11,12,6689624
Gurugram,Apartment,Unfurnished,3,2,1592,10,0,3,13907732
Hyderabad,Villa,Semi-Furnished,3,2,1276,0,8,22,11722283
Chennai,Independent House,Semi-Furnished,2,1,742,17,4,33,5395505
Mumbai,Apartment,Semi-Furnished,2,2,1025,9,7,22,11568434
Hyderabad,Plot,Semi-Furnished,3,3,1237,15,0,26,4166094
Gurugram,Apartment,Unfurnished,1,1,523,7,2,25,4386020
Delhi,Apartment,Semi-Furnished,5,4,2389,0,6,12,29698524
Chennai,Apartment,Semi-Furnished,4,3,2017,4,23,24,14420643
Mumbai,Villa,Furnished,2,1,787,3,7,19,19937906
Noida,Apartment,Semi-Furnished,2,2,844,14,22,23,4732261
Noida,Apartment,Semi-Furnished,5,4,2533,8,25,26,15841948
Hyderabad,Apartment,Unfurnished,1,1,450,17,1,28,2210162
Pune,Independent House,Unfurnished,4,3,2015,23,23,24,9028267
Mumbai,Villa,Semi-Furnished,1,1,541,6,7,19,15405035
Chennai,Apartment,Semi-Furnished,2,2,910,11,26,27,6208609
Bangalore,Apartment,Unfurnished,1,1,655,7,20,24,5079030
Gurugram,Apartment,Unfurnished,3,3,1361,10,22,23,10595725
Noida,Villa,Semi-Furnished,2,2,1002,19,1,6,6790539
Gurugram,Plot,Unfurnished,4,4,1851,4,27,28,13026204
Delhi,Apartment,Unfurnished,3,3,1515,17,23,24,12035524
Delhi,Apartment,Unfurnished,3,2,1517,23,2,31,13822087
Pune,Apartment,Semi-Furnished,2,1,978,8,22,23,5433221
Noida,Villa,Semi-Furnished,4,3,2211,20,4,7,18473286
Delhi,Apartment,Furnished,4,3,2003,19,26,27,22456024
Hyderabad,Independent House,Unfurnished,3,2,1418,22,23,24,8108060
Bangalore,Villa,Semi-Furnished,5,5,2362,7,9,10,17637338
Gurugram,Apartment,Unfurnished,5,4,2439,8,21,24,21113803
Delhi,Plot,Semi-Furnished,1,1,498,16,26,27,3055118
Noida,Independent House,Unfurnished,3,2,1346,16,1,5,6245904
Hyderabad,Apartment,Semi-Furnished,3,3,1438,15,21,22,7156942
Hyderabad,Plot,Semi-Furnished,2,1,817,22,3,32,1857571
Bangalore,Independent House,Semi-Furnished,3,2,1551,19,15,29,10514603
Gurugram,Apartment,Furnished,1,1,392,16,20,21,4345980
Gurugram,Plot,Semi-Furnished,2,1,965,7,4,10,6951781
Gurugram,Apartment,Semi-Furnished,2,2,1002,3,4,29,10380475
Noida,Apartment,Furnished,2,2,876,12,25,26,5594725
Mumbai,Independent House,Furnished,4,4,2051,23,27,28,38417134
Hyderabad,Apartment,Unfurnished,2,2,885,19,16,23,3462084
Noida,Apartment,Unfurnished,3,3,1423,24,20,24,6461332
Mumbai,Independent House,Furnished,3,2,1585,1,12,24,44513018
Bangalore,Independent House,Furnished,5,4,2297,21,11,12,10319276
Gurugram,Plot,Semi-Furnished,1,1,534,3,29,30,2777363
Gurugram,Independent House,Furnished,3,2,1468,9,4,16,15456219
Gurugram,Independent House,Furnished,2,1,1127,18,5,10,9545076
Hyderabad,Apartment,Furnished,4,3,1799,13,13,14,10843219
Mumbai,Independent House,Furnished,4,3,2006,15,18,19,37253967
Gurugram,Plot,Semi-Furnished,3,3,1457,22,5,18,5657256
Hyderabad,Apartment,Unfurnished,1,1,562,16,10,26,2371887
Noida,Independent House,Furnished,2,2,1191,17,5,26,7780095
Pune,Plot,Unfurnished,2,1,1003,2,16,24,4363234
Chennai,Independent House,Unfurnished,3,3,1329,23,13,26,5835371
Noida,Plot,Unfurnished,3,2,1476,16,24,27,4466988
Mumbai,Apartment,Unfurnished,4,4,1845,14,22,23,19553470
Chennai,Independent House,Unfurnished,3,3,1305,17,15,32,5652092
Hyderabad,Apartment,Unfurnished,1,1,576,13,3,17,2574716
Bangalore,Apartment,Unfurnished,4,3,1933,3,16,23,12086873
Chennai,Apartment,Unfurnished,4,4,1811,19,9,19,8668332
Hyderabad,Apartment,Unfurnished,3,3,1508,3,16,31,8177567
Delhi,Apartment,Unfurnished,2,1,960,7,22,23,12592362
Hyderabad,Apartment,Unfurnished,5,4,2358,6,22,23,12486592
Gurugram,Apartment,Semi-Furnished,3,3,1406,6,29,30,12722430
Bangalore,Independent House,Semi-Furnished,2,1,868,7,19,32,7111112
Hyderabad,Plot,Furnished,4,3,1765,15,6,15,4990068
Mumbai,Apartment,Unfurnished,2,2,1008,1,24,25,15045457
Hyderabad,Apartment,Unfurnished,3,2,1401,16,11,17,5778387
Pune,Independent House,Semi-Furnished,2,2,1148,5,16,17,10661836
Bangalore,Villa,Unfurnished,2,2,977,3,7,23,8871479
Bangalore,Apartment,Unfurnished,3,2,1441,18,26,27,10363383
Chennai,Villa,Furnished,2,2,942,20,6,7,6830764
Chennai,Apartment,Semi-Furnished,2,1,998,19,29,30,4687851
Chennai,Independent House,Semi-Furnished,2,2,970,19,29,30,5251605
Bangalore,Apartment,Semi-Furnished,2,2,898,0,23,24,7607391
Chennai,Independent House,Furnished,1,1,601,4,0,19,4574506
Chennai,Independent House,Unfurnished,3,3,1407,5,25,31,10520661
Hyderabad,Apartment,Semi-Furnished,2,1,911,17,6,17,4418860
Bangalore,Studio,Semi-Furnished,3,2,1477,19,11,15,8169816
Chennai,Independent House,Semi-Furnished,3,3,1459,19,14,21,9597421
Chennai,Plot,Unfurnished,2,1,1101,18,15,16,3623243
Mumbai,Independent House,Unfurnished,1,1,499,11,18,19,8041071
Hyderabad,Apartment,Semi-Furnished,2,1,771,15,9,14,4059241
Bangalore,Apartment,Furnished,5,5,2352,10,23,24,18192772
Chennai,Apartment,Unfurnished,4,3,1833,18,11,30,7579737
Mumbai,Studio,Unfurnished,2,1,937,12,22,23,16285626
Mumbai,Apartment,Unfurnished,2,2,1026,16,28,29,16227574
Noida,Villa,Semi-Furnished,2,1,783,18,3,20,5112298
Chennai,Apartment,Unfurnished,2,2,1042,18,2,17,5946930
Mumbai,Independent House,Semi-Furnished,3,3,1412,3,15,16,40053260
Gurugram,Studio,Semi-Furnished,4,4,2093,9,10,30,19879017
Chennai,Apartment,Semi-Furnished,2,1,1219,13,7,8,6611724
Noida,Plot,Furnished,5,5,2624,16,10,26,13605038
Chennai,Independent House,Furnished,4,4,1920,23,13,14,17037784
Delhi,Independent House,Unfurnished,4,4,2000,1,24,25,29392927
Mumbai,Apartment,Furnished,3,2,1137,3,7,8,22065374
Noida,Villa,Furnished,3,2,1433,7,24,25,18167798
Mumbai,Apartment,Semi-Furnished,4,4,1834,24,16,31,27349607
Hyderabad,Plot,Unfurnished,3,2,1451,12,5,23,4954562
Hyderabad,Independent House,Furnished,2,2,744,17,25,26,2774156
Gurugram,Apartment,Semi-Furnished,2,2,848,6,0,19,7489242
Noida,Apartment,Unfurnished,4,3,2018,11,22,23,11594909
Gurugram,Apartment,Furnished,2,1,824,1,0,6,8503883
Chennai,Studio,Unfurnished,3,2,1381,15,8,17,5911720
Pune,Apartment,Unfurnished,2,2,1042,13,5,32,5473064
Noida,Apartment,Semi-Furnished,1,1,320,11,20,33,1764998
Bangalore,Villa,Semi-Furnished,2,1,1151,20,0,33,9345523
Gurugram,Apartment,Furnished,2,1,1019,8,17,18,12040784
Hyderabad,Villa,Unfurnished,4,3,1694,11,20,21,11728591
Gurugram,Apartment,Semi-Furnished,2,1,817,16,26,27,6842855
Chennai,Apartment,Semi-Furnished,2,2,957,8,18,21,5960975
Noida,Villa,Semi-Furnished,3,2,1586,12,8,12,11086795
Delhi,Plot,Unfurnished,4,4,1852,1,25,26,12200020
Gurugram,Apartment,Semi-Furnished,4,3,1853,15,25,26,16268311
Pune,Apartment,Semi-Furnished,4,3,2016,17,19,20,10203313
Pune,Apartment,Unfurnished,3,3,1420,7,17,34,9420410
Noida,Apartment,Unfurnished,1,1,531,11,4,23,2739927
Gurugram,Apartment,Unfurnished,3,2,1256,2,12,15,14612332
Delhi,Apartment,Semi-Furnished,1,1,505,21,20,21,4188677
Noida,Apartment,Unfurnished,1,1,560,3,15,30,3087574
Chennai,Apartment,Unfurnished,1,1,576,21,11,12,4058677
Bangalore,Plot,Unfurnished,2,2,927,12,15,16,2979913
Pune,Apartment,Unfurnished,2,2,1044,22,18,32,4151116
Bangalore,Apartment,Semi-Furnished,1,1,359,23,3,20,1924354
Noida,Apartment,Unfurnished,2,1,968,15,20,21,5827102
Bangalore,Villa,Unfurnished,3,2,1409,23,15,16,12179698
Gurugram,Independent House,Semi-Furnished,2,2,1018,4,8,22,10586852
Hyderabad,Apartment,Unfurnished,2,2,974,23,15,31,4071144
Pune,Independent House,Semi-Furnished,1,1,476,8,25,26,2994410
Bangalore,Apartment,Furnished,1,1,457,22,26,31,2263474
Chennai,Independent House,Furnished,2,1,1040,5,6,7,9641457
Gurugram,Apartment,Unfurnished,3,2,1646,16,24,34,9851911
Hyderabad,Apartment,Unfurnished,5,5,2434,9,9,11,9110697
Delhi,Villa,Semi-Furnished,3,2,1476,2,10,27,21812271
Hyderabad,Independent House,Unfurnished,2,1,902,17,11,25,5399030
Noida,Plot,Unfurnished,4,4,1781,5,17,18,9619627
Hyderabad,Apartment,Unfurnished,3,2,1407,20,1,8,4312392
Chennai,Independent House,Semi-Furnished,4,4,2047,8,25,26,19516848
Pune,Apartment,Unfurnished,3,3,1425,17,21,31,6813172
Noida,Villa,Unfurnished,3,2,1259,19,18,19,9303320
Hyderabad,Apartment,Furnished,2,2,951,8,29,30,6293665
Hyderabad,Apartment,Unfurnished,1,1,599,6,0,26,2554455
Hyderabad,Apartment,Semi-Furnished,3,2,1522,5,29,30,7422838
Noida,Apartment,Unfurnished,3,2,1438,17,8,17,9412781
Mumbai,Independent House,Unfurnished,2,1,959,12,29,30,16113461
Noida,Independent House,Unfurnished,4,3,1991,7,18,24,13013311
Bangalore,Apartment,Semi-Furnished,2,1,1023,6,20,21,7382813
Delhi,Apartment,Unfurnished,3,2,1485,9,28,29,10675274
Pune,Apartment,Unfurnished,1,1,439,5,26,27,3596436
Mumbai,Apartment,Semi-Furnished,2,1,879,23,14,25,12934053
Mumbai,Villa,Unfurnished,4,3,2069,16,2,28,33161553
Chennai,Villa,Unfurnished,2,1,826,15,24,25,7181080
Chennai,Apartment,Furnished,3,3,1404,6,17,18,9841484
Chennai,Apartment,Semi-Furnished,4,4,1937,19,21,22,12879723
Bangalore,Apartment,Furnished,3,2,1424,2,23,32,14710592
Delhi,Apartment,Unfurnished,3,2,1619,8,19,20,13168388
Mumbai,Plot,Semi-Furnished,3,2,1235,24,23,32,10484985
Noida,Plot,Unfurnished,3,3,1180,16,23,26,5424106
Pune,Independent House,Semi-Furnished,2,2,1089,4,7,33,8755962
Delhi,Apartment,Unfurnished,3,2,1497,4,13,21,13393195
Gurugram,Plot,Unfurnished,1,1,647,17,24,25,2683705
Noida,Apartment,Unfurnished,1,1,527,20,28,29,1968463
Chennai,Apartment,Unfurnished,3,2,1429,23,11,15,9138203
Chennai,Villa,Furnished,4,3,1735,23,18,22,15450568
Pune,Plot,Unfurnished,5,4,2441,18,3,22,7680781
Delhi,Plot,Furnished,4,3,1601,10,14,15,12912762
Chennai,Apartment,Unfurnished,3,2,1368,24,14,15,6078146
Chennai,Apartment,Furnished,1,1,315,8,10,11,2723264
Bangalore,Independent House,Semi-Furnished,2,2,903,17,26,30,7458241
Chennai,Apartment,Semi-Furnished,2,1,873,18,10,11,4448607
Hyderabad,Plot,Semi-Furnished,3,3,1481,15,18,26,5371599
Bangalore,Villa,Semi-Furnished,4,3,1957,0,24,25,19439764
Bangalore,Apartment,Furnished,2,2,908,17,18,23,6996936
Mumbai,Apartment,Furnished,3,3,1488,11,13,31,30435301
Noida,Apartment,Unfurnished,1,1,491,3,0,13,3241373
Hyderabad,Independent House,Semi-Furnished,2,1,913,13,28,29,7149085
Pune,Apartment,Unfurnished,5,5,2351,24,17,22,10850023
Pune,Apartment,Semi-Furnished,2,1,1133,24,6,27,5156123
Delhi,Apartment,Semi-Furnished,3,2,1477,1,27,28,18619034
Gurugram,Apartment,Semi-Furnished,3,3,1535,23,21,22,12677134
Delhi,Apartment,Semi-Furnished,1,1,423,8,27,28,4053283
Hyderabad,Plot,Unfurnished,1,1,491,4,1,22,1694690
Hyderabad,Apartment,Unfurnished,2,2,907,6,25,34,3547038
Bangalore,Apartment,Semi-Furnished,3,3,1426,5,5,23,9771296
Chennai,Independent House,Unfurnished,4,3,1936,12,22,23,13725283
Hyderabad,Studio,Furnished,1,1,518,7,26,28,2977775
Pune,Apartment,Unfurnished,1,1,542,13,3,33,2706612
Mumbai,Apartment,Unfurnished,1,1,347,8,24,25,6566040
Chennai,Apartment,Furnished,3,3,1453,8,25,26,11872213
Hyderabad,Apartment,Semi-Furnished,4,4,2141,11,20,21,8375229
Mumbai,Apartment,Furnished,3,2,1443,21,10,28,25209770
Delhi,Apartment,Semi-Furnished,3,3,1446,16,23,24,19058965
Noida,Apartment,Unfurnished,2,1,1283,13,15,16,7823141
Pune,Apartment,Unfurnished,2,1,948,24,0,6,3726075
Gurugram,Independent House,Furnished,4,3,1832,20,12,14,22428993
Mumbai,Plot,Semi-Furnished,3,3,1492,15,14,21,15202240
Gurugram,Apartment,Furnished,2,1,803,16,20,31,8801032
Pune,Villa,Unfurnished,5,5,2262,22,7,25,14576457
Mumbai,Plot,Unfurnished,3,3,1460,21,29,30,8141278
Pune,Apartment,Furnished,4,4,1869,1,18,30,16820511
Pune,Apartment,Unfurnished,3,3,1510,23,10,29,7539168
Noida,Apartment,Unfurnished,3,2,1435,4,28,29,8499216
Hyderabad,Apartment,Semi-Furnished,2,2,1031,22,22,29,4835708
Noida,Apartment,Unfurnished,3,3,1377,15,23,27,7214738
Delhi,Apartment,Furnished,1,1,479,2,1,13,6919431
Delhi,Apartment,Unfurnished,2,1,851,19,19,32,7267654
Mumbai,Independent House,Furnished,2,2,1038,2,11,17,32445387
Hyderabad,Villa,Furnished,5,5,2378,8,15,16,17830700
Chennai,Plot,Semi-Furnished,1,1,724,12,20,31,3465968
Noida,Apartment,Unfurnished,2,2,822,2,12,33,4510450
Noida,Apartment,Unfurnished,3,2,1566,8,20,21,8344823
Delhi,Studio,Semi-Furnished,3,2,1451,14,4,19,15450169
Gurugram,Independent House,Furnished,3,3,1575,8,12,16,20625365
Bangalore,Independent House,Semi-Furnished,5,4,2465,10,18,23,18689412
Gurugram,Independent House,Semi-Furnished,2,1,866,15,12,19,8489353
Delhi,Apartment,Semi-Furnished,2,1,999,23,16,30,10212477
Mumbai,Apartment,Semi-Furnished,5,4,2483,12,4,25,32008832
Delhi,Apartment,Unfurnished,5,4,2286,19,8,11,27940157
Delhi,Apartment,Semi-Furnished,5,5,2513,16,16,21,22360539
Delhi,Apartment,Semi-Furnished,3,2,1503,16,15,34,10258460
Mumbai,Apartment,Furnished,3,3,1350,8,17,30,21106679
Delhi,Independent House,Unfurnished,5,5,2402,16,22,23,29171604
Chennai,Apartment,Semi-Furnished,4,3,2003,13,13,14,16643446
Noida,Apartment,Unfurnished,3,2,1420,19,12,13,4047910
Bangalore,Studio,Semi-Furnished,1,1,549,23,27,32,1608455
Bangalore,Independent House,Semi-Furnished,4,3,1973,21,15,32,11657054
Mumbai,Apartment,Furnished,4,3,2054,2,27,28,45433611
Noida,Independent House,Unfurnished,4,3,1922,17,17,18,9786966
Delhi,Apartment,Unfurnished,4,4,1855,11,17,18,17793607
Gurugram,Apartment,Unfurnished,5,5,2279,2,6,12,19348178
Mumbai,Plot,Unfurnished,4,3,1996,9,10,14,20646053
Delhi,Apartment,Unfurnished,3,2,1464,12,3,5,17049489
Bangalore,Studio,Semi-Furnished,3,3,1626,19,13,14,7391421
Delhi,Independent House,Unfurnished,4,4,2020,21,29,30,16308513
Pune,Villa,Semi-Furnished,2,2,1120,5,24,25,9800911
Gurugram,Independent House,Semi-Furnished,2,1,894,16,1,12,10111016
Delhi,Apartment,Semi-Furnished,2,1,914,23,22,28,7301969
Noida,Apartment,Furnished,3,3,1295,9,0,20,7050158
Chennai,Plot,Semi-Furnished,1,1,522,5,0,25,2363417
Pune,Studio,Furnished,1,1,483,16,1,28,2418806
Mumbai,Apartment,Unfurnished,3,2,1547,16,23,24,24829009
Noida,Villa,Semi-Furnished,3,2,1476,22,13,31,11828529
Bangalore,Apartment,Unfurnished,3,2,1394,13,6,7,9515154
Noida,Apartment,Unfurnished,3,2,1320,7,27,28,7007458
Pune,Apartment,Unfurnished,4,3,1784,5,8,9,11982179
Delhi,Independent House,Unfurnished,3,3,1332,20,25,26,14766880
Mumbai,Villa,Unfurnished,3,2,1510,20,20,30,27580481
Delhi,Apartment,Furnished,1,1,432,19,4,28,4768896
Noida,Apartment,Furnished,2,1,1099,3,21,33,6119394
Gurugram,Apartment,Furnished,3,2,1393,18,1,6,13795612
Hyderabad,Studio,Semi-Furnished,2,1,998,10,7,30,5185861
Noida,Villa,Furnished,3,3,1508,18,18,19,15267731
Chennai,Apartment,Furnished,3,3,1461,17,29,30,9749837
Gurugram,Independent House,Furnished,3,2,1629,0,1,25,12908700
Hyderabad,Apartment,Unfurnished,2,1,777,4,24,32,4748338
Hyderabad,Plot,Unfurnished,2,2,970,4,16,23,4645406
Bangalore,Studio,Unfurnished,3,3,1276,8,28,29,8726448
Chennai,Plot,Furnished,2,2,841,15,8,26,3225313
Chennai,Villa,Unfurnished,3,3,1496,9,14,15,12653091
Noida,Apartment,Semi-Furnished,4,4,1945,18,20,27,12202641
Noida,Apartment,Semi-Furnished,3,2,1482,11,26,27,7725455
Chennai,Apartment,Unfurnished,2,2,1060,17,28,29,7647864
Noida,Villa,Semi-Furnished,2,1,972,18,15,16,8224482
Noida,Apartment,Furnished,2,2,879,8,17,33,5489322
Bangalore,Independent House,Furnished,3,2,1194,14,19,20,8354202
Pune,Apartment,Unfurnished,3,2,1482,12,7,18,8580836
Delhi,Apartment,Unfurnished,3,2,1468,22,16,29,11140408
Noida,Apartment,Unfurnished,2,1,894,15,20,29,5217216
Hyderabad,Apartment,Unfurnished,2,1,944,24,9,17,4538194
Noida,Villa,Semi-Furnished,1,1,611,21,15,19,5954257
Chennai,Apartment,Unfurnished,3,3,1485,0,26,27,8623223
Gurugram,Apartment,Unfurnished,2,1,1100,18,4,24,7556767
Noida,Apartment,Unfurnished,2,2,841,13,24,25,3989098
Chennai,Independent House,Unfurnished,3,3,1753,10,2,8,10608200
Noida,Apartment,Unfurnished,1,1,520,24,4,13,2799800
Chennai,Apartment,Semi-Furnished,5,4,2531,12,10,13,11177805
Delhi,Studio,Furnished,1,1,428,23,10,11,3394530
Gurugram,Apartment,Unfurnished,2,2,901,18,28,29,6746086
Bangalore,Apartment,Semi-Furnished,3,3,1347,16,20,21,6994962
Delhi,Apartment,Semi-Furnished,2,2,1042,10,14,31,9263262
Noida,Plot,Unfurnished,5,5,2555,22,23,31,5807385
Gurugram,Apartment,Semi-Furnished,5,5,2430,20,10,11,21504226
Gurugram,Villa,Semi-Furnished,3,3,1610,17,22,30,15849218
Hyderabad,Apartment,Unfurnished,3,3,1255,20,18,34,7389216
Chennai,Villa,Unfurnished,3,3,1366,6,18,19,13409256
Chennai,Apartment,Semi-Furnished,1,1,528,12,7,12,3304530
Gurugram,Villa,Unfurnished,4,3,1848,3,19,20,22982155
Delhi,Apartment,Semi-Furnished,2,2,832,14,5,26,10386394
Bangalore,Villa,Furnished,3,3,1366,2,24,30,13150068
Gurugram,Apartment,Unfurnished,3,3,1376,15,11,12,9852312
Hyderabad,Apartment,Furnished,2,2,1109,6,4,34,8650284
Hyderabad,Independent House,Furnished,3,3,1658,8,18,19,14851940
Noida,Apartment,Semi-Furnished,3,3,1287,19,0,23,7851020
Bangalore,Independent House,Unfurnished,3,2,1376,4,12,32,8406295
Delhi,Plot,Semi-Furnished,3,3,1358,3,29,30,13749776
Hyderabad,Studio,Unfurnished,2,1,987,13,13,14,4081765
Gurugram,Plot,Unfurnished,3,3,1455,2,24,25,9213997
Bangalore,Apartment,Semi-Furnished,3,2,1514,11,8,15,10425669
Mumbai,Independent House,Semi-Furnished,3,3,1245,16,18,32,22193479
Noida,Apartment,Unfurnished,2,1,979,24,0,4,4764347
Mumbai,Plot,Semi-Furnished,3,2,1242,2,2,20,17895157
Delhi,Apartment,Unfurnished,3,3,1502,9,0,20,17529469
Bangalore,Apartment,Furnished,2,1,855,10,27,30,5886091
Gurugram,Apartment,Unfurnished,3,3,1259,22,8,26,11044636
Bangalore,Villa,Semi-Furnished,2,1,1282,11,19,20,12726407
Pune,Apartment,Unfurnished,4,3,1938,6,19,21,14096201
Delhi,Apartment,Unfurnished,3,2,1311,8,9,10,15552249
Mumbai,Apartment,Unfurnished,4,4,1972,12,15,31,26960584
Delhi,Apartment,Semi-Furnished,4,3,1963,23,9,24,13979281
Chennai,Apartment,Unfurnished,4,4,1978,5,16,31,7684943
Pune,Apartment,Unfurnished,3,2,1483,18,18,28,9734238
Delhi,Apartment,Unfurnished,3,3,1458,1,15,16,21172135
Pune,Apartment,Semi-Furnished,3,2,1232,11,17,34,7836690
Pune,Independent House,Unfurnished,4,3,1911,1,22,23,20252349
Gurugram,Villa,Semi-Furnished,2,1,1006,2,8,13,13572692
Delhi,Apartment,Unfurnished,4,4,1964,8,23,24,22132142
Hyderabad,Apartment,Unfurnished,4,3,1854,18,9,10,8291331
Mumbai,Studio,Semi-Furnished,1,1,522,19,15,16,6089303
Chennai,Independent House,Unfurnished,2,1,911,4,5,31,4446559
Gurugram,Plot,Unfurnished,3,2,1288,17,23,24,5690077
Pune,Villa,Unfurnished,5,4,2607,4,14,15,19288175
Hyderabad,Apartment,Unfurnished,5,4,2311,0,29,30,12782567
Mumbai,Apartment,Semi-Furnished,4,4,1808,20,15,16,33354011
Noida,Apartment,Unfurnished,4,4,2029,21,17,28,10235314
Mumbai,Apartment,Furnished,4,4,1779,24,8,9,30888904
Chennai,Independent House,Unfurnished,3,3,1512,7,23,30,9463818
Chennai,Independent House,Furnished,3,3,1347,10,5,17,8761861
Pune,Apartment,Unfurnished,3,2,1611,4,16,18,7667617
Mumbai,Apartment,Unfurnished,3,2,1568,13,22,23,19357797
Bangalore,Apartment,Unfurnished,1,1,561,13,11,33,4511290
Gurugram,Apartment,Semi-Furnished,3,3,1438,5,16,17,11918369
Gurugram,Plot,Unfurnished,3,2,1224,24,9,10,4146565
Bangalore,Apartment,Unfurnished,2,2,907,4,25,27,6718752
Mumbai,Independent House,Unfurnished,3,3,1274,4,28,29,25453962
Bangalore,Apartment,Semi-Furnished,4,3,1709,16,11,22,10126725
Hyderabad,Apartment,Semi-Furnished,4,3,1758,24,13,27,9621958
Hyderabad,Apartment,Unfurnished,3,3,1346,23,0,20,5382867
Gurugram,Apartment,Semi-Furnished,2,1,1089,19,8,10,7327459
Noida,Apartment,Furnished,3,2,1349,23,29,30,6735092
Pune,Plot,Semi-Furnished,3,3,1484,8,0,25,4381802
Hyderabad,Independent House,Unfurnished,1,1,593,23,15,16,4264710
Bangalore,Apartment,Semi-Furnished,4,4,1877,23,29,33,7941090
Mumbai,Apartment,Furnished,2,2,1031,15,20,21,21752133
Noida,Independent House,Unfurnished,2,2,956,13,16,24,5295762
Chennai,Villa,Furnished,2,2,846,17,20,21,7577809
Hyderabad,Apartment,Unfurnished,3,2,1664,8,24,28,13708309
Bangalore,Plot,Unfurnished,2,2,1039,19,3,12,4076579
Chennai,Apartment,Semi-Furnished,1,1,430,10,3,16,2017053
Gurugram,Apartment,Unfurnished,3,2,1456,24,18,28,10121999
Gurugram,Plot,Unfurnished,2,2,1235,2,13,34,6433027
Delhi,Apartment,Unfurnished,4,4,1949,1,0,7,25539523
Delhi,Villa,Unfurnished,5,4,2456,22,18,32,32288356
Chennai,Apartment,Unfurnished,3,2,1297,17,15,16,7938495
Chennai,Apartment,Semi-Furnished,3,2,1502,18,24,25,6117051
Hyderabad,Apartment,Semi-Furnished,2,2,1142,18,10,11,4687241
Chennai,Apartment,Furnished,2,2,862,6,6,16,5163265
Hyderabad,Plot,Unfurnished,2,2,879,19,6,8,2876616
Bangalore,Apartment,Furnished,2,2,903,11,12,24,5961376
Noida,Villa,Unfurnished,1,1,720,17,9,31,5990036
Bangalore,Apartment,Unfurnished,3,2,1282,1,8,9,7064532
Mumbai,Plot,Semi-Furnished,3,2,1494,7,16,33,18633945
Noida,Apartment,Unfurnished,5,4,2406,2,6,17,15309415
Hyderabad,Villa,Unfurnished,2,2,848,8,21,22,4597763
Gurugram,Independent House,Semi-Furnished,4,3,1722,21,9,10,18245281
Noida,Apartment,Furnished,2,2,845,20,5,12,4442694
Mumbai,Independent House,Unfurnished,5,4,2394,21,10,11,45515856
Delhi,Apartment,Unfurnished,3,3,1485,7,12,21,19032901
Bangalore,Apartment,Unfurnished,4,3,2006,5,6,7,18217522
Noida,Studio,Semi-Furnished,3,2,1573,5,11,33,10371053
Gurugram,Apartment,Unfurnished,2,2,1086,20,29,30,7918298
Noida,Apartment,Semi-Furnished,2,2,969,23,6,7,4264312
Mumbai,Apartment,Semi-Furnished,2,1,978,24,13,25,12063415
Gurugram,Apartment,Semi-Furnished,3,2,1346,23,20,21,11758904
Delhi,Villa,Semi-Furnished,1,1,596,20,24,25,7429351
Gurugram,Plot,Unfurnished,4,3,2092,12,9,27,11540073
Hyderabad,Independent House,Unfurnished,1,1,442,14,17,20,2020305
Gurugram,Independent House,Unfurnished,3,2,1334,9,4,31,10808260
Delhi,Independent House,Unfurnished,2,1,843,6,8,24,10320988
Hyderabad,Apartment,Semi-Furnished,3,3,1568,14,26,30,9271659
Mumbai,Independent House,Furnished,3,3,1278,14,25,26,19796653
Bangalore,Apartment,Semi-Furnished,2,2,954,23,18,19,4538230
Pune,Studio,Semi-Furnished,2,1,1011,16,15,27,4163812
Hyderabad,Independent House,Semi-Furnished,5,5,2316,17,20,21,9124439
Bangalore,Independent House,Unfurnished,2,2,1131,13,5,21,6652935
Hyderabad,Plot,Furnished,2,1,955,3,23,24,4117771
Bangalore,Villa,Unfurnished,3,3,1547,15,25,26,14035177
Hyderabad,Apartment,Unfurnished,5,5,2505,4,27,28,14004752
Gurugram,Apartment,Semi-Furnished,5,4,2358,22,8,16,18044247
Hyderabad,Villa,Unfurnished,4,3,2047,15,4,22,11050188
Gurugram,Studio,Furnished,2,1,1006,24,20,21,8891165
Bangalore,Plot,Furnished,4,3,1996,9,11,16,12213204
Mumbai,Villa,Semi-Furnished,2,2,873,15,29,30,17564841
Bangalore,Independent House,Furnished,4,3,1707,13,18,32,13082457
Bangalore,Plot,Unfurnished,1,1,405,11,0,28,1296520
Chennai,Villa,Unfurnished,2,2,857,10,20,24,5656181
Bangalore,Apartment,Furnished,4,3,1928,1,15,16,19712945
Chennai,Apartment,Unfurnished,3,2,1388,22,0,29,5599315
Delhi,Independent House,Semi-Furnished,2,2,1101,18,12,34,9653541
Gurugram,Villa,Unfurnished,3,2,1437,5,3,18,11590293
Gurugram,Apartment,Unfurnished,4,3,1927,17,18,23,15053211
Hyderabad,Apartment,Furnished,1,1,481,14,22,23,2907232
Pune,Apartment,Semi-Furnished,1,1,458,17,11,12,3033189
Bangalore,Apartment,Unfurnished,3,2,1319,10,4,14,7524578
Pune,Independent House,Furnished,2,1,1203,17,28,29,10391764
Gurugram,Apartment,Unfurnished,2,1,937,17,15,25,8436201
Mumbai,Plot,Unfurnished,3,2,1560,17,5,9,18254158
Bangalore,Apartment,Semi-Furnished,1,1,300,24,7,27,1174771
Delhi,Apartment,Unfurnished,1,1,722,16,21,28,4814946
Chennai,Apartment,Unfurnished,4,3,2179,22,18,19,12570509
Gurugram,Apartment,Unfurnished,3,3,1492,21,12,31,10957824
Bangalore,Villa,Semi-Furnished,3,2,1537,2,21,22,10714472
Bangalore,Plot,Unfurnished,3,2,1491,19,28,29,5808375
Bangalore,Apartment,Unfurnished,5,5,2372,0,29,30,21444251
Gurugram,Plot,Furnished,4,4,1961,1,26,27,15967919
Chennai,Independent House,Unfurnished,4,3,1915,1,1,8,14100346
Chennai,Apartment,Semi-Furnished,2,1,1198,22,12,27,4566338
Delhi,Independent House,Semi-Furnished,2,2,975,21,0,34,13514692
Noida,Villa,Semi-Furnished,2,2,867,1,5,24,9228870
Delhi,Plot,Unfurnished,4,4,1635,16,22,25,10923030
Mumbai,Apartment,Unfurnished,3,3,1350,14,4,8,18149885
Hyderabad,Villa,Unfurnished,1,1,300,3,22,23,2518820
Delhi,Independent House,Furnished,4,3,2013,12,29,30,34093660
Delhi,Plot,Unfurnished,2,1,1132,9,17,18,8609752
Chennai,Independent House,Furnished,3,3,1390,17,6,21,12610531
Mumbai,Villa,Semi-Furnished,3,3,1343,11,18,19,32732587
Gurugram,Plot,Semi-Furnished,2,2,874,9,29,30,5577052
Bangalore,Villa,Unfurnished,4,3,1907,21,11,12,8510207
Mumbai,Apartment,Semi-Furnished,5,5,2217,2,11,12,45021787
Delhi,Apartment,Semi-Furnished,2,2,1053,6,22,25,10942255
Delhi,Independent House,Unfurnished,4,3,1948,1,24,25,20951216
Pune,Plot,Furnished,2,2,1048,15,24,34,4849310
Mumbai,Studio,Unfurnished,5,4,2423,8,16,22,30716566
Hyderabad,Apartment,Unfurnished,1,1,530,13,25,26,2621614
Pune,Apartment,Furnished,2,2,995,6,10,27,7866225
Gurugram,Apartment,Furnished,4,3,1892,7,11,32,21427041
Chennai,Independent House,Furnished,2,2,702,19,13,25,3643247
Delhi,Plot,Unfurnished,3,3,1538,0,4,22,13194141
Noida,Apartment,Furnished,3,3,1674,23,1,14,8965209
Noida,Apartment,Semi-Furnished,2,1,863,18,12,15,4121372
Chennai,Plot,Unfurnished,2,2,1181,9,12,13,5578265
Gurugram,Apartment,Unfurnished,3,3,1536,15,17,18,6808854
Chennai,Studio,Unfurnished,5,5,2396,2,22,23,16197763
Chennai,Apartment,Semi-Furnished,1,1,300,22,5,13,2044700
Mumbai,Apartment,Unfurnished,3,2,1604,22,24,25,23369905
Mumbai,Apartment,Furnished,2,2,985,14,25,26,16371750
Pune,Apartment,Semi-Furnished,5,5,2387,9,15,26,13385174
Hyderabad,Apartment,Unfurnished,2,2,694,20,16,33,3371502
Bangalore,Apartment,Semi-Furnished,3,2,1387,15,29,34,5706728
Delhi,Apartment,Unfurnished,1,1,436,10,28,29,3575325
Gurugram,Apartment,Semi-Furnished,4,4,1969,19,14,15,15145627
Chennai,Independent House,Unfurnished,4,4,1819,22,20,21,9040790
Noida,Independent House,Unfurnished,4,4,1954,6,23,24,13765477
Noida,Apartment,Unfurnished,3,2,1313,21,27,33,5548651
Pune,Apartment,Unfurnished,2,2,819,22,2,16,3984878
Mumbai,Plot,Semi-Furnished,2,1,887,1,6,7,12244429
Delhi,Independent House,Unfurnished,3,3,1454,2,15,16,22876281
Chennai,Apartment,Unfurnished,2,1,946,19,10,20,4565895
Noida,Apartment,Unfurnished,4,3,2027,1,13,23,13680788
Mumbai,Apartment,Furnished,5,5,2367,0,21,22,54512739
Mumbai,Apartment,Unfurnished,2,1,877,2,23,24,18727808
Gurugram,Apartment,Semi-Furnished,2,1,906,17,18,21,6946431
Gurugram,Apartment,Semi-Furnished,1,1,482,3,8,25,5779335
Hyderabad,Plot,Semi-Furnished,2,2,953,24,1,6,2688199
Pune,Studio,Furnished,1,1,371,7,10,30,1877593
Mumbai,Independent House,Furnished,3,2,1241,9,10,13,21933536
Mumbai,Apartment,Semi-Furnished,3,2,1336,1,16,19,31540964
Noida,Plot,Unfurnished,2,2,979,12,26,27,3052000
Gurugram,Apartment,Unfurnished,2,2,1123,8,5,11,9321825
Hyderabad,Villa,Unfurnished,1,1,484,16,21,22,2562348
Gurugram,Apartment,Semi-Furnished,3,2,1401,10,14,15,14952970
Chennai,Apartment,Furnished,3,2,1454,23,27,28,8645360
Bangalore,Apartment,Semi-Furnished,2,1,825,15,9,28,4424390
Hyderabad,Independent House,Unfurnished,2,2,613,17,21,29,3251957
Chennai,Apartment,Unfurnished,1,1,421,8,28,29,3221471
Bangalore,Apartment,Furnished,1,1,536,14,9,29,3698348
Mumbai,Villa,Unfurnished,3,3,1619,3,3,7,40236361
Bangalore,Plot,Unfurnished,2,2,954,0,17,24,4335133
Chennai,Studio,Unfurnished,2,2,1006,22,18,31,5296496
Noida,Apartment,Semi-Furnished,3,3,1420,6,3,8,10024207
Pune,Independent House,Furnished,4,4,2182,17,20,26,16482513
Mumbai,Independent House,Furnished,1,1,584,21,9,28,7911325
Pune,Apartment,Semi-Furnished,1,1,554,16,29,30,3036472
Chennai,Apartment,Furnished,2,2,801,13,19,20,6808420
Pune,Villa,Semi-Furnished,4,4,1781,24,7,8,12068288
Gurugram,Villa,Unfurnished,2,1,871,3,23,29,10014147
Bangalore,Independent House,Semi-Furnished,3,3,1371,17,19,20,10404868
Noida,Plot,Unfurnished,2,1,1040,18,12,20,2819512
Noida,Villa,Semi-Furnished,3,3,1498,22,22,23,12363129
Mumbai,Apartment,Furnished,3,3,1561,13,2,17,20778395
Mumbai,Independent House,Unfurnished,3,3,1286,16,8,12,18911164
Gurugram,Apartment,Furnished,4,4,1769,6,4,28,12892760
Bangalore,Apartment,Furnished,2,2,904,12,29,30,5745909
Mumbai,Apartment,Furnished,1,1,402,1,20,26,9315064
Bangalore,Apartment,Furnished,3,3,1500,21,12,30,10838731
Chennai,Apartment,Unfurnished,3,3,1459,13,29,30,8455436
Delhi,Studio,Semi-Furnished,2,2,980,18,9,16,9258456
Mumbai,Apartment,Semi-Furnished,2,2,992,5,24,25,18282476
Hyderabad,Apartment,Unfurnished,3,2,1474,7,25,30,8285478
Hyderabad,Villa,Semi-Furnished,5,5,2377,18,22,31,20029307
Chennai,Plot,Unfurnished,5,5,2483,22,15,28,6454302
Mumbai,Plot,Semi-Furnished,1,1,615,9,4,26,4610347
Chennai,Villa,Semi-Furnished,5,5,2411,6,10,16,13736099
Bangalore,Apartment,Unfurnished,5,5,2302,11,26,27,12900421
Mumbai,Apartment,Unfurnished,3,2,1379,3,2,11,23680201
Chennai,Independent House,Unfurnished,4,3,1938,20,0,3,10913793
Noida,Apartment,Unfurnished,4,4,1861,23,3,10,9766889
Noida,Independent House,Unfurnished,2,1,959,11,4,11,6016349
Bangalore,Apartment,Unfurnished,3,2,1572,22,13,20,7709715
Chennai,Apartment,Semi-Furnished,2,2,985,7,13,15,5017803
Hyderabad,Apartment,Unfurnished,4,3,1776,23,2,32,9637769
Pune,Apartment,Unfurnished,4,3,2101,20,2,23,11284864
Pune,Villa,Semi-Furnished,2,2,960,19,4,28,7877195
Mumbai,Apartment,Furnished,2,2,1130,24,0,33,11139048
Chennai,Apartment,Unfurnished,2,1,1026,10,9,17,9192539
Bangalore,Apartment,Semi-Furnished,5,5,2523,10,18,19,16010853
Pune,Apartment,Semi-Furnished,4,4,1921,24,20,29,8796708
Noida,Studio,Unfurnished,1,1,429,18,23,29,2326185
Gurugram,Apartment,Furnished,3,3,1724,15,17,23,14362309
Gurugram,Apartment,Unfurnished,3,3,1398,4,17,25,10367574
Hyderabad,Apartment,Unfurnished,2,2,912,5,8,13,5954060
Gurugram,Apartment,Unfurnished,3,2,1644,24,16,17,13736667
Pune,Apartment,Semi-Furnished,3,2,1403,17,28,29,6027199
Gurugram,Apartment,Furnished,3,2,1571,23,24,25,16037429
Pune,Independent House,Semi-Furnished,2,2,942,5,8,28,7816098
Pune,Apartment,Unfurnished,5,5,2438,4,8,15,12415841
Gurugram,Apartment,Unfurnished,3,3,1480,10,3,8,9205022
Noida,Apartment,Furnished,2,2,1197,1,15,16,8299913
Delhi,Independent House,Unfurnished,3,3,1564,14,28,29,22825039
Pune,Studio,Furnished,1,1,300,12,25,33,1726999
Gurugram,Plot,Semi-Furnished,2,2,946,7,0,4,5715164
Hyderabad,Plot,Semi-Furnished,3,2,1477,15,9,10,5091470
Mumbai,Plot,Unfurnished,4,4,1966,15,6,17,22263554
Hyderabad,Studio,Unfurnished,3,2,1537,13,21,22,7128803
Noida,Apartment,Unfurnished,2,2,963,12,20,21,5479237
Hyderabad,Studio,Unfurnished,2,1,976,7,28,30,5587085
Gurugram,Villa,Unfurnished,2,1,840,22,5,15,6689977
Delhi,Apartment,Furnished,4,4,1793,16,7,9,23979010
Mumbai,Independent House,Furnished,2,1,1000,24,7,16,24512129
Delhi,Apartment,Unfurnished,1,1,432,7,28,29,4566402
Hyderabad,Independent House,Unfurnished,3,3,1249,24,9,10,7365487
Chennai,Apartment,Unfurnished,1,1,683,9,15,32,4257335
Pune,Studio,Unfurnished,2,2,1078,6,26,27,7228208
Delhi,Villa,Unfurnished,3,2,1361,9,21,23,20490390
Chennai,Apartment,Furnished,1,1,300,21,15,17,1976900
Gurugram,Apartment,Semi-Furnished,2,2,1003,22,11,19,5579227
Delhi,Apartment,Unfurnished,3,3,1365,13,4,29,10468428
Bangalore,Apartment,Furnished,4,4,1832,3,8,9,12720646
Mumbai,Apartment,Furnished,2,2,929,13,14,31,18674255
Pune,Apartment,Furnished,2,1,923,1,11,29,7233340
Noida,Apartment,Furnished,1,1,758,23,15,21,2938724
Delhi,Apartment,Semi-Furnished,4,3,1922,9,13,30,19986992
Delhi,Apartment,Unfurnished,4,3,2250,6,12,14,28532598
Gurugram,Apartment,Semi-Furnished,2,1,1054,19,29,30,8775888
Delhi,Apartment,Semi-Furnished,3,2,1309,14,6,28,19549296
Noida,Independent House,Semi-Furnished,3,2,1356,21,4,16,8070109
Noida,Plot,Semi-Furnished,4,4,2053,16,4,26,5431143
Bangalore,Apartment,Semi-Furnished,1,1,601,21,7,9,3877011
Hyderabad,Studio,Furnished,4,3,1857,16,25,26,6274301
Delhi,Apartment,Furnished,2,2,979,22,5,11,11827410
Chennai,Apartment,Semi-Furnished,2,1,941,3,12,22,5618314
Delhi,Plot,Furnished,3,3,1607,21,12,19,12903097
Pune,Apartment,Semi-Furnished,2,2,896,17,7,10,6247216
Delhi,Villa,Semi-Furnished,3,2,1386,21,5,32,19315909
Hyderabad,Apartment,Semi-Furnished,4,3,1835,18,7,17,10307763
Gurugram,Apartment,Unfurnished,4,4,1973,22,27,28,14808886
Pune,Villa,Unfurnished,3,3,1246,4,13,16,10754495
Bangalore,Independent House,Furnished,2,2,831,3,0,24,6544588
Gurugram,Apartment,Unfurnished,4,3,2124,16,14,22,12884902
Noida,Apartment,Unfurnished,4,3,2079,9,28,29,14467047
Noida,Plot,Unfurnished,4,4,1714,19,28,29,5455168
Chennai,Apartment,Furnished,1,1,543,21,0,9,2698327
Mumbai,Independent House,Semi-Furnished,4,3,1798,9,25,26,45264968
Delhi,Villa,Unfurnished,2,1,783,16,21,22,7352136
Hyderabad,Independent House,Furnished,4,3,1983,3,0,3,13459828
Chennai,Apartment,Unfurnished,2,2,992,10,24,26,5855609
Chennai,Independent House,Unfurnished,4,3,1948,8,10,13,11124251
Hyderabad,Independent House,Unfurnished,5,5,2176,21,16,17,10949393
Chennai,Plot,Semi-Furnished,1,1,546,12,13,23,2430109
Pune,Villa,Unfurnished,1,1,300,4,24,25,2452461
Mumbai,Independent House,Unfurnished,2,2,1083,17,9,10,16881504
Chennai,Independent House,Semi-Furnished,5,5,2774,7,1,30,12836283
Noida,Apartment,Furnished,2,2,864,24,27,28,5806324
Mumbai,Apartment,Unfurnished,3,3,1254,22,22,23,24194177
Delhi,Apartment,Semi-Furnished,1,1,517,14,7,15,4422559
Mumbai,Plot,Unfurnished,2,2,864,18,19,20,5338269
Mumbai,Villa,Semi-Furnished,4,4,1799,22,18,24,29049225
Pune,Apartment,Furnished,1,1,439,19,27,30,2791940
Chennai,Apartment,Unfurnished,4,3,1788,2,4,30,13929920
Gurugram,Independent House,Unfurnished,1,1,568,2,8,9,7410947
Delhi,Villa,Furnished,3,3,1252,17,2,5,18509697
Delhi,Plot,Furnished,4,4,1958,21,17,18,12649361
Noida,Apartment,Unfurnished,3,2,1520,2,3,21,7388525
Mumbai,Apartment,Unfurnished,3,3,1191,4,18,34,24033687
Bangalore,Villa,Furnished,4,4,2007,8,1,4,22105445
Noida,Apartment,Unfurnished,5,5,2312,20,19,30,11253629
Delhi,Plot,Unfurnished,3,2,1535,12,6,7,9677369
Pune,Apartment,Unfurnished,2,1,1123,19,29,30,5227226
Chennai,Plot,Unfurnished,4,3,1915,17,11,16,5631955
Mumbai,Apartment,Semi-Furnished,4,4,1912,9,12,13,23969931
Pune,Apartment,Unfurnished,1,1,556,0,3,10,4195889
Noida,Apartment,Furnished,2,2,909,16,12,19,5983296
Gurugram,Apartment,Semi-Furnished,3,2,1547,20,21,22,12817514
Delhi,Plot,Semi-Furnished,2,1,1103,16,4,34,7136578
Chennai,Plot,Semi-Furnished,2,2,1038,0,13,14,5505378
Delhi,Apartment,Semi-Furnished,1,1,366,8,17,24,4677840
Pune,Villa,Unfurnished,4,4,1978,10,23,31,16955807
Bangalore,Villa,Semi-Furnished,3,2,1428,5,2,18,14067713
Noida,Plot,Unfurnished,2,2,1169,24,7,23,3745782
Hyderabad,Apartment,Furnished,3,3,1423,2,21,30,7816617
Pune,Villa,Unfurnished,4,4,1967,10,11,12,19757286
Gurugram,Apartment,Semi-Furnished,2,1,1116,11,8,31,8835756
Hyderabad,Independent House,Semi-Furnished,2,2,895,12,20,21,6423810
Hyderabad,Apartment,Semi-Furnished,4,3,1921,6,22,23,10266996
Delhi,Plot,Furnished,3,2,1593,22,19,24,14914366
Hyderabad,Apartment,Unfurnished,2,2,976,24,9,10,4531239
Hyderabad,Apartment,Unfurnished,3,3,1605,24,6,7,6310568
Noida,Villa,Semi-Furnished,2,2,951,18,2,14,5344531
Bangalore,Apartment,Semi-Furnished,1,1,495,0,2,20,3039125
Pune,Independent House,Unfurnished,2,2,1093,3,9,29,6689758
Delhi,Independent House,Furnished,2,1,1057,18,22,23,13704700
Pune,Villa,Furnished,2,1,1342,2,13,32,8960962
Noida,Villa,Furnished,2,1,872,24,29,30,5682995
Noida,Apartment,Unfurnished,3,2,1573,9,4,22,8659036
Chennai,Independent House,Furnished,4,3,1965,18,15,25,13440395
Chennai,Independent House,Furnished,1,1,550,5,13,14,4126904
Gurugram,Independent House,Semi-Furnished,2,1,880,13,10,13,9631855
Hyderabad,Independent House,Unfurnished,3,3,1448,18,4,12,8065942
Mumbai,Apartment,Semi-Furnished,2,2,1052,19,17,27,20102331
Gurugram,Apartment,Furnished,3,2,1334,16,4,5,11580864
Delhi,Apartment,Furnished,4,3,1768,15,0,33,22732409
Hyderabad,Villa,Semi-Furnished,4,4,1849,12,15,16,10563776
Noida,Apartment,Unfurnished,2,1,929,24,12,18,4719078
Hyderabad,Plot,Semi-Furnished,3,3,1532,9,26,27,5689591
Hyderabad,Apartment,Semi-Furnished,2,1,880,0,26,33,4408887
Chennai,Studio,Unfurnished,2,2,945,20,13,23,4232278
Bangalore,Independent House,Unfurnished,2,1,975,1,25,26,7170806
Chennai,Studio,Furnished,4,4,1801,3,23,24,13371102
Gurugram,Villa,Semi-Furnished,3,2,1417,7,19,28,12098486
Pune,Apartment,Unfurnished,2,2,893,19,23,24,4243364
Noida,Apartment,Semi-Furnished,1,1,761,4,6,17,4773370
Noida,Apartment,Unfurnished,4,4,1995,13,14,29,10999660
Bangalore,Apartment,Semi-Furnished,3,2,1490,5,28,29,12482420
Delhi,Villa,Unfurnished,3,3,1526,0,21,22,30780806
Noida,Apartment,Semi-Furnished,4,4,1802,0,18,31,14076766
Noida,Apartment,Semi-Furnished,2,2,839,15,23,30,3024927
Bangalore,Studio,Furnished,2,1,1170,2,15,16,7214109
Bangalore,Plot,Semi-Furnished,4,4,1830,2,3,9,12106100
Bangalore,Independent House,Unfurnished,4,3,2026,2,11,22,13995491
Mumbai,Villa,Semi-Furnished,2,2,1106,0,29,30,41832705
Hyderabad,Apartment,Unfurnished,2,2,1077,6,24,33,3784046
Pune,Apartment,Unfurnished,3,3,1348,18,23,24,8580541
Mumbai,Apartment,Semi-Furnished,3,2,1591,0,7,17,31774369
Delhi,Apartment,Unfurnished,5,4,2339,9,19,20,36292595
Chennai,Apartment,Semi-Furnished,2,2,908,17,27,28,4697783
Pune,Plot,Unfurnished,3,3,1377,4,28,29,5899582
Hyderabad,Apartment,Unfurnished,2,2,1135,8,3,9,6036527
Hyderabad,Apartment,Unfurnished,3,2,1259,7,20,26,6604944
Noida,Apartment,Semi-Furnished,2,2,627,6,7,33,4247048
Delhi,Plot,Semi-Furnished,1,1,344,23,21,22,2433365
Mumbai,Apartment,Furnished,2,1,808,21,8,34,17575634
Noida,Apartment,Unfurnished,2,1,884,7,14,30,5413826
Hyderabad,Plot,Semi-Furnished,1,1,541,5,25,26,2261424
Pune,Plot,Semi-Furnished,1,1,490,7,25,27,2311366
Bangalore,Apartment,Semi-Furnished,2,2,1051,12,11,23,7116420
Delhi,Independent House,Unfurnished,2,2,952,18,5,9,9757240
Noida,Independent House,Semi-Furnished,3,3,1693,17,6,7,9955678
Pune,Apartment,Unfurnished,2,1,850,19,6,7,3826383
Chennai,Apartment,Furnished,2,2,871,3,16,18,6265048
Noida,Villa,Semi-Furnished,2,1,946,8,21,22,7492632
Chennai,Independent House,Semi-Furnished,3,2,1428,13,27,28,11220459
Pune,Villa,Semi-Furnished,3,2,1564,21,12,15,11042036
Chennai,Apartment,Unfurnished,2,2,881,16,15,16,3699613
Bangalore,Plot,Unfurnished,1,1,352,17,29,30,1332523
Noida,Apartment,Unfurnished,1,1,444,24,14,15,2195057
Mumbai,Apartment,Unfurnished,4,4,1979,2,5,7,18153053
Bangalore,Apartment,Semi-Furnished,2,2,1021,19,22,34,5135492
Hyderabad,Independent House,Unfurnished,3,2,1518,15,22,33,8192861
Bangalore,Apartment,Unfurnished,3,3,1398,21,13,32,8028902
Delhi,Apartment,Furnished,3,2,1569,20,23,34,19817110
Pune,Independent House,Unfurnished,3,3,1408,6,18,24,10562573
Bangalore,Plot,Furnished,2,1,742,20,19,20,2824983
Bangalore,Apartment,Unfurnished,3,2,1422,11,12,24,8632484
Noida,Plot,Semi-Furnished,3,2,1602,5,15,28,5660326
Noida,Apartment,Semi-Furnished,3,2,1588,0,10,32,12780296
Mumbai,Apartment,Unfurnished,2,1,926,9,1,27,14840384
Pune,Apartment,Unfurnished,4,3,1969,18,20,21,7467110
Delhi,Villa,Semi-Furnished,3,3,1341,23,8,21,14981177
Gurugram,Independent House,Unfurnished,5,4,2358,23,4,5,22657183
Noida,Independent House,Semi-Furnished,2,2,1104,21,18,19,6867704
Mumbai,Villa,Furnished,3,2,1581,23,23,24,25961765
Delhi,Studio,Unfurnished,3,2,1474,0,19,24,16412093
Gurugram,Apartment,Semi-Furnished,4,3,1903,8,2,33,17068372
Gurugram,Apartment,Unfurnished,2,2,839,13,23,24,6526378
Gurugram,Apartment,Unfurnished,1,1,440,16,10,11,3306534
Noida,Plot,Unfurnished,2,1,941,18,16,17,2937817
Delhi,Apartment,Unfurnished,1,1,367,11,8,17,4350639
Gurugram,Apartment,Semi-Furnished,3,2,1282,7,12,23,11111675
Pune,Studio,Furnished,2,2,860,12,27,30,5668504
Pune,Independent House,Unfurnished,2,1,914,13,10,15,5167875
Chennai,Villa,Semi-Furnished,4,4,1927,9,15,31,14646091
Mumbai,Independent House,Unfurnished,4,4,2134,11,6,14,36872214
Mumbai,Apartment,Furnished,3,2,1703,17,10,11,32993566
Delhi,Plot,Furnished,1,1,345,7,27,28,3461054
Hyderabad,Villa,Semi-Furnished,3,2,1721,21,20,21,5347542
Mumbai,Apartment,Unfurnished,2,2,710,24,23,24,7396446
Pune,Apartment,Unfurnished,3,2,1342,2,10,23,7742350
Pune,Apartment,Furnished,4,3,1726,21,20,21,9813902
Bangalore,Apartment,Semi-Furnished,1,1,491,5,29,30,4245741
Bangalore,Studio,Semi-Furnished,3,3,1307,7,7,25,7527868
Hyderabad,Apartment,Furnished,2,2,899,18,21,22,7251438
Bangalore,Plot,Unfurnished,5,4,2450,10,25,26,6248083
Gurugram,Apartment,Semi-Furnished,1,1,396,6,18,19,2998564
Gurugram,Apartment,Furnished,3,2,1689,21,16,34,13498068
Mumbai,Apartment,Unfurnished,3,3,1392,18,23,24,20110550
Mumbai,Plot,Semi-Furnished,3,2,1521,6,29,30,22047967
Gurugram,Villa,Unfurnished,2,2,1121,22,21,23,11668258
Mumbai,Independent House,Furnished,1,1,432,6,11,12,11476590
Hyderabad,Apartment,Unfurnished,2,1,1211,12,22,23,6956407
Chennai,Independent House,Unfurnished,2,2,1013,14,5,29,8707917
Gurugram,Independent House,Semi-Furnished,2,1,1047,19,23,24,12068346
Pune,Apartment,Semi-Furnished,1,1,628,9,24,25,2797546
Chennai,Studio,Furnished,2,2,1014,21,17,18,6903375
Pune,Independent House,Semi-Furnished,1,1,359,2,8,17,2526097
Delhi,Plot,Semi-Furnished,3,3,1584,19,1,6,7648166
Bangalore,Apartment,Furnished,1,1,490,9,9,10,2802771
Hyderabad,Apartment,Unfurnished,2,1,1147,2,5,6,7805501
Delhi,Independent House,Furnished,3,2,1559,14,26,28,27128881
Pune,Independent House,Furnished,2,1,1090,13,2,10,9189477
Chennai,Apartment,Unfurnished,5,5,2571,5,26,32,22767473
Gurugram,Apartment,Unfurnished,3,2,1420,7,12,13,13833970
Pune,Villa,Unfurnished,3,3,1253,13,13,17,7659426
Bangalore,Independent House,Semi-Furnished,2,2,1019,8,28,29,7683272
Mumbai,Villa,Unfurnished,1,1,575,3,7,34,12980917
Gurugram,Apartment,Furnished,4,3,1798,15,10,15,10941465
Chennai,Apartment,Furnished,3,2,1432,24,17,19,8682892
Chennai,Villa,Furnished,2,1,1016,16,14,15,8218433
Noida,Villa,Semi-Furnished,3,2,1744,10,25,26,16935480
Mumbai,Apartment,Furnished,3,2,1427,16,22,24,16736873
Chennai,Apartment,Furnished,3,2,1447,21,18,33,6447562
Hyderabad,Apartment,Unfurnished,2,2,983,6,14,17,6870636
Gurugram,Independent House,Semi-Furnished,2,1,1011,21,2,23,6927605
Mumbai,Villa,Furnished,2,2,864,4,3,4,34229377
Bangalore,Studio,Unfurnished,2,2,1075,21,15,31,2900887
Chennai,Apartment,Unfurnished,3,3,1484,0,11,27,8985205
Bangalore,Apartment,Semi-Furnished,2,2,830,2,7,25,6797877
Mumbai,Plot,Semi-Furnished,3,2,1364,17,25,26,12228741
Mumbai,Apartment,Unfurnished,2,2,785,22,2,25,12422333
Delhi,Apartment,Unfurnished,2,1,995,20,27,28,10390905
Bangalore,Apartment,Semi-Furnished,3,3,1326,1,6,31,11200740
Noida,Plot,Semi-Furnished,4,4,1986,23,21,23,6738392
Mumbai,Apartment,Unfurnished,2,1,906,11,6,18,11349431
Hyderabad,Independent House,Semi-Furnished,3,3,1341,14,7,18,7943335
Noida,Apartment,Unfurnished,2,2,822,6,23,24,4364778
Mumbai,Apartment,Furnished,3,3,1364,9,9,10,20751612
Pune,Studio,Semi-Furnished,3,2,1447,6,7,16,9844818
Bangalore,Villa,Unfurnished,2,1,905,22,22,29,5615852
Delhi,Apartment,Semi-Furnished,3,2,1403,2,29,30,14677984
Mumbai,Independent House,Furnished,3,2,1467,19,23,24,23931747
Bangalore,Villa,Furnished,3,2,1283,4,29,30,13659078
Gurugram,Apartment,Furnished,4,4,1888,3,6,28,23463898
Mumbai,Studio,Unfurnished,3,3,1515,10,6,22,20059634
Pune,Apartment,Unfurnished,3,2,1475,22,13,14,8354732
Mumbai,Apartment,Furnished,4,3,1967,24,2,3,29225000
Gurugram,Plot,Semi-Furnished,4,4,1869,2,6,7,12258314
Hyderabad,Independent House,Semi-Furnished,4,4,1947,3,8,19,15285236
Gurugram,Apartment,Unfurnished,4,3,1742,17,29,33,11707733
Hyderabad,Apartment,Unfurnished,2,1,870,7,11,19,4001084
Gurugram,Apartment,Unfurnished,5,5,2428,14,29,30,23334841
Mumbai,Independent House,Furnished,2,1,1143,23,1,3,14199405
Chennai,Studio,Unfurnished,3,2,1480,22,5,13,6347979
Noida,Apartment,Unfurnished,3,3,1537,12,24,25,10835272
Delhi,Apartment,Furnished,4,3,1899,21,20,29,15996658
Noida,Villa,Unfurnished,3,2,1298,9,21,23,10242178
Hyderabad,Independent House,Unfurnished,3,3,1573,9,10,32,8956666
Bangalore,Independent House,Unfurnished,2,1,941,1,13,29,6772731
Noida,Independent House,Semi-Furnished,3,3,1470,6,28,34,11620435
Hyderabad,Independent House,Unfurnished,3,2,1380,8,21,22,9246739
Delhi,Independent House,Unfurnished,3,2,1327,14,26,33,15475749
Chennai,Independent House,Semi-Furnished,2,1,1077,4,13,18,8368735
Gurugram,Villa,Furnished,1,1,526,0,23,24,6456063
Noida,Apartment,Semi-Furnished,5,5,2546,2,21,25,17830571
Chennai,Apartment,Unfurnished,2,2,973,9,18,19,5827130
Gurugram,Apartment,Semi-Furnished,3,3,1355,1,29,30,12753504
Chennai,Apartment,Unfurnished,4,3,1670,13,13,14,10612804
Bangalore,Apartment,Furnished,4,3,2051,20,0,14,10882563
Delhi,Independent House,Semi-Furnished,2,2,868,6,13,14,14361485
Pune,Apartment,Semi-Furnished,4,4,2002,13,14,15,11403366
Hyderabad,Apartment,Unfurnished,2,2,1141,5,10,26,7276962
Delhi,Apartment,Semi-Furnished,3,3,1569,22,22,23,13093758
Chennai,Plot,Semi-Furnished,4,4,1893,16,22,23,8350563
Bangalore,Independent House,Unfurnished,2,2,812,17,4,18,3414479
Bangalore,Apartment,Furnished,1,1,554,0,20,21,5869496
Bangalore,Villa,Furnished,1,1,384,20,7,25,3962504
Pune,Plot,Unfurnished,3,2,1328,1,14,25,3950305
Delhi,Villa,Semi-Furnished,2,2,827,21,27,34,10194403
Chennai,Apartment,Furnished,3,3,1431,2,17,18,11567296
Mumbai,Apartment,Semi-Furnished,2,1,777,9,22,23,17260592
Noida,Apartment,Unfurnished,2,2,1049,13,2,29,6141907
Noida,Apartment,Unfurnished,2,1,936,23,22,33,5287846
Chennai,Apartment,Semi-Furnished,2,1,845,22,16,24,2610038
Chennai,Apartment,Unfurnished,3,2,1130,22,22,34,5043376
Bangalore,Independent House,Unfurnished,5,5,2504,5,4,5,13270586
Gurugram,Independent House,Semi-Furnished,2,1,1090,6,9,15,15724295
Chennai,Apartment,Furnished,1,1,535,2,19,20,4873246
Hyderabad,Plot,Unfurnished,2,2,1013,9,27,28,3065851
Pune,Independent House,Semi-Furnished,2,1,776,16,21,22,6543099
Noida,Independent House,Furnished,2,2,1078,22,23,24,6122781
Mumbai,Apartment,Furnished,3,2,1470,18,16,17,29045515
Hyderabad,Apartment,Unfurnished,2,2,985,13,3,11,5126903
Pune,Apartment,Unfurnished,3,3,1404,7,8,28,7434024
Noida,Independent House,Furnished,3,3,1455,7,2,19,12150264
Delhi,Plot,Semi-Furnished,2,1,1018,17,23,24,8906801
Hyderabad,Apartment,Furnished,2,1,1012,18,4,10,3843993
Mumbai,Apartment,Unfurnished,2,1,836,23,20,24,8643779
Chennai,Villa,Unfurnished,4,4,2062,1,12,29,16245645
Chennai,Apartment,Unfurnished,3,3,1378,23,21,22,5500827
Mumbai,Apartment,Unfurnished,3,2,1469,14,22,30,27235665
Pune,Apartment,Semi-Furnished,4,4,1757,2,10,31,13953022
Mumbai,Apartment,Furnished,4,4,1818,17,21,31,26693773
Noida,Independent House,Semi-Furnished,2,2,966,11,12,33,8883493
Gurugram,Apartment,Unfurnished,2,2,1041,10,4,6,6041628
Hyderabad,Studio,Furnished,3,2,1387,3,15,16,9331885
Noida,Apartment,Semi-Furnished,5,5,2542,0,16,20,20165893
Noida,Apartment,Unfurnished,3,3,1412,8,11,16,7945918
Pune,Independent House,Furnished,5,4,2309,3,26,27,24730088
Pune,Apartment,Semi-Furnished,2,1,815,21,5,7,3419348
Delhi,Villa,Unfurnished,1,1,661,21,20,29,6419823
Mumbai,Independent House,Unfurnished,3,3,1486,9,9,19,26635288
Bangalore,Apartment,Unfurnished,4,4,1980,11,11,27,6932917
Bangalore,Apartment,Semi-Furnished,2,1,710,23,16,26,5174259
Pune,Independent House,Unfurnished,2,1,1007,18,23,32,6288186
Noida,Independent House,Semi-Furnished,2,2,957,5,17,18,8214039
Bangalore,Apartment,Unfurnished,2,2,847,10,7,23,4776089
Mumbai,Apartment,Semi-Furnished,2,1,918,24,25,26,12986777
Noida,Apartment,Semi-Furnished,4,3,1885,1,8,30,9730949
Mumbai,Independent House,Furnished,2,1,861,13,17,18,17997121
Delhi,Apartment,Semi-Furnished,3,3,1468,8,19,29,24137418
Mumbai,Apartment,Furnished,4,4,1842,21,12,30,30761813
Chennai,Apartment,Unfurnished,3,3,1576,4,20,21,11895863
Noida,Apartment,Furnished,1,1,300,16,26,27,2152634
Mumbai,Apartment,Unfurnished,5,4,2539,17,24,33,31701544
Hyderabad,Plot,Unfurnished,3,3,1479,10,16,28,5624102
Chennai,Apartment,Semi-Furnished,1,1,368,8,11,27,2770483
Hyderabad,Plot,Unfurnished,5,4,2348,22,19,33,7645531
Delhi,Apartment,Furnished,3,2,1454,21,24,26,12803198
Delhi,Apartment,Semi-Furnished,2,2,1119,6,0,17,14706341
Mumbai,Studio,Unfurnished,2,2,1047,15,28,29,14539860
Mumbai,Plot,Semi-Furnished,5,4,2338,15,22,32,21184729
Pune,Apartment,Unfurnished,4,3,2114,4,8,24,13442762
Gurugram,Villa,Unfurnished,3,3,1352,3,16,17,14624825
Bangalore,Plot,Semi-Furnished,4,3,1870,16,25,26,9809712
Pune,Apartment,Semi-Furnished,3,3,1462,10,4,5,7048257
Pune,Apartment,Furnished,2,2,1019,10,29,30,8989389
Delhi,Independent House,Furnished,3,3,1237,1,19,21,19963524
Pune,Independent House,Semi-Furnished,1,1,801,5,18,20,6909136
Delhi,Apartment,Unfurnished,4,3,1903,17,17,19,20057354
Chennai,Apartment,Unfurnished,3,3,1520,23,23,24,7267862
Gurugram,Apartment,Semi-Furnished,4,4,1951,24,5,26,15482004
Pune,Apartment,Unfurnished,3,3,1618,11,0,31,8531997
Pune,Apartment,Semi-Furnished,3,3,1673,5,3,28,13202243
Delhi,Independent House,Furnished,3,3,1378,5,21,22,17728847
Chennai,Apartment,Unfurnished,1,1,395,1,14,15,2527349
Mumbai,Apartment,Semi-Furnished,2,2,899,13,29,32,16909815
Mumbai,Apartment,Semi-Furnished,2,1,936,14,12,26,18855218
Mumbai,Independent House,Semi-Furnished,2,1,1103,13,2,22,21170111
Chennai,Apartment,Unfurnished,1,1,487,8,0,12,3503042
Pune,Apartment,Semi-Furnished,2,1,940,23,18,23,5856483
Mumbai,Villa,Semi-Furnished,5,5,2713,21,18,19,64062957
Noida,Apartment,Unfurnished,2,1,1008,1,17,30,9720417
Chennai,Villa,Furnished,5,4,2384,7,1,25,18957895
Pune,Plot,Furnished,4,4,2005,5,8,15,12538204
Noida,Plot,Semi-Furnished,4,3,1762,23,18,34,6956718
Mumbai,Villa,Semi-Furnished,5,4,2230,5,5,29,60998920
Bangalore,Apartment,Unfurnished,3,3,1521,6,19,20,10091288
Gurugram,Apartment,Furnished,1,1,460,12,24,33,4105045
Bangalore,Villa,Unfurnished,2,1,1029,3,0,30,6465040
Delhi,Independent House,Furnished,5,5,2263,20,27,28,29995927
Delhi,Villa,Unfurnished,2,2,941,3,19,22,16247121
Hyderabad,Villa,Unfurnished,3,2,1402,12,3,9,7804414
Bangalore,Apartment,Unfurnished,3,2,1360,23,20,21,7838829
Delhi,Independent House,Unfurnished,2,1,966,21,28,29,10511079
Bangalore,Apartment,Unfurnished,1,1,563,3,2,10,3800437
Pune,Apartment,Semi-Furnished,5,5,2424,2,22,23,14349823
Hyderabad,Apartment,Semi-Furnished,3,3,1582,8,20,30,9078131
Gurugram,Plot,Furnished,2,2,908,7,27,28,4688852
Delhi,Apartment,Semi-Furnished,3,3,1396,17,28,29,12546364
Gurugram,Apartment,Unfurnished,1,1,373,5,1,24,2762867
Mumbai,Villa,Semi-Furnished,3,2,1399,19,2,21,35283966
Delhi,Apartment,Semi-Furnished,3,2,1507,18,6,29,20225224
Gurugram,Apartment,Unfurnished,4,4,1873,0,26,28,15415322
Noida,Independent House,Furnished,3,3,1617,1,19,20,13984390
Gurugram,Apartment,Semi-Furnished,4,4,1915,10,21,22,12182893
Chennai,Apartment,Unfurnished,2,1,887,18,21,33,4551818
Gurugram,Apartment,Unfurnished,2,1,891,6,7,18,7999687
Bangalore,Apartment,Furnished,2,2,923,5,12,30,6722426
Pune,Plot,Unfurnished,3,3,1450,21,4,29,4076606
Bangalore,Villa,Unfurnished,2,1,1028,23,11,24,9414406
Mumbai,Independent House,Semi-Furnished,4,4,1894,8,29,30,37577008
Delhi,Villa,Unfurnished,1,1,453,19,21,22,5449269
Hyderabad,Apartment,Semi-Furnished,4,3,1800,4,25,26,11659163
Hyderabad,Independent House,Semi-Furnished,2,2,902,16,9,13,6162836
Noida,Apartment,Unfurnished,3,3,1537,18,24,25,7068291
Hyderabad,Apartment,Unfurnished,3,3,1384,4,6,7,7462305
Bangalore,Apartment,Furnished,4,3,1539,23,8,16,8146356
Gurugram,Apartment,Unfurnished,2,2,1052,22,8,29,7472680
Bangalore,Apartment,Furnished,4,3,1822,24,21,34,11836516
Pune,Independent House,Semi-Furnished,4,4,1875,14,4,13,12896710
Mumbai,Apartment,Semi-Furnished,1,1,535,16,16,17,10017249
Delhi,Independent House,Semi-Furnished,3,3,1378,5,8,10,19776504
Chennai,Plot,Semi-Furnished,3,3,1271,10,3,25,5343081
Hyderabad,Independent House,Semi-Furnished,3,2,1427,7,29,30,9686189
Delhi,Independent House,Furnished,3,2,1138,0,26,34,22570688
Mumbai,Apartment,Furnished,3,2,1433,22,18,22,13725314
Gurugram,Apartment,Semi-Furnished,4,3,1854,10,23,24,21317428
Pune,Apartment,Semi-Furnished,2,1,1099,20,29,30,4980640
Delhi,Studio,Unfurnished,4,3,1966,12,16,17,19739656
Hyderabad,Apartment,Unfurnished,2,1,1012,13,23,24,7010365
Noida,Villa,Unfurnished,5,5,2336,9,25,26,17350194
Chennai,Apartment,Semi-Furnished,1,1,526,4,1,28,2519901
Chennai,Apartment,Unfurnished,3,2,1202,5,14,15,7811219
Delhi,Apartment,Furnished,3,2,1387,5,6,31,19571458
Noida,Apartment,Semi-Furnished,2,2,877,13,11,12,3833082
Delhi,Apartment,Unfurnished,3,2,1498,23,26,27,13685190
Pune,Plot,Unfurnished,4,4,1955,24,11,18,5219324
Chennai,Independent House,Semi-Furnished,3,2,1521,1,24,25,12341870
Mumbai,Independent House,Semi-Furnished,2,2,1151,12,11,13,25296564
Pune,Villa,Unfurnished,4,4,1791,6,10,23,18493079
Chennai,Apartment,Unfurnished,2,2,843,19,11,12,3338927
Noida,Apartment,Semi-Furnished,3,2,1517,5,2,17,11187326
Chennai,Apartment,Semi-Furnished,3,2,1409,0,14,15,9762402
Mumbai,Independent House,Semi-Furnished,3,2,1592,13,25,26,30136130
Delhi,Independent House,Semi-Furnished,4,4,2000,11,17,24,20811473
Pune,Apartment,Unfurnished,2,2,1066,15,15,16,4747794
Mumbai,Apartment,Unfurnished,4,3,1846,16,29,30,27887571
Hyderabad,Apartment,Semi-Furnished,2,1,1142,16,7,8,6810220
Delhi,Apartment,Unfurnished,4,3,1879,20,14,15,20794903
Gurugram,Villa,Semi-Furnished,5,5,2311,11,15,16,29681029
Delhi,Apartment,Furnished,4,4,1725,13,1,33,16913084
Chennai,Apartment,Unfurnished,4,4,1942,7,8,31,12013400
Bangalore,Apartment,Unfurnished,2,2,1142,16,10,32,5600442
Chennai,Independent House,Unfurnished,5,4,2358,17,17,18,14136478
Noida,Apartment,Furnished,4,3,2051,21,8,18,12866954
Gurugram,Apartment,Unfurnished,2,2,890,15,6,33,5917308
Hyderabad,Villa,Furnished,1,1,348,17,20,21,2614715
Hyderabad,Apartment,Semi-Furnished,5,5,2401,3,26,27,12985625
Chennai,Independent House,Semi-Furnished,3,3,1337,22,18,21,7771963
Mumbai,Independent House,Furnished,4,4,1773,6,29,30,43329969
Chennai,Apartment,Furnished,2,2,1014,10,9,21,7759195
Pune,Apartment,Unfurnished,4,3,1833,5,12,13,13957433
Mumbai,Independent House,Unfurnished,1,1,492,0,15,24,8500936
Bangalore,Villa,Semi-Furnished,3,3,1230,7,24,25,9636041
Pune,Independent House,Furnished,3,2,1539,24,12,21,11850775
Pune,Studio,Semi-Furnished,1,1,510,11,12,16,3611501
Delhi,Apartment,Unfurnished,4,3,1836,7,9,23,27357560
Delhi,Independent House,Furnished,5,5,2230,3,28,29,37954949
Pune,Independent House,Unfurnished,4,4,1956,20,26,27,6720280
Pune,Independent House,Unfurnished,3,3,1613,4,22,23,9726546
Noida,Independent House,Semi-Furnished,2,1,971,11,15,20,8408828
Delhi,Apartment,Semi-Furnished,1,1,470,16,16,24,4569747
Bangalore,Apartment,Furnished,4,4,2015,19,28,29,13840510
Gurugram,Apartment,Unfurnished,4,3,1984,7,3,11,16773930
Delhi,Apartment,Semi-Furnished,3,3,1466,20,11,19,10608324
Gurugram,Apartment,Unfurnished,5,5,2299,10,0,19,13280025
Chennai,Apartment,Semi-Furnished,2,1,872,4,7,8,4385278
Pune,Villa,Unfurnished,4,4,1981,22,7,22,12379048
Delhi,Apartment,Semi-Furnished,3,3,1513,11,25,26,18254704
Delhi,Studio,Furnished,2,1,1073,5,19,23,13022023
Noida,Apartment,Semi-Furnished,2,2,907,12,6,10,2911308
Hyderabad,Apartment,Semi-Furnished,5,5,2225,16,13,14,14530136
Hyderabad,Independent House,Unfurnished,1,1,496,9,21,22,3097418
Pune,Apartment,Unfurnished,3,2,1405,22,4,16,7300836
Bangalore,Plot,Furnished,2,1,1088,8,14,17,6388848
Pune,Apartment,Unfurnished,4,3,1902,3,22,32,14716108
Delhi,Apartment,Unfurnished,2,1,1079,8,20,21,15786313
Chennai,Apartment,Unfurnished,2,1,946,8,1,23,5405810
Hyderabad,Villa,Unfurnished,4,3,1615,9,18,19,11072063
Chennai,Villa,Semi-Furnished,2,1,1082,10,8,15,9999337
Mumbai,Apartment,Unfurnished,3,2,1502,7,16,17,17868836
Gurugram,Apartment,Unfurnished,3,2,1403,9,6,22,12165078
Bangalore,Apartment,Semi-Furnished,4,3,2076,4,26,27,12508609
Pune,Apartment,Unfurnished,3,2,1401,22,12,25,4205418
Hyderabad,Apartment,Semi-Furnished,1,1,426,1,5,6,2378655
Chennai,Apartment,Semi-Furnished,3,2,1451,19,8,25,9421732
Mumbai,Independent House,Semi-Furnished,4,4,2033,3,4,30,56681548
Bangalore,Independent House,Semi-Furnished,1,1,345,16,19,32,2815810
Noida,Apartment,Unfurnished,2,2,878,6,1,23,4475782
Delhi,Apartment,Semi-Furnished,1,1,360,3,23,24,6378367
Gurugram,Plot,Unfurnished,1,1,619,19,9,24,3136206
Pune,Independent House,Unfurnished,2,1,1053,23,7,31,5686009
Hyderabad,Apartment,Semi-Furnished,3,2,1380,11,9,10,8394680
Chennai,Independent House,Furnished,2,1,937,10,19,20,7226959
Hyderabad,Independent House,Semi-Furnished,1,1,512,15,11,27,2836025
Gurugram,Apartment,Furnished,2,2,818,20,28,33,6968691
Bangalore,Independent House,Unfurnished,4,3,2000,16,11,12,13078152
Chennai,Independent House,Semi-Furnished,4,3,1983,20,14,15,14902697
Hyderabad,Apartment,Semi-Furnished,3,2,1437,8,8,23,7508039
Gurugram,Villa,Semi-Furnished,3,3,1547,23,8,16,13978073
Chennai,Plot,Semi-Furnished,5,4,2198,1,24,33,7139004
Delhi,Plot,Semi-Furnished,3,2,1377,19,5,6,10800301
Hyderabad,Apartment,Furnished,3,2,1553,24,7,34,8863817
Noida,Apartment,Furnished,3,3,1567,15,21,27,9796821
Mumbai,Apartment,Semi-Furnished,3,2,1505,17,28,29,23097181
Hyderabad,Apartment,Unfurnished,3,2,1402,15,21,29,6685928
Hyderabad,Villa,Unfurnished,4,4,2002,18,24,25,9683793
Chennai,Studio,Unfurnished,4,4,1842,23,1,18,5960436
Bangalore,Apartment,Unfurnished,2,1,986,22,14,15,4940891
Pune,Apartment,Semi-Furnished,3,2,1600,8,13,17,11123468
Hyderabad,Apartment,Unfurnished,4,3,1802,12,14,15,11995435
Gurugram,Villa,Unfurnished,3,3,1379,15,10,25,20300149
Gurugram,Apartment,Semi-Furnished,3,2,1376,11,4,16,11269089
Hyderabad,Independent House,Semi-Furnished,4,4,1888,24,22,23,6984121
Chennai,Plot,Furnished,2,1,710,24,4,28,2793316
Mumbai,Villa,Unfurnished,1,1,462,23,22,23,10076890
Bangalore,Independent House,Semi-Furnished,3,3,1453,23,24,27,6976733
Delhi,Apartment,Unfurnished,3,2,1401,19,27,28,8465320
Bangalore,Apartment,Furnished,2,1,737,15,11,26,4509643
Delhi,Independent House,Furnished,2,1,1124,9,22,29,16169939
Hyderabad,Independent House,Semi-Furnished,2,1,1023,24,3,33,5338115
Gurugram,Apartment,Furnished,3,3,1691,11,2,18,18229106
Pune,Independent House,Furnished,4,3,1980,18,2,12,11390546
Noida,Apartment,Unfurnished,2,1,1102,13,27,28,4426643
Gurugram,Apartment,Semi-Furnished,1,1,355,3,20,26,4838684
Bangalore,Apartment,Furnished,2,2,1013,17,11,30,4907816
Hyderabad,Apartment,Unfurnished,3,2,1369,0,21,30,7945292
Bangalore,Villa,Semi-Furnished,3,2,1294,14,20,27,10673587
Bangalore,Apartment,Semi-Furnished,4,3,1948,24,28,29,13074043
Delhi,Plot,Unfurnished,5,4,2605,1,16,34,15608802
Chennai,Apartment,Unfurnished,2,1,906,23,29,30,5423321
Delhi,Independent House,Unfurnished,3,2,1445,23,12,30,12208423
Pune,Apartment,Unfurnished,3,3,1332,15,22,30,8017353
Pune,Apartment,Semi-Furnished,3,2,1422,10,27,28,11934818
Mumbai,Studio,Unfurnished,3,3,1339,5,19,28,22555871
Bangalore,Apartment,Unfurnished,4,4,2202,23,13,22,9030302
Noida,Apartment,Semi-Furnished,4,3,2029,0,28,29,7865076
Pune,Apartment,Unfurnished,1,1,485,23,10,11,2826422
Chennai,Apartment,Semi-Furnished,3,2,1387,10,16,29,10754844
Pune,Studio,Unfurnished,3,3,1407,6,2,34,8942185
Noida,Apartment,Semi-Furnished,3,2,1482,8,5,31,10118898
Chennai,Independent House,Unfurnished,3,3,1349,11,15,33,8337458
Chennai,Apartment,Unfurnished,3,3,1257,18,6,14,6143401
Pune,Apartment,Unfurnished,1,1,599,5,29,30,4201766
Gurugram,Apartment,Semi-Furnished,2,2,793,16,16,20,8809392
Hyderabad,Apartment,Semi-Furnished,3,2,1408,6,26,31,8936451
Chennai,Apartment,Semi-Furnished,1,1,559,10,18,19,4392684
Chennai,Apartment,Unfurnished,2,2,928,5,21,31,5170128
Mumbai,Apartment,Semi-Furnished,2,2,1030,2,29,33,20770659
Chennai,Apartment,Furnished,3,2,1409,5,24,25,8416345
Hyderabad,Independent House,Furnished,5,5,2561,18,27,28,17541573
Noida,Apartment,Unfurnished,2,2,1060,0,19,20,6787731
Delhi,Apartment,Furnished,2,2,1033,23,18,31,9926847
Bangalore,Villa,Semi-Furnished,2,2,1052,7,9,34,12054291
Hyderabad,Apartment,Unfurnished,2,1,713,18,11,12,3883937
Mumbai,Plot,Semi-Furnished,4,3,1937,6,7,8,20416868
Chennai,Plot,Semi-Furnished,2,1,916,22,0,24,2733075
Gurugram,Apartment,Furnished,5,5,2540,10,14,28,26119410
Bangalore,Apartment,Furnished,3,2,1319,23,22,23,7960758
Bangalore,Plot,Unfurnished,5,5,2513,21,5,11,9017553
Pune,Apartment,Furnished,1,1,645,23,7,31,3260388
Bangalore,Plot,Semi-Furnished,5,5,2597,12,14,25,13963824
Noida,Independent House,Furnished,2,1,763,24,11,12,4837595
Delhi,Apartment,Unfurnished,3,2,1556,18,5,13,13884501
Delhi,Apartment,Unfurnished,4,3,1720,2,11,12,20828395
Noida,Studio,Unfurnished,3,3,1349,10,25,26,6868408
Gurugram,Apartment,Furnished,2,1,939,13,1,18,9588329
Gurugram,Independent House,Semi-Furnished,3,3,1481,8,27,28,18746173
Gurugram,Apartment,Unfurnished,3,3,1424,3,17,27,14707777
Chennai,Independent House,Unfurnished,3,3,1306,7,10,15,10054994
Hyderabad,Apartment,Semi-Furnished,2,2,867,18,29,30,4681577
Mumbai,Plot,Unfurnished,3,2,1472,21,27,28,8026806
Delhi,Villa,Unfurnished,4,3,1913,5,1,16,21513453
Delhi,Plot,Furnished,1,1,556,12,25,26,3707049
Mumbai,Villa,Semi-Furnished,2,1,1022,16,11,32,20976765
Mumbai,Independent House,Furnished,3,2,1223,4,5,33,31080947
Bangalore,Apartment,Semi-Furnished,3,3,1519,16,22,23,8114786
Chennai,Independent House,Unfurnished,3,3,1459,3,21,22,9402338
Noida,Independent House,Furnished,3,2,1578,12,20,23,16270765
Delhi,Independent House,Unfurnished,3,2,1564,21,24,25,22346588
Chennai,Apartment,Furnished,2,2,905,20,28,29,5836011
Chennai,Plot,Furnished,5,4,2448,9,25,26,12032191
Chennai,Independent House,Unfurnished,2,2,1129,12,28,29,9189394
Chennai,Plot,Unfurnished,2,1,924,1,8,29,3813174
Hyderabad,Apartment,Furnished,4,3,1846,15,25,26,8675793
Noida,Independent House,Unfurnished,1,1,381,12,10,12,2858003
Chennai,Apartment,Semi-Furnished,2,1,961,21,29,34,6824123
Gurugram,Independent House,Semi-Furnished,2,1,1029,6,28,34,10943265
Pune,Villa,Unfurnished,2,2,957,14,4,15,5567015
Gurugram,Villa,Semi-Furnished,2,1,1181,21,26,28,12653151
Delhi,Apartment,Unfurnished,1,1,576,21,16,17,6339569
Pune,Independent House,Unfurnished,2,2,867,19,0,6,3264572
Noida,Independent House,Unfurnished,3,3,1546,24,10,28,8704030
Gurugram,Apartment,Furnished,2,1,869,17,5,25,6312980
Bangalore,Apartment,Unfurnished,3,2,1561,12,9,30,10212984
Delhi,Villa,Unfurnished,4,3,1996,13,10,21,15346161
Delhi,Apartment,Unfurnished,5,4,2359,2,18,19,37027208
Hyderabad,Apartment,Semi-Furnished,4,4,1766,8,23,24,9487641
Noida,Villa,Unfurnished,3,3,1471,23,13,15,8744258
Chennai,Villa,Semi-Furnished,3,3,1604,11,4,19,10487692
Gurugram,Apartment,Semi-Furnished,2,1,982,8,22,23,9811599
Gurugram,Apartment,Semi-Furnished,3,2,1294,5,24,25,10077486
Hyderabad,Plot,Semi-Furnished,3,2,1522,2,8,17,9390919
Pune,Independent House,Unfurnished,3,2,1801,3,9,29,13646376
Pune,Plot,Furnished,5,4,2348,18,22,24,7700459
Mumbai,Apartment,Semi-Furnished,1,1,508,9,5,14,7691764
Bangalore,Independent House,Unfurnished,5,4,2385,11,28,29,16127090
Noida,Plot,Furnished,1,1,612,0,18,19,3858472
Gurugram,Plot,Unfurnished,2,2,996,3,13,14,5435270
Mumbai,Apartment,Furnished,2,1,799,21,10,12,14906018
Bangalore,Apartment,Furnished,1,1,536,7,5,26,4110483
Chennai,Apartment,Unfurnished,2,2,831,6,28,29,5892433
Chennai,Independent House,Unfurnished,2,1,906,21,27,28,4887574
Noida,Apartment,Unfurnished,1,1,520,1,27,28,2866986
Hyderabad,Plot,Unfurnished,3,2,1658,1,21,22,7958416
Hyderabad,Apartment,Unfurnished,3,2,1455,13,16,17,7844175
Gurugram,Villa,Semi-Furnished,4,3,1926,1,18,19,24450526
Mumbai,Apartment,Unfurnished,2,2,1081,1,14,24,17754530
Chennai,Apartment,Furnished,3,2,1525,2,24,25,11536636
Gurugram,Apartment,Semi-Furnished,5,5,2312,14,19,30,24181764
Pune,Apartment,Semi-Furnished,3,2,1390,1,15,25,8414071
Gurugram,Independent House,Unfurnished,2,1,906,14,4,11,5557316
Hyderabad,Independent House,Unfurnished,3,3,1433,24,21,33,5986549
Pune,Plot,Unfurnished,2,2,1066,4,11,15,5376914
Bangalore,Apartment,Semi-Furnished,4,3,1916,6,27,28,9206584
Pune,Studio,Semi-Furnished,2,2,954,9,23,24,5810538
Pune,Apartment,Semi-Furnished,3,3,1664,3,24,25,13064236
Chennai,Apartment,Semi-Furnished,3,3,1530,11,8,9,10142926
Gurugram,Plot,Semi-Furnished,1,1,305,15,6,12,1534675
Delhi,Apartment,Furnished,2,2,1196,5,8,28,22629603
Delhi,Apartment,Unfurnished,4,3,1703,7,12,13,18996897
Hyderabad,Apartment,Unfurnished,1,1,508,9,5,8,2477900
Mumbai,Apartment,Semi-Furnished,3,2,1657,13,2,4,20488115
Chennai,Apartment,Semi-Furnished,3,2,1428,2,2,21,10562590
Pune,Plot,Unfurnished,2,2,1015,0,25,26,5407147
Delhi,Apartment,Furnished,5,4,2278,12,26,27,30245881
Gurugram,Apartment,Unfurnished,2,1,1012,11,17,18,10376526
Chennai,Independent House,Semi-Furnished,3,2,1359,5,14,30,8062021
Gurugram,Studio,Unfurnished,1,1,332,19,27,32,2213181
Gurugram,Villa,Semi-Furnished,2,1,1212,4,26,27,21329111
Mumbai,Independent House,Unfurnished,3,3,1338,24,7,8,16679654
Chennai,Independent House,Furnished,1,1,414,15,18,19,3129683
Noida,Apartment,Semi-Furnished,2,2,925,12,25,26,4871029
Bangalore,Villa,Unfurnished,2,1,945,11,23,32,9854766
Chennai,Independent House,Furnished,2,2,1022,6,6,7,9983989
Mumbai,Independent House,Furnished,4,4,2022,12,0,9,43430096
Mumbai,Independent House,Semi-Furnished,3,2,1512,20,9,33,25050154
Delhi,Apartment,Unfurnished,1,1,563,16,10,23,4809859
Hyderabad,Independent House,Semi-Furnished,4,4,1933,11,25,26,19146211
Chennai,Villa,Unfurnished,3,3,1249,19,8,16,5492100
Mumbai,Apartment,Furnished,2,1,711,4,10,28,15125759
Pune,Apartment,Semi-Furnished,1,1,465,18,25,32,2197134
Hyderabad,Apartment,Semi-Furnished,2,2,1155,17,10,11,5886131
Mumbai,Plot,Furnished,2,1,932,18,26,27,8532772
Hyderabad,Apartment,Unfurnished,5,4,2480,22,18,19,14068751
Gurugram,Plot,Semi-Furnished,3,3,1562,22,11,12,5423109
Hyderabad,Plot,Furnished,2,1,754,2,0,7,2965430
Bangalore,Apartment,Semi-Furnished,2,2,972,3,8,13,5882599
Gurugram,Apartment,Unfurnished,4,4,2059,9,13,28,17682706
Gurugram,Apartment,Furnished,4,4,1834,13,17,28,15607416
Delhi,Apartment,Furnished,3,3,1532,0,0,32,13653679
Mumbai,Apartment,Unfurnished,1,1,446,23,1,10,4257909
Mumbai,Apartment,Furnished,2,2,1022,7,10,11,13793180
Mumbai,Villa,Semi-Furnished,3,3,1609,10,17,18,34145005
Noida,Independent House,Unfurnished,3,3,1319,24,16,17,8189246
Mumbai,Apartment,Furnished,2,1,948,4,29,30,22681934
Delhi,Independent House,Furnished,3,3,1707,10,4,12,18177468
Gurugram,Apartment,Furnished,5,5,2535,8,4,22,24454002
Gurugram,Villa,Unfurnished,3,3,1646,22,18,19,12704011
Delhi,Apartment,Semi-Furnished,2,2,882,19,11,12,8361290
Chennai,Villa,Unfurnished,4,3,2003,6,4,6,13902540
Gurugram,Plot,Furnished,1,1,412,8,4,8,1992791
Delhi,Apartment,Semi-Furnished,4,4,2035,21,19,20,21930858
Pune,Apartment,Furnished,3,3,1459,0,13,14,13570478
Chennai,Independent House,Furnished,2,1,679,0,4,30,7782836
Chennai,Apartment,Semi-Furnished,4,3,1782,21,8,16,8886223
Hyderabad,Independent House,Unfurnished,3,2,1715,19,4,22,7581778
Chennai,Villa,Furnished,2,2,888,2,10,29,11105382
Gurugram,Apartment,Semi-Furnished,4,4,2043,3,29,30,23220006
Chennai,Apartment,Semi-Furnished,3,2,1538,14,8,29,10123516
Pune,Plot,Semi-Furnished,4,3,1914,4,11,16,6031473
Mumbai,Independent House,Unfurnished,4,4,2044,0,21,22,40892751
Hyderabad,Plot,Unfurnished,2,2,906,23,3,26,2498737
Noida,Apartment,Unfurnished,3,2,1344,4,27,28,9833289
Noida,Apartment,Semi-Furnished,3,2,1381,13,19,30,8791845
Delhi,Apartment,Semi-Furnished,1,1,333,19,2,32,2497483
Hyderabad,Villa,Furnished,4,4,1848,21,0,26,13827767
Chennai,Apartment,Unfurnished,2,2,916,18,8,9,4950979
Gurugram,Apartment,Furnished,5,5,2373,13,14,19,20576233
Delhi,Apartment,Unfurnished,4,3,1865,12,23,24,21651932
Pune,Studio,Furnished,1,1,564,3,0,8,3467368
Delhi,Apartment,Semi-Furnished,3,2,1465,8,28,29,17513604
Bangalore,Apartment,Furnished,2,1,937,11,20,21,6172109
Hyderabad,Apartment,Unfurnished,1,1,395,23,27,28,1391914
Bangalore,Villa,Semi-Furnished,3,3,1428,2,26,30,16163946
Gurugram,Independent House,Semi-Furnished,3,3,1387,16,1,34,10481890
Delhi,Apartment,Semi-Furnished,3,3,1345,10,20,22,12820044
Pune,Independent House,Semi-Furnished,2,1,917,17,12,13,6257575
Bangalore,Independent House,Unfurnished,2,2,892,24,19,29,4803836
Hyderabad,Apartment,Unfurnished,5,4,2521,18,9,14,9281402
Delhi,Villa,Semi-Furnished,2,2,995,19,14,16,14445679
Mumbai,Villa,Furnished,3,2,1345,6,13,14,36575222
Delhi,Independent House,Unfurnished,2,1,758,7,7,24,9846043
Chennai,Apartment,Semi-Furnished,1,1,808,12,0,9,3566356
Bangalore,Independent House,Semi-Furnished,3,2,1357,5,19,24,12731250
Chennai,Apartment,Semi-Furnished,1,1,300,19,0,11,1917161
Hyderabad,Apartment,Unfurnished,2,1,997,6,24,25,3384088
Pune,Villa,Semi-Furnished,3,2,1520,18,0,23,11328149
Mumbai,Apartment,Unfurnished,3,2,1344,18,21,29,19015072
Pune,Studio,Unfurnished,3,3,1587,18,20,21,11713631
Bangalore,Apartment,Furnished,2,1,899,20,11,12,4712958
Noida,Studio,Furnished,3,2,1432,5,2,4,7575588
Mumbai,Villa,Unfurnished,3,3,1549,11,29,30,32225389
Bangalore,Plot,Unfurnished,3,3,1464,12,20,27,6591997
Noida,Apartment,Furnished,2,1,779,18,2,5,5474200
Chennai,Apartment,Unfurnished,3,2,1376,11,27,28,10906086
Mumbai,Studio,Semi-Furnished,3,3,1351,11,22,23,15761083
Pune,Apartment,Unfurnished,1,1,379,18,29,30,1925487
Noida,Apartment,Unfurnished,1,1,538,2,15,24,4164721
Bangalore,Apartment,Semi-Furnished,2,1,977,6,14,15,9217050
Delhi,Apartment,Semi-Furnished,3,2,1492,13,9,10,17452836
Hyderabad,Apartment,Furnished,3,3,1567,16,14,16,7967940
Mumbai,Apartment,Semi-Furnished,2,1,1064,15,1,32,17489175
Bangalore,Studio,Furnished,5,5,2565,8,3,18,13649289
Mumbai,Villa,Unfurnished,2,1,1008,2,7,26,19680821
Chennai,Independent House,Furnished,3,3,1344,3,2,15,14529064
Hyderabad,Plot,Semi-Furnished,3,2,1402,22,17,18,3281281
Delhi,Independent House,Furnished,5,5,2373,17,27,29,38355192
Delhi,Apartment,Semi-Furnished,4,3,2097,3,18,34,26308998
Gurugram,Plot,Semi-Furnished,2,1,1095,9,8,23,6725269
Chennai,Independent House,Furnished,1,1,688,12,11,26,6237977
Bangalore,Apartment,Unfurnished,2,2,1252,13,23,24,7682538
Hyderabad,Apartment,Semi-Furnished,2,2,785,22,6,13,5217360
Chennai,Independent House,Unfurnished,4,4,1965,21,26,27,14507468
Hyderabad,Apartment,Furnished,3,3,1310,10,8,9,8011550
Delhi,Apartment,Furnished,4,3,1877,21,19,20,24793016
Pune,Independent House,Semi-Furnished,3,2,1291,24,27,28,6960846
Delhi,Independent House,Semi-Furnished,5,4,2357,23,5,32,15589989
Mumbai,Independent House,Unfurnished,1,1,426,0,0,11,9459538
Bangalore,Apartment,Unfurnished,1,1,516,3,8,16,3704646
Noida,Independent House,Furnished,2,1,1112,20,15,25,4113342
Bangalore,Independent House,Unfurnished,4,4,2081,12,4,25,10309089
Delhi,Apartment,Semi-Furnished,3,3,1489,1,4,34,15802073
Pune,Villa,Semi-Furnished,3,3,1371,20,19,22,8570390
Gurugram,Apartment,Unfurnished,2,2,886,16,26,31,8191763
Noida,Independent House,Semi-Furnished,4,4,1871,8,9,19,10059903
Gurugram,Independent House,Semi-Furnished,3,2,1381,12,5,6,13259282
Pune,Independent House,Unfurnished,2,1,979,16,26,28,4290158
Bangalore,Apartment,Semi-Furnished,3,3,1451,17,11,18,10230445
Pune,Apartment,Unfurnished,4,4,2063,7,9,16,17573103
Hyderabad,Independent House,Semi-Furnished,1,1,335,2,26,27,2227648
Chennai,Plot,Unfurnished,5,5,2445,22,10,21,7532565
Bangalore,Apartment,Unfurnished,3,2,1609,22,2,11,8694780
Noida,Apartment,Unfurnished,2,1,1046,14,12,21,6402574
Gurugram,Apartment,Unfurnished,1,1,551,14,24,26,4328943
Chennai,Apartment,Semi-Furnished,3,3,1320,21,5,8,6688507
Chennai,Villa,Unfurnished,3,2,1355,19,1,33,9126568
Chennai,Apartment,Unfurnished,4,3,1857,17,7,25,12134442
Chennai,Apartment,Furnished,4,4,1835,8,23,24,15708634
Pune,Apartment,Furnished,1,1,438,4,6,31,2807795
Bangalore,Plot,Unfurnished,4,4,1846,14,6,9,5779679
Bangalore,Apartment,Unfurnished,3,2,1328,16,2,13,7404392
Chennai,Apartment,Semi-Furnished,1,1,300,17,2,30,1769913
Mumbai,Apartment,Semi-Furnished,3,2,1588,18,8,22,14957458
Chennai,Studio,Unfurnished,2,1,933,0,3,24,4247199
Mumbai,Independent House,Semi-Furnished,1,1,481,6,8,27,10784884
Bangalore,Independent House,Unfurnished,1,1,432,16,25,27,2697575
Hyderabad,Independent House,Semi-Furnished,3,2,1394,1,25,29,10987744
Pune,Independent House,Semi-Furnished,5,5,2458,8,2,30,20148219
Pune,Apartment,Unfurnished,1,1,476,14,1,6,1800338
Chennai,Independent House,Semi-Furnished,2,1,1098,13,6,33,9882582
Gurugram,Apartment,Furnished,3,3,1424,10,12,13,13982896
Bangalore,Apartment,Unfurnished,3,2,1520,16,1,4,7163886
Hyderabad,Apartment,Furnished,2,2,1054,16,7,15,3782364
Hyderabad,Apartment,Furnished,3,2,1501,5,3,31,12774147
Noida,Apartment,Unfurnished,2,1,1118,24,5,34,5073716
Bangalore,Apartment,Unfurnished,1,1,305,12,28,29,1847300
Delhi,Apartment,Unfurnished,2,2,1179,3,22,23,14548917
Chennai,Apartment,Unfurnished,4,3,1974,3,24,25,12945669
Bangalore,Apartment,Unfurnished,3,2,1517,7,13,14,7842218
Pune,Apartment,Furnished,2,2,1108,22,11,12,7589370
Delhi,Plot,Furnished,1,1,329,5,22,23,2883958
Hyderabad,Independent House,Semi-Furnished,1,1,412,9,24,30,2714580
Mumbai,Apartment,Semi-Furnished,5,4,2453,7,29,30,35349716
Noida,Apartment,Semi-Furnished,3,2,1592,9,9,21,10707908
Noida,Plot,Unfurnished,2,1,900,14,5,33,2918278
Bangalore,Independent House,Semi-Furnished,1,1,493,15,26,27,3181776
Mumbai,Apartment,Semi-Furnished,1,1,578,6,17,27,9843301
Chennai,Independent House,Semi-Furnished,4,4,1739,15,11,19,12942099
Mumbai,Independent House,Unfurnished,3,2,1673,4,17,18,28776853
Pune,Independent House,Unfurnished,1,1,479,1,10,16,3050855
Hyderabad,Apartment,Furnished,2,1,856,12,27,28,5710574
Hyderabad,Apartment,Semi-Furnished,1,1,560,0,23,24,3358448
Bangalore,Apartment,Semi-Furnished,4,3,2023,23,27,28,11957671
Chennai,Apartment,Semi-Furnished,5,4,2317,4,21,22,20934344
Hyderabad,Villa,Unfurnished,2,1,872,21,10,11,6426765
Mumbai,Apartment,Unfurnished,3,2,1451,10,17,18,22845724
Hyderabad,Plot,Semi-Furnished,2,2,1014,12,13,14,4643761
Noida,Apartment,Unfurnished,3,3,1646,12,26,27,10492916
Noida,Apartment,Unfurnished,2,2,1091,17,16,17,7644337
Noida,Villa,Semi-Furnished,3,3,1390,4,20,21,13569580
Noida,Apartment,Semi-Furnished,3,2,1277,13,25,26,6469395
Noida,Apartment,Unfurnished,3,3,1371,13,29,30,10266575
Noida,Apartment,Semi-Furnished,2,2,986,11,28,29,5249788
Delhi,Villa,Semi-Furnished,4,3,1867,19,21,27,28630213
Hyderabad,Apartment,Semi-Furnished,4,4,1793,15,29,30,11525492
Delhi,Independent House,Semi-Furnished,3,3,1537,24,3,14,18793807
Hyderabad,Apartment,Semi-Furnished,1,1,562,18,17,23,2632681
Delhi,Apartment,Furnished,3,3,1342,16,18,20,18347941
Pune,Studio,Unfurnished,3,3,1504,20,15,19,5641885
Noida,Apartment,Furnished,4,4,1974,20,0,9,12544135
Hyderabad,Apartment,Semi-Furnished,3,2,1372,21,15,16,6172465
Chennai,Apartment,Unfurnished,4,3,1879,6,5,17,8569333
Delhi,Independent House,Semi-Furnished,3,2,1360,16,13,21,16005866
Noida,Independent House,Unfurnished,5,5,2541,8,25,26,13603745
Bangalore,Apartment,Semi-Furnished,4,3,1739,19,28,29,10710044
Delhi,Apartment,Semi-Furnished,2,2,1150,16,11,12,16538355
Noida,Apartment,Unfurnished,2,2,813,19,5,6,4058355
Hyderabad,Independent House,Semi-Furnished,4,3,1870,16,23,24,10804724
Mumbai,Villa,Unfurnished,5,5,2539,14,9,10,48525552
Chennai,Villa,Furnished,4,3,1940,13,16,28,20923267
Noida,Independent House,Unfurnished,2,2,1099,4,14,29,7598860
Pune,Apartment,Semi-Furnished,3,3,1504,14,18,28,8359592
Hyderabad,Plot,Semi-Furnished,3,2,1648,20,12,25,6833162
Pune,Apartment,Unfurnished,2,2,909,2,4,5,7187173
Bangalore,Plot,Semi-Furnished,2,1,774,8,25,31,2950755
Delhi,Apartment,Semi-Furnished,3,3,1488,24,25,26,16050753
Pune,Villa,Unfurnished,1,1,594,11,8,10,4494348
Delhi,Plot,Unfurnished,3,2,1461,1,15,23,12809937
Chennai,Apartment,Unfurnished,2,2,1109,9,13,19,6390117
Pune,Apartment,Unfurnished,2,1,841,23,15,16,4431652
Gurugram,Villa,Semi-Furnished,1,1,707,24,23,24,5830573
Bangalore,Independent House,Semi-Furnished,1,1,378,14,29,30,1575887
Mumbai,Villa,Semi-Furnished,4,3,2100,20,20,30,38366733
Hyderabad,Apartment,Unfurnished,3,2,1516,5,27,28,9959011
Chennai,Villa,Furnished,3,3,1245,0,15,28,11836461
Pune,Apartment,Semi-Furnished,1,1,300,23,18,19,1836643
Pune,Apartment,Furnished,4,4,1920,3,10,19,12732318
Pune,Apartment,Furnished,2,1,875,18,19,20,4356293
Mumbai,Plot,Semi-Furnished,5,5,2292,4,23,31,33728423
Pune,Apartment,Semi-Furnished,1,1,436,17,27,28,2932769
Pune,Apartment,Furnished,4,4,1735,9,12,13,13415112
Hyderabad,Apartment,Semi-Furnished,5,5,2421,15,7,8,14111906
Bangalore,Apartment,Furnished,3,3,1129,19,22,23,8028105
Gurugram,Apartment,Unfurnished,4,3,1962,10,9,32,17290370
Mumbai,Independent House,Semi-Furnished,3,3,1481,24,21,32,24188316
Mumbai,Independent House,Unfurnished,2,2,859,5,5,11,18699550
Gurugram,Apartment,Unfurnished,3,2,1588,7,13,31,11647826
Gurugram,Apartment,Semi-Furnished,2,1,864,14,22,23,9758859
Pune,Apartment,Unfurnished,3,3,1523,7,10,19,9622956
Delhi,Plot,Semi-Furnished,4,4,1988,23,22,23,15514449
Pune,Villa,Furnished,3,2,1650,10,11,12,15817195
Pune,Apartment,Furnished,2,1,768,9,22,23,3060873
Mumbai,Independent House,Semi-Furnished,4,3,1864,10,23,24,34549633
Delhi,Independent House,Unfurnished,3,2,1558,22,12,13,21285838
Mumbai,Apartment,Furnished,1,1,538,18,17,18,10126293
Mumbai,Independent House,Unfurnished,1,1,390,12,13,22,6580011
Bangalore,Apartment,Semi-Furnished,3,3,1308,20,5,7,6272688
Chennai,Independent House,Unfurnished,4,3,1772,24,20,21,9887459
Chennai,Plot,Unfurnished,5,5,2519,13,21,28,6233263
Hyderabad,Plot,Unfurnished,3,3,1477,4,10,16,5838936
Bangalore,Apartment,Unfurnished,3,3,1495,21,20,21,8579277
Mumbai,Independent House,Unfurnished,1,1,465,14,8,27,8310999
Pune,Studio,Semi-Furnished,2,2,1032,15,10,11,3195641
Gurugram,Apartment,Semi-Furnished,1,1,456,9,3,22,3580941
Pune,Villa,Semi-Furnished,4,4,1974,17,0,15,14382642
Hyderabad,Studio,Furnished,5,5,2520,8,20,23,18917908
Bangalore,Apartment,Semi-Furnished,2,1,920,10,21,22,5648412
Noida,Apartment,Semi-Furnished,3,3,1384,1,21,22,7871885
Hyderabad,Villa,Unfurnished,3,3,1365,24,2,18,7236609
Hyderabad,Apartment,Unfurnished,3,2,1350,2,26,27,9586163
Hyderabad,Apartment,Unfurnished,2,2,890,4,25,26,5233732
Pune,Apartment,Semi-Furnished,4,3,2175,22,20,34,10487448
Pune,Independent House,Furnished,3,2,1315,13,10,32,8049196
Bangalore,Villa,Semi-Furnished,3,3,1567,4,13,16,17878546
Gurugram,Apartment,Semi-Furnished,2,2,928,23,2,31,6401219
Hyderabad,Apartment,Unfurnished,2,2,949,15,0,33,4475407
Hyderabad,Villa,Unfurnished,4,4,2098,19,7,21,10394310
Hyderabad,Villa,Unfurnished,4,3,1956,12,1,24,10897324
Mumbai,Apartment,Furnished,3,2,1467,5,22,23,26541088
Mumbai,Apartment,Semi-Furnished,3,2,1357,23,16,28,22159968
Chennai,Villa,Semi-Furnished,3,3,1491,18,12,24,11880507
Delhi,Apartment,Unfurnished,1,1,474,5,4,22,3844651
Pune,Apartment,Unfurnished,2,1,966,1,14,15,5932509
Delhi,Villa,Unfurnished,2,2,1159,17,20,21,11919880
Noida,Apartment,Semi-Furnished,1,1,403,12,25,32,2186941
Pune,Independent House,Semi-Furnished,3,3,1650,15,26,27,5457416
Pune,Plot,Unfurnished,2,2,1259,10,29,30,6933569
Chennai,Apartment,Unfurnished,3,2,1354,12,22,23,6297913
Pune,Apartment,Semi-Furnished,3,2,1693,5,22,25,14311669
Delhi,Apartment,Unfurnished,2,2,954,21,3,14,10614251
Gurugram,Apartment,Unfurnished,3,3,1518,7,28,29,13295135
Bangalore,Independent House,Unfurnished,2,1,978,2,5,33,5473075
Bangalore,Independent House,Semi-Furnished,1,1,558,0,28,31,5506016
Hyderabad,Apartment,Semi-Furnished,5,5,2392,3,6,7,13041615
Gurugram,Independent House,Unfurnished,2,1,820,17,26,27,6917109
Hyderabad,Studio,Semi-Furnished,2,2,1007,16,0,19,5405854
Hyderabad,Plot,Unfurnished,3,3,1381,16,6,11,3707968
Mumbai,Apartment,Unfurnished,1,1,406,14,10,23,5791096
Hyderabad,Plot,Furnished,2,2,1172,5,27,28,6419127
Noida,Apartment,Semi-Furnished,3,3,1381,15,24,25,8113211
Delhi,Plot,Unfurnished,2,1,924,4,12,34,7303608
Mumbai,Plot,Unfurnished,4,4,1867,19,5,24,17448701
Gurugram,Apartment,Unfurnished,5,4,2307,5,11,19,20268498
Mumbai,Independent House,Unfurnished,2,1,1059,7,8,33,21107971
Hyderabad,Apartment,Furnished,2,2,1086,11,1,17,7045561
Mumbai,Studio,Semi-Furnished,3,2,1551,11,11,29,19854339
Gurugram,Apartment,Unfurnished,2,1,851,1,3,25,7756865
Hyderabad,Apartment,Furnished,1,1,370,17,11,12,2295719
Mumbai,Villa,Furnished,2,2,1018,19,11,27,28001576
Mumbai,Apartment,Semi-Furnished,3,2,1460,22,21,22,20418412
Chennai,Studio,Unfurnished,2,1,907,16,3,6,3785243
Noida,Plot,Furnished,1,1,526,2,11,21,2057160
Delhi,Apartment,Unfurnished,2,1,777,10,25,26,11086279
Delhi,Villa,Semi-Furnished,2,2,993,8,6,13,15166845
Hyderabad,Apartment,Unfurnished,2,1,860,15,14,25,3960797
Pune,Apartment,Unfurnished,2,1,1140,9,20,21,7696554
Chennai,Apartment,Furnished,2,2,845,0,24,32,5965901
Mumbai,Independent House,Unfurnished,3,3,1381,2,25,26,25123862
Mumbai,Plot,Semi-Furnished,2,1,996,24,16,27,8799009
Chennai,Plot,Unfurnished,3,3,1409,9,22,29,6264901
Hyderabad,Apartment,Furnished,2,1,969,12,12,32,2636526
Chennai,Villa,Semi-Furnished,3,2,1404,11,22,33,10321160
Bangalore,Apartment,Semi-Furnished,3,2,1518,6,16,22,11367385
Hyderabad,Villa,Unfurnished,4,3,1999,3,26,27,15218341
Mumbai,Villa,Semi-Furnished,2,2,1144,13,28,29,23186694
Pune,Apartment,Unfurnished,4,3,2018,4,10,15,8858096
Chennai,Villa,Unfurnished,1,1,429,19,1,6,2836352
Delhi,Villa,Unfurnished,3,3,1317,9,3,15,21528249
Mumbai,Independent House,Unfurnished,1,1,300,24,12,32,5233682
Noida,Independent House,Furnished,3,3,1360,2,9,10,8362711
Mumbai,Apartment,Unfurnished,2,1,957,22,10,11,11163677
Delhi,Apartment,Furnished,2,2,882,4,0,24,9637256
Pune,Studio,Unfurnished,3,3,1248,17,28,29,7638656
Bangalore,Apartment,Semi-Furnished,1,1,486,12,15,24,3202883
Chennai,Apartment,Unfurnished,1,1,507,24,21,22,3177694
Bangalore,Villa,Unfurnished,3,2,1521,0,3,5,15863189
Chennai,Apartment,Semi-Furnished,3,2,1616,13,1,32,8910586
Pune,Villa,Unfurnished,2,2,957,14,12,13,9995164
Pune,Independent House,Furnished,2,2,824,5,18,28,6866679
Bangalore,Apartment,Furnished,3,3,1381,10,18,34,8186833
Chennai,Independent House,Unfurnished,2,2,1125,20,17,18,7654461
Pune,Villa,Semi-Furnished,1,1,386,11,2,8,3147374
Mumbai,Apartment,Semi-Furnished,1,1,502,9,15,21,8866061
Mumbai,Apartment,Furnished,2,1,945,15,21,30,16971837
Pune,Plot,Unfurnished,2,1,852,22,24,25,2822659
Bangalore,Apartment,Unfurnished,1,1,381,23,21,25,1327652
Bangalore,Apartment,Furnished,5,4,2126,18,1,8,17832879
Chennai,Studio,Semi-Furnished,2,1,931,2,16,17,5053464
Delhi,Villa,Unfurnished,3,2,1496,1,24,25,16267056
Hyderabad,Independent House,Unfurnished,3,3,1179,15,15,26,5438736
Mumbai,Apartment,Semi-Furnished,1,1,300,7,19,25,3558193
Chennai,Apartment,Furnished,3,2,1458,6,19,20,10170268
Hyderabad,Apartment,Semi-Furnished,2,1,1032,1,6,30,6169626
Mumbai,Independent House,Semi-Furnished,2,1,849,13,26,27,13149172
Mumbai,Apartment,Unfurnished,3,3,1354,24,0,26,21348411
Mumbai,Apartment,Semi-Furnished,3,2,1522,16,3,33,24540989
Mumbai,Villa,Semi-Furnished,2,1,987,5,20,21,22194822
Delhi,Villa,Unfurnished,2,1,675,16,8,29,9334327
Hyderabad,Apartment,Semi-Furnished,3,2,1377,14,6,8,6285035
Chennai,Apartment,Semi-Furnished,4,3,1926,0,11,12,17519619
Bangalore,Villa,Unfurnished,3,3,1427,18,12,21,13406062
Gurugram,Independent House,Semi-Furnished,2,1,958,2,26,27,7616791
Delhi,Apartment,Semi-Furnished,3,3,1537,0,7,22,15223492
Delhi,Independent House,Unfurnished,5,4,2321,14,24,25,27404842
Hyderabad,Apartment,Unfurnished,2,2,962,12,7,34,5922604
Chennai,Independent House,Semi-Furnished,1,1,539,13,17,31,3439183
Chennai,Independent House,Unfurnished,2,2,957,8,22,23,3967759
Noida,Villa,Furnished,2,1,991,20,18,19,8187199
Pune,Apartment,Furnished,4,4,2047,6,26,27,12638539
Noida,Independent House,Semi-Furnished,4,3,1776,22,5,33,12707507
Delhi,Apartment,Semi-Furnished,2,1,945,23,6,29,8771880
Gurugram,Apartment,Semi-Furnished,1,1,567,12,26,27,6320523
Pune,Apartment,Unfurnished,2,2,874,23,17,29,5185805
Bangalore,Independent House,Semi-Furnished,3,3,1645,1,12,23,12288248
Noida,Plot,Semi-Furnished,5,5,2359,24,6,12,8117659
Mumbai,Apartment,Unfurnished,2,1,923,3,6,29,12718272
Bangalore,Independent House,Furnished,3,3,1483,21,24,25,10039132
Chennai,Independent House,Unfurnished,3,2,1336,8,20,26,9542964
Pune,Apartment,Semi-Furnished,3,3,1523,21,19,20,8970072
Delhi,Apartment,Semi-Furnished,4,3,2232,17,20,21,37977457
Gurugram,Independent House,Semi-Furnished,3,2,1367,4,3,21,15500053
Bangalore,Apartment,Unfurnished,2,1,953,1,19,20,5288586
Hyderabad,Apartment,Furnished,3,2,1486,17,5,6,8237164
Mumbai,Apartment,Unfurnished,2,2,1004,10,7,10,13746717
Pune,Plot,Unfurnished,2,1,945,1,8,17,3932417
Chennai,Apartment,Semi-Furnished,1,1,598,2,23,24,4029665
Hyderabad,Villa,Unfurnished,4,3,2096,18,27,28,11433081
Pune,Apartment,Semi-Furnished,2,1,880,0,17,24,4667134
Gurugram,Apartment,Unfurnished,3,3,1271,10,29,30,9217535
Bangalore,Apartment,Semi-Furnished,5,5,2507,0,29,30,15684207
Delhi,Villa,Semi-Furnished,2,1,709,22,14,15,7366983
Noida,Plot,Semi-Furnished,2,2,750,4,7,29,2899722
Mumbai,Independent House,Semi-Furnished,3,3,1345,15,26,33,26296303
Hyderabad,Plot,Semi-Furnished,3,2,1423,17,12,15,5474859
Mumbai,Apartment,Semi-Furnished,2,2,968,11,15,28,20627013
Mumbai,Apartment,Semi-Furnished,2,2,1039,14,10,20,17479479
Mumbai,Independent House,Furnished,2,2,736,17,16,17,15135201
Chennai,Villa,Furnished,2,2,1158,0,10,30,11448689
Noida,Independent House,Semi-Furnished,2,2,830,19,22,34,3944180
Hyderabad,Apartment,Unfurnished,3,3,1469,1,13,25,8615004
Pune,Apartment,Semi-Furnished,5,4,2321,17,9,11,11160004
Chennai,Plot,Unfurnished,2,1,1015,13,6,11,2784939
Bangalore,Apartment,Unfurnished,4,4,1766,23,10,11,8139391
